"ConversationListId","ConversationListEntryId"
"18230","4"
"209148","5"
"93601","5"
"204866","5"
"72227","6"
"219486","7"
"18232","8"
"172062","10"
"72404","10"
"300562","10"
"170610","10"
"56403","11"
"239319","11"
"56403","12"
"239319","12"
"80242","13"
"72899","13"
"112497","13"
"56403","14"
"239319","14"
"80242","15"
"72899","15"
"112497","15"
"18241","16"
"18241","17"
"18241","18"
"146403","20"
"143480","20"
"72227","21"
"80242","22"
"72899","22"
"112497","22"
"143487","24"
"80242","25"
"72899","25"
"112497","25"
"146399","28"
"143465","28"
"143461","29"
"146402","29"
"146403","30"
"143480","30"
"143487","31"
"146399","33"
"143465","33"
"170485","34"
"143487","36"
"143461","37"
"146402","37"
"146403","38"
"143480","38"
"146399","39"
"143465","39"
"143487","41"
"81310","42"
"143461","43"
"146402","43"
"81312","45"
"146403","46"
"143480","46"
"146399","47"
"143465","47"
"143487","48"
"143461","49"
"146402","49"
"146403","50"
"143480","50"
"146399","51"
"143465","51"
"143487","52"
"143461","53"
"146402","53"
"146403","54"
"143480","54"
"143461","55"
"146402","55"
"172062","56"
"72404","56"
"300562","56"
"170610","56"
"146399","57"
"143465","57"
"146403","58"
"143480","58"
"143487","59"
"172062","60"
"72404","60"
"300562","60"
"170610","60"
"80242","64"
"72899","64"
"112497","64"
"81313","66"
"81355","67"
"172062","68"
"72404","68"
"300562","68"
"170610","68"
"81313","69"
"81310","70"
"81312","71"
"110833","72"
"151709","72"
"72208","72"
"138264","72"
"166675","72"
"152530","72"
"81578","73"
"85831","74"
"169211","74"
"180077","75"
"72227","76"
"110833","77"
"151709","77"
"72208","77"
"138264","77"
"166675","77"
"152530","77"
"81578","78"
"81723","79"
"81582","79"
"215335","79"
"144369","82"
"204345","83"
"204234","83"
"294025","83"
"177300","83"
"58142","84"
"80512","84"
"120885","84"
"196382","84"
"144369","85"
"144369","87"
"144369","88"
"18241","89"
"80242","90"
"72899","90"
"112497","90"
"81723","91"
"81582","91"
"215335","91"
"81723","92"
"81582","92"
"215335","92"
"81723","93"
"81582","93"
"215335","93"
"160646","94"
"108635","94"
"153421","95"
"131906","96"
"73019","97"
"353440","97"
"93148","97"
"153430","98"
"153430","99"
"120124","100"
"108677","100"
"58142","102"
"80512","102"
"120885","102"
"196382","102"
"58142","103"
"80512","103"
"120885","103"
"196382","103"
"72334","104"
"131906","105"
"80242","106"
"72899","106"
"112497","106"
"58142","107"
"80512","107"
"120885","107"
"196382","107"
"58142","108"
"80512","108"
"120885","108"
"196382","108"
"72334","109"
"181329","110"
"58142","111"
"80512","111"
"120885","111"
"196382","111"
"80242","112"
"72899","112"
"112497","112"
"58142","113"
"80512","113"
"120885","113"
"196382","113"
"58142","114"
"80512","114"
"120885","114"
"196382","114"
"58142","116"
"80512","116"
"120885","116"
"196382","116"
"204345","117"
"204234","117"
"294025","117"
"177300","117"
"58142","118"
"80512","118"
"120885","118"
"196382","118"
"114095","120"
"199075","120"
"86439","121"
"215333","121"
"114095","122"
"199075","122"
"86439","123"
"215333","123"
"81726","124"
"81297","124"
"215334","124"
"81726","125"
"81297","125"
"215334","125"
"81726","126"
"81297","126"
"215334","126"
"81726","127"
"81297","127"
"215334","127"
"114095","128"
"199075","128"
"123450","129"
"80242","130"
"72899","130"
"112497","130"
"123450","131"
"58142","132"
"80512","132"
"120885","132"
"196382","132"
"110833","133"
"151709","133"
"72208","133"
"138264","133"
"166675","133"
"152530","133"
"72227","134"
"166675","137"
"110833","138"
"151709","138"
"72208","138"
"138264","138"
"166675","138"
"152530","138"
"72227","139"
"118271","140"
"204345","141"
"204234","141"
"294025","141"
"177300","141"
"118271","142"
"72227","143"
"118271","145"
"204345","146"
"204234","146"
"294025","146"
"177300","146"
"204345","147"
"204234","147"
"294025","147"
"177300","147"
"204345","148"
"204234","148"
"294025","148"
"177300","148"
"80242","149"
"72899","149"
"112497","149"
"72227","150"
"357003","151"
"356983","151"
"357006","151"
"357004","151"
"72227","152"
"110833","153"
"151709","153"
"72208","153"
"138264","153"
"166675","153"
"152530","153"
"81726","154"
"81297","154"
"215334","154"
"110833","157"
"151709","157"
"72208","157"
"138264","157"
"166675","157"
"152530","157"
"180889","162"
"81726","163"
"81297","163"
"215334","163"
"81726","164"
"81297","164"
"215334","164"
"81726","165"
"81297","165"
"215334","165"
"81726","166"
"81297","166"
"215334","166"
"81726","167"
"81297","167"
"215334","167"
"114095","168"
"199075","168"
"172062","170"
"72404","170"
"300562","170"
"170610","170"
"81726","171"
"81297","171"
"215334","171"
"113677","172"
"81726","173"
"81297","173"
"215334","173"
"136406","174"
"81726","175"
"81297","175"
"215334","175"
"85831","176"
"169211","176"
"72227","177"
"110833","179"
"151709","179"
"72208","179"
"138264","179"
"166675","179"
"152530","179"
"72227","180"
"172062","181"
"72404","181"
"300562","181"
"170610","181"
"120386","182"
"81726","183"
"81297","183"
"215334","183"
"81726","185"
"81297","185"
"215334","185"
"81726","186"
"81297","186"
"215334","186"
"58142","187"
"80512","187"
"120885","187"
"196382","187"
"72227","188"
"172062","189"
"72404","189"
"300562","189"
"170610","189"
"172062","190"
"72404","190"
"300562","190"
"170610","190"
"72227","191"
"172062","192"
"72404","192"
"300562","192"
"170610","192"
"181329","193"
"172062","202"
"72404","202"
"300562","202"
"170610","202"
"72227","203"
"172062","204"
"72404","204"
"300562","204"
"170610","204"
"172062","205"
"72404","205"
"300562","205"
"170610","205"
"172062","206"
"72404","206"
"300562","206"
"170610","206"
"172062","208"
"72404","208"
"300562","208"
"170610","208"
"172062","209"
"72404","209"
"300562","209"
"170610","209"
"74116","211"
"79546","213"
"79549","214"
"221184","215"
"86756","215"
"217511","216"
"217511","217"
"217511","218"
"217511","219"
"81723","220"
"81582","220"
"215335","220"
"204345","222"
"204234","222"
"294025","222"
"177300","222"
"204345","223"
"204234","223"
"294025","223"
"177300","223"
"204345","224"
"204234","224"
"294025","224"
"177300","224"
"204345","225"
"204234","225"
"294025","225"
"177300","225"
"221184","227"
"86756","227"
"205382","228"
"58142","229"
"80512","229"
"120885","229"
"196382","229"
"58142","230"
"80512","230"
"120885","230"
"196382","230"
"114095","232"
"199075","232"
"58142","233"
"80512","233"
"120885","233"
"196382","233"
"58142","234"
"80512","234"
"120885","234"
"196382","234"
"58142","235"
"80512","235"
"120885","235"
"196382","235"
"58142","236"
"80512","236"
"120885","236"
"196382","236"
"118271","238"
"110833","240"
"151709","240"
"72208","240"
"138264","240"
"166675","240"
"152530","240"
"163504","241"
"155902","241"
"144369","242"
"139708","243"
"139708","244"
"182019","245"
"182024","246"
"182029","247"
"182034","248"
"146212","249"
"181329","251"
"110833","253"
"151709","253"
"72208","253"
"138264","253"
"166675","253"
"152530","253"
"110833","254"
"151709","254"
"72208","254"
"138264","254"
"166675","254"
"152530","254"
"110833","255"
"151709","255"
"72208","255"
"138264","255"
"166675","255"
"152530","255"
"110833","256"
"151709","256"
"72208","256"
"138264","256"
"166675","256"
"152530","256"
"110833","261"
"151709","261"
"72208","261"
"138264","261"
"166675","261"
"152530","261"
"58571","262"
"143461","263"
"146402","263"
"146399","264"
"143465","264"
"110833","265"
"151709","265"
"72208","265"
"138264","265"
"166675","265"
"152530","265"
"58571","266"
"146403","267"
"143480","267"
"110833","268"
"151709","268"
"72208","268"
"138264","268"
"166675","268"
"152530","268"
"58571","269"
"110833","270"
"151709","270"
"72208","270"
"138264","270"
"166675","270"
"152530","270"
"58571","272"
"58571","273"
"209148","274"
"93601","274"
"204866","274"
"58571","275"
"81723","276"
"81582","276"
"215335","276"
"80242","277"
"72899","277"
"112497","277"
"204345","280"
"204234","280"
"294025","280"
"177300","280"
"204345","281"
"204234","281"
"294025","281"
"177300","281"
"118271","282"
"58142","283"
"80512","283"
"120885","283"
"196382","283"
"209148","284"
"93601","284"
"204866","284"
"209148","285"
"93601","285"
"204866","285"
"209148","286"
"93601","286"
"204866","286"
"123450","287"
"172062","288"
"72404","288"
"300562","288"
"170610","288"
"172062","289"
"72404","289"
"300562","289"
"170610","289"
"155778","291"
"155828","292"
"155830","294"
"155825","296"
"209148","297"
"93601","297"
"204866","297"
"123450","298"
"73019","299"
"353440","299"
"93148","299"
"123450","300"
"123450","301"
"123450","302"
"123450","303"
"123450","304"
"168814","306"
"82271","306"
"79546","313"
"79549","314"
"221184","315"
"86756","315"
"79546","316"
"79549","319"
"221184","320"
"86756","320"
"58571","322"
"163504","323"
"155902","323"
"120386","324"
"86439","325"
"215333","325"
"118271","326"
"120386","329"
"73019","331"
"353440","331"
"93148","331"
"18241","333"
"163504","336"
"155902","336"
"110833","338"
"151709","338"
"72208","338"
"138264","338"
"166675","338"
"152530","338"
"168814","339"
"82271","339"
"139728","340"
"163504","342"
"155902","342"
"81311","344"
"58142","345"
"80512","345"
"120885","345"
"196382","345"
"110833","349"
"151709","349"
"72208","349"
"138264","349"
"166675","349"
"152530","349"
"110833","350"
"151709","350"
"72208","350"
"138264","350"
"166675","350"
"152530","350"
"160646","354"
"108635","354"
"56403","355"
"239319","355"
"114095","356"
"199075","356"
"168814","357"
"82271","357"
"114095","358"
"199075","358"
"58142","360"
"80512","360"
"120885","360"
"196382","360"
"163504","361"
"155902","361"
"103489","362"
"110833","363"
"151709","363"
"72208","363"
"138264","363"
"166675","363"
"152530","363"
"177839","366"
"163504","368"
"155902","368"
"209148","370"
"93601","370"
"204866","370"
"80242","371"
"72899","371"
"112497","371"
"72227","372"
"209148","374"
"93601","374"
"204866","374"
"209148","375"
"93601","375"
"204866","375"
"72227","376"
"120386","379"
"174195","382"
"85831","384"
"169211","384"
"182024","387"
"182019","388"
"182029","389"
"120386","390"
"76998","392"
"131906","393"
"76998","395"
"139708","396"
"139728","397"
"177839","398"
"182024","405"
"182019","406"
"182029","409"
"182024","410"
"182019","411"
"182029","412"
"166722","413"
"166722","414"
"166722","415"
"146212","416"
"166773","418"
"166773","419"
"166773","420"
"104074","421"
"80242","432"
"72899","432"
"112497","432"
"58142","434"
"80512","434"
"120885","434"
"196382","434"
"131906","437"
"202734","440"
"114095","441"
"199075","441"
"80242","445"
"72899","445"
"112497","445"
"81723","447"
"81582","447"
"215335","447"
"81723","449"
"81582","449"
"215335","449"
"80242","450"
"72899","450"
"112497","450"
"81723","451"
"81582","451"
"215335","451"
"72227","453"
"81726","454"
"81297","454"
"215334","454"
"104074","455"
"81723","456"
"81582","456"
"215335","456"
"80242","458"
"72899","458"
"112497","458"
"58142","459"
"80512","459"
"120885","459"
"196382","459"
"86439","460"
"215333","460"
"81723","461"
"81582","461"
"215335","461"
"81726","462"
"81297","462"
"215334","462"
"204345","464"
"204234","464"
"294025","464"
"177300","464"
"81723","465"
"81582","465"
"215335","465"
"80242","466"
"72899","466"
"112497","466"
"172062","467"
"72404","467"
"300562","467"
"170610","467"
"81723","468"
"81582","468"
"215335","468"
"85831","469"
"169211","469"
"81723","470"
"81582","470"
"215335","470"
"81723","473"
"81582","473"
"215335","473"
"110833","474"
"151709","474"
"72208","474"
"138264","474"
"166675","474"
"152530","474"
"110833","475"
"151709","475"
"72208","475"
"138264","475"
"166675","475"
"152530","475"
"110833","477"
"151709","477"
"72208","477"
"138264","477"
"166675","477"
"152530","477"
"110833","478"
"151709","478"
"72208","478"
"138264","478"
"166675","478"
"152530","478"
"81723","480"
"81582","480"
"215335","480"
"81723","481"
"81582","481"
"215335","481"
"81723","485"
"81582","485"
"215335","485"
"81723","489"
"81582","489"
"215335","489"
"104571","490"
"104574","491"
"18151","493"
"221184","495"
"86756","495"
"168814","497"
"82271","497"
"113677","498"
"113677","499"
"113677","501"
"131694","504"
"139619","504"
"131694","506"
"139619","506"
"134234","507"
"134234","508"
"134234","509"
"134234","510"
"134234","511"
"131694","512"
"139619","512"
"110833","513"
"151709","513"
"72208","513"
"138264","513"
"166675","513"
"152530","513"
"131694","515"
"139619","515"
"81726","516"
"81297","516"
"215334","516"
"131694","517"
"139619","517"
"60201","521"
"149817","524"
"336120","525"
"131906","526"
"357003","527"
"356983","527"
"357006","527"
"357004","527"
"114095","528"
"199075","528"
"205382","529"
"209148","531"
"93601","531"
"204866","531"
"168814","535"
"82271","535"
"172062","536"
"72404","536"
"300562","536"
"170610","536"
"105376","538"
"204345","539"
"204234","539"
"294025","539"
"177300","539"
"181329","540"
"181329","541"
"181329","542"
"181329","544"
"181329","545"
"86439","551"
"215333","551"
"86439","552"
"215333","552"
"86439","554"
"215333","554"
"204345","555"
"204234","555"
"294025","555"
"177300","555"
"86439","556"
"215333","556"
"204345","557"
"204234","557"
"294025","557"
"177300","557"
"86439","558"
"215333","558"
"204345","559"
"204234","559"
"294025","559"
"177300","559"
"204345","560"
"204234","560"
"294025","560"
"177300","560"
"204345","562"
"204234","562"
"294025","562"
"177300","562"
"204345","563"
"204234","563"
"294025","563"
"177300","563"
"204345","564"
"204234","564"
"294025","564"
"177300","564"
"204345","565"
"204234","565"
"294025","565"
"177300","565"
"204345","566"
"204234","566"
"294025","566"
"177300","566"
"204345","567"
"204234","567"
"294025","567"
"177300","567"
"204345","568"
"204234","568"
"294025","568"
"177300","568"
"204345","569"
"204234","569"
"294025","569"
"177300","569"
"204345","570"
"204234","570"
"294025","570"
"177300","570"
"79546","572"
"79549","573"
"221184","574"
"86756","574"
"105376","575"
"204345","576"
"204234","576"
"294025","576"
"177300","576"
"74116","577"
"204345","579"
"204234","579"
"294025","579"
"177300","579"
"113677","580"
"204345","581"
"204234","581"
"294025","581"
"177300","581"
"204345","582"
"204234","582"
"294025","582"
"177300","582"
"166722","584"
"204345","585"
"204234","585"
"294025","585"
"177300","585"
"166722","586"
"177671","588"
"177651","588"
"166722","589"
"166722","590"
"166722","592"
"166722","593"
"204345","595"
"204234","595"
"294025","595"
"177300","595"
"204345","597"
"204234","597"
"294025","597"
"177300","597"
"72334","602"
"204345","604"
"204234","604"
"294025","604"
"177300","604"
"177671","616"
"177651","616"
"80242","622"
"72899","622"
"112497","622"
"110833","623"
"151709","623"
"72208","623"
"138264","623"
"166675","623"
"152530","623"
"180889","624"
"180889","625"
"180889","626"
"180889","627"
"180889","628"
"180889","629"
"180889","630"
"180889","631"
"180889","634"
"106160","637"
"177839","638"
"104074","644"
"166722","658"
"123450","675"
"79540","683"
"110833","685"
"151709","685"
"72208","685"
"138264","685"
"166675","685"
"152530","685"
"80242","698"
"72899","698"
"112497","698"
"209148","702"
"93601","702"
"204866","702"
"110833","705"
"151709","705"
"72208","705"
"138264","705"
"166675","705"
"152530","705"
"79546","716"
"79549","718"
"172062","730"
"72404","730"
"300562","730"
"170610","730"
"172062","732"
"72404","732"
"300562","732"
"170610","732"
"180077","733"
"85831","736"
"169211","736"
"204345","738"
"204234","738"
"294025","738"
"177300","738"
"146212","739"
"182034","741"
"182034","742"
"182034","743"
"86439","744"
"215333","744"
"182034","745"
"182034","746"
"182034","749"
"86439","754"
"215333","754"
"180077","756"
"86439","758"
"215333","758"
"196174","760"
"180077","761"
"86439","762"
"215333","762"
"160646","764"
"108635","764"
"154149","765"
"86439","767"
"215333","767"
"86439","773"
"215333","773"
"139728","777"
"139728","778"
"142559","779"
"205283","783"
"110833","785"
"151709","785"
"72208","785"
"138264","785"
"166675","785"
"152530","785"
"110833","786"
"151709","786"
"72208","786"
"138264","786"
"166675","786"
"152530","786"
"110833","787"
"151709","787"
"72208","787"
"138264","787"
"166675","787"
"152530","787"
"163504","790"
"155902","790"
"204209","791"
"58142","792"
"80512","792"
"120885","792"
"196382","792"
"79546","793"
"115925","796"
"221184","799"
"86756","799"
"160646","802"
"108635","802"
"209148","804"
"93601","804"
"204866","804"
"209148","805"
"93601","805"
"204866","805"
"209148","806"
"93601","806"
"204866","806"
"114095","811"
"199075","811"
"172062","812"
"72404","812"
"300562","812"
"170610","812"
"182034","813"
"182034","814"
"182034","815"
"182034","816"
"182034","817"
"139708","819"
"107079","820"
"139708","821"
"120124","822"
"108677","822"
"113677","824"
"58142","825"
"80512","825"
"120885","825"
"196382","825"
"107079","827"
"172062","828"
"72404","828"
"300562","828"
"170610","828"
"163504","829"
"155902","829"
"80242","830"
"72899","830"
"112497","830"
"146399","831"
"143465","831"
"58142","832"
"80512","832"
"120885","832"
"196382","832"
"18140","834"
"58142","835"
"80512","835"
"120885","835"
"196382","835"
"143461","836"
"146402","836"
"58142","837"
"80512","837"
"120885","837"
"196382","837"
"110833","840"
"151709","840"
"72208","840"
"138264","840"
"166675","840"
"152530","840"
"172062","842"
"72404","842"
"300562","842"
"170610","842"
"58142","847"
"80512","847"
"120885","847"
"196382","847"
"110833","848"
"151709","848"
"72208","848"
"138264","848"
"166675","848"
"152530","848"
"110833","849"
"151709","849"
"72208","849"
"138264","849"
"166675","849"
"152530","849"
"209148","850"
"93601","850"
"204866","850"
"110833","851"
"151709","851"
"72208","851"
"138264","851"
"166675","851"
"152530","851"
"209148","852"
"93601","852"
"204866","852"
"107479","853"
"460077","854"
"460077","855"