"SNOConversation","I0","I1","I2","GbidItem","Noname1","Noname2","SNOQuestCurrent","I3","SNOQuestAssigned","SNOQuestActive","SNOQuestComplete","SNOQuestRange","SNOLevelArea","Id","Act"
"17948","0","6","3","-1","","","-1","-2","-1","-1","-1","-1","-1","1","100"
"17949","0","7","3","-1","","","-1","-2","-1","-1","-1","-1","-1","2","100"
"17961","0","2","3","-1","","","-1","1","-1","30845","-1","-1","-1","3","100"
"17971","1","11","3","-1","","","-1","-2","-1","87614","-1","-1","-1","4","100"
"134423","5","11","3","-1","","","-1","-1","-1","101756","-1","-1","-1","5","200"
"80681","1","13","3","-1","","","-1","-1","-1","72061","-1","-1","-1","6","0"
"17983","0","9","3","-1","","","-1","1","-1","62458","-1","-1","-1","7","100"
"17984","0","9","3","-1","","","-1","-1","-1","30848","-1","-1","-1","8","100"
"143386","0","13","3","-1","","","-1","-2","-1","-1","-1","-1","-1","9","0"
"143392","3","10","3","-1","","","-1","35","-1","72221","-1","-1","-1","10","0"
"18012","1","13","3","-1","","","-1","-1","-1","30850","-1","-1","-1","11","100"
"18020","1","13","3","-1","","","-1","15","-1","30850","-1","-1","-1","12","100"
"170290","3","10","3","-1","","","-1","0","-1","-1","-1","-1","-1","13","100"
"18023","1","13","3","-1","","","-1","12","-1","30850","-1","-1","-1","14","100"
"170299","0","10","3","-1","","","-1","0","-1","-1","-1","-1","-1","15","100"
"18037","0","13","3","-1","","","-1","3","-1","30857","-1","-1","-1","16","100"
"18038","0","13","3","-1","","","-1","2","-1","30857","-1","-1","-1","17","100"
"18039","1","11","3","-1","","","-1","0","-1","30857","-1","-1","-1","18","100"
"215107","0","13","3","-1","","","-1","44","-1","113910","-1","-1","-1","19","300"
"143474","0","9","3","-1","","","-1","-1","-1","80322","-1","-1","-1","20","100"
"179303","0","10","3","-1","","","-1","21","-1","72095","-1","-1","-1","21","0"
"170349","3","10","3","-1","","","-1","0","-1","-1","-1","-1","-1","22","100"
"18080","0","2","3","-1","","","-1","54","-1","80322","-1","-1","-1","23","100"
"143482","0","9","3","-1","","","-1","-1","-1","80322","-1","-1","-1","24","100"
"170373","3","10","3","-1","","","-1","0","-1","-1","-1","-1","-1","25","100"
"18110","0","11","3","-1","","","-1","-2","-1","-1","-1","-1","-1","26","-1"
"179339","0","9","3","-1","","","-1","0","-1","-1","-1","-1","-1","27","0"
"143580","0","9","3","-1","","","-1","58","-1","93396","-1","-1","-1","28","100"
"143587","0","9","3","-1","","","-1","58","-1","93396","-1","-1","-1","29","100"
"143592","0","9","3","-1","","","-1","58","-1","93396","-1","-1","-1","30","100"
"143597","0","9","3","-1","","","-1","58","-1","93396","-1","-1","-1","31","100"
"143611","0","9","3","-1","","","-1","1","-1","73774","-1","-1","-1","32","0"
"143614","0","9","3","-1","","","-1","0","-1","57331","-1","-1","-1","33","100"
"170486","1","13","3","-1","","","-1","4","-1","101756","-1","-1","-1","34","200"
"143627","0","9","3","-1","","","-1","1","-1","73774","-1","-1","-1","35","0"
"143630","0","9","3","-1","","","-1","0","-1","57331","-1","-1","-1","36","100"
"143637","0","9","3","-1","","","-1","0","-1","57331","-1","-1","-1","37","100"
"143649","0","9","3","-1","","","-1","-1","-1","57331","-1","-1","-1","38","100"
"143659","0","9","3","-1","","","-1","1","-1","78264","-1","-1","-1","39","100"
"215318","0","13","3","-1","","","-1","-1","-1","101750","-1","-1","-1","40","200"
"143669","0","9","3","-1","","","-1","1","-1","78264","-1","-1","-1","41","100"
"80978","0","9","3","-1","","","-1","46","-1","93396","-1","-1","-1","42","100"
"143680","0","9","3","-1","","","-1","1","-1","78264","-1","-1","-1","43","100"
"134723","0","13","3","-1","","","-1","-1","-1","101750","-1","-1","-1","44","200"
"80984","0","9","3","-1","","","-1","46","-1","93396","-1","-1","-1","45","100"
"143691","0","9","3","-1","","","-1","1","-1","78264","-1","-1","-1","46","100"
"143701","0","9","3","-1","","","-1","1","-1","78266","-1","-1","-1","47","100"
"143709","0","9","3","-1","","","-1","1","-1","78266","-1","-1","-1","48","100"
"143713","0","9","3","-1","","","-1","1","-1","78266","-1","-1","-1","49","100"
"143717","0","9","3","-1","","","-1","1","-1","78266","-1","-1","-1","50","100"
"143722","0","9","3","-1","","","-1","47","-1","57335","-1","-1","-1","51","100"
"143727","0","9","3","-1","","","-1","47","-1","57335","-1","-1","-1","52","100"
"143731","0","9","3","-1","","","-1","47","-1","57335","-1","-1","-1","53","100"
"143735","0","9","3","-1","","","-1","47","-1","57335","-1","-1","-1","54","100"
"143739","0","9","3","-1","","","-1","25","-1","57337","-1","-1","-1","55","100"
"170611","3","10","3","-1","","","-1","0","-1","-1","-1","-1","-1","56","200"
"143743","0","9","3","-1","","","-1","25","-1","57337","-1","-1","-1","57","100"
"143747","0","9","3","-1","","","-1","25","-1","57337","-1","-1","-1","58","100"
"143751","0","9","3","-1","","","-1","25","-1","57337","-1","-1","-1","59","100"
"170625","0","10","3","-1","","","-1","0","-1","-1","-1","-1","-1","60","200"
"134884","0","7","3","-1","","","-1","-2","-1","-1","-1","-1","-1","61","100"
"134886","0","7","3","-1","","","-1","-2","-1","-1","-1","-1","-1","62","100"
"81171","0","7","3","-1","","","-1","13","-1","57331","-1","-1","-1","63","100"
"81221","0","10","3","-1","","","-1","-1","-1","80322","-1","-1","-1","64","100"
"161840","5","9","3","-1","","","-1","0","-1","-1","-1","-1","-1","65","100"
"81314","0","9","3","-1","","","-1","46","-1","93396","-1","-1","-1","66","100"
"81351","1","13","3","-1","","","-1","48","-1","93396","-1","-1","-1","67","100"
"72402","0","11","3","-1","","","-1","32","-1","72095","-1","-1","-1","68","0"
"81365","0","9","3","-1","","","-1","5","-1","74128","-1","-1","-1","69","100"
"81368","0","9","3","-1","","","-1","5","-1","74128","-1","-1","-1","70","100"
"81371","0","9","3","-1","","","-1","5","-1","74128","-1","-1","-1","71","100"
"72416","0","10","3","-1","","","-1","46","-1","87700","-1","-1","-1","72","0"
"108256","1","13","3","-1","","","-1","71","-1","72738","-1","-1","-1","73","0"
"90424","0","13","3","-1","","","-1","54","-1","80322","-1","-1","-1","74","100"
"180063","1","13","3","-1","","","-1","2","-1","78266","-1","-1","-1","75","100"
"117371","1","13","3","-1","","","-1","52","-1","72061","-1","-1","-1","76","0"
"81573","0","10","3","-1","","","-1","-1","-1","78266","-1","-1","-1","77","100"
"81576","1","13","3","-1","","","-1","26","-1","72738","-1","-1","-1","78","0"
"81580","3","10","3","-1","","","-1","26","-1","72738","-1","-1","-1","79","0"
"144356","5","9","3","-1","","","-1","-2","-1","-1","-1","-1","-1","80","100"
"144358","0","9","3","-1","","","-1","-2","-1","-1","-1","-1","-1","81","100"
"144370","0","10","3","-1","","","-1","-1","-1","80322","-1","-1","-1","82","100"
"135414","0","10","3","-1","","","-1","2","-1","72801","-1","-1","-1","83","0"
"81674","1","13","3","-1","","","-1","15","-1","78264","-1","-1","-1","84","100"
"144392","0","10","3","-1","","","-1","58","-1","93396","-1","-1","-1","85","100"
"1080","1","13","3","-1","","","-1","-2","-1","-1","-1","-1","-1","86","-1"
"144394","0","10","3","-1","","","-1","-1","-1","78264","-1","-1","-1","87","100"
"144397","0","10","3","-1","","","-1","25","-1","57337","-1","-1","-1","88","100"
"1099","0","7","3","-1","","","-1","3","-1","30857","-1","-1","-1","89","100"
"81735","0","10","3","-1","","","-1","-1","-1","57331","-1","-1","-1","90","100"
"207140","3","10","3","-1","","","-1","17","-1","114901","-1","-1","-1","91","300"
"207144","0","10","3","-1","","","-1","17","-1","114901","-1","-1","-1","92","300"
"207154","0","10","3","-1","","","-1","17","-1","114901","-1","-1","-1","93","300"
"108631","1","13","3","-1","","","-1","18","-1","93684","-1","-1","-1","94","200"
"153422","1","13","3","-1","","","-1","-1","-1","153424","-1","-1","-1","95","200"
"171337","0","10","3","-1","","","-1","13","-1","112498","-1","-1","-1","96","300"
"72817","1","11","3","-1","","","-1","34","-1","73236","-1","-1","-1","97","0"
"153431","0","13","3","-1","","","-1","-1","-1","153424","-1","-1","-1","98","200"
"153435","1","13","3","-1","","","-1","1","-1","153424","-1","-1","-1","99","200"
"108672","0","11","3","-1","","","-1","46","-1","87700","-1","-1","-1","100","0"
"108687","0","2","3","-1","","","-1","46","-1","87700","-1","-1","-1","101","0"
"144526","0","10","3","-1","","","-1","2","-1","78266","-1","-1","-1","102","100"
"144541","3","10","3","-1","","","-1","26","-1","78266","-1","-1","-1","103","100"
"198292","1","13","3","-1","","","-1","43","-1","72221","-1","-1","-1","104","0"
"171423","0","10","3","-1","","","-1","13","-1","112498","-1","-1","-1","105","300"
"72897","1","13","3","-1","","","-1","-2","-1","-1","-1","-1","-1","106","0"
"144556","0","10","3","-1","","","-1","26","-1","78266","-1","-1","-1","107","100"
"144560","0","10","3","-1","","","-1","21","-1","78264","-1","-1","-1","108","100"
"198312","1","13","3","-1","","","-1","45","-1","72221","-1","-1","-1","109","0"
"108743","0","2","3","-1","","","-1","46","-1","87700","-1","-1","-1","110","0"
"144574","0","10","3","-1","","","-1","-1","-1","57337","-1","-1","-1","111","100"
"180403","3","10","3","-1","","","-1","2","-1","78266","-1","-1","-1","112","100"
"144595","0","10","3","-1","","","-1","2","-1","78266","-1","-1","-1","113","100"
"144611","0","10","3","-1","","","-1","33","-1","57337","-1","-1","-1","114","100"
"207331","1","13","3","-1","","","-1","2","-1","207236","-1","-1","-1","115","200"
"144641","3","10","3","-1","","","-1","-1","-1","121792","-1","-1","-1","116","100"
"162560","3","10","3","-1","","","-1","-1","-1","80322","-1","-1","-1","117","100"
"144656","0","10","3","-1","","","-1","3","-1","121792","-1","-1","-1","118","100"
"144670","0","2","3","-1","","","-1","-1","-1","57335","-1","-1","-1","119","100"
"171563","0","10","3","-1","","","-1","33","-1","113910","-1","-1","-1","120","300"
"207404","3","10","3","-1","","","-1","17","-1","114901","-1","-1","-1","121","300"
"171579","0","10","3","-1","","","-1","33","-1","113910","-1","-1","-1","122","300"
"207408","0","10","3","-1","","","-1","17","-1","114901","-1","-1","-1","123","300"
"153679","3","10","3","-1","","","-1","-1","-1","80322","-1","-1","-1","124","100"
"153681","3","10","3","-1","","","-1","-1","-1","93396","-1","-1","-1","125","100"
"153683","3","10","3","-1","","","-1","-1","-1","78266","-1","-1","-1","126","100"
"153685","3","10","3","-1","","","-1","-1","-1","57337","-1","-1","-1","127","100"
"171617","0","10","3","-1","","","-1","33","-1","113910","-1","-1","-1","128","300"
"198503","1","13","3","-1","","","-1","46","-1","87700","-1","-1","-1","129","0"
"171645","3","10","3","-1","","","-1","-1","-1","112498","-1","-1","-1","130","300"
"198521","1","13","3","-1","","","-1","55","-1","87700","-1","-1","-1","131","0"
"82083","0","10","3","-1","","","-1","2","-1","78266","-1","-1","-1","132","100"
"198541","1","13","3","-1","","","-1","26","-1","87700","-1","-1","-1","133","0"
"73171","0","10","3","-1","","","-1","21","-1","72095","-1","-1","-1","134","0"
"207532","0","2","3","-1","","","-1","-1","-1","112498","-1","-1","-1","135","300"
"207536","0","2","3","-1","","","-1","-1","-1","114795","-1","-1","-1","136","300"
"198588","1","13","3","-1","","","-1","45","-1","72095","-1","-1","-1","137","0"
"198617","1","13","3","-1","","","-1","32","-1","72095","-1","-1","-1","138","0"
"198622","0","7","3","-1","","","-1","32","-1","72095","-1","-1","-1","139","0"
"144882","0","10","3","-1","","","-1","1","-1","117779","-1","-1","-1","140","0"
"162816","3","10","3","-1","","","-1","-1","-1","57331","-1","-1","-1","141","100"
"144904","0","10","3","-1","","","-1","8","-1","72738","-1","-1","-1","142","0"
"118037","1","13","3","-1","","","-1","5","-1","117779","-1","-1","-1","143","0"
"91175","0","7","3","-1","","","-1","9","-1","73236","-1","-1","-1","144","0"
"144919","0","10","3","-1","","","-1","34","-1","73236","-1","-1","-1","145","0"
"162836","3","10","3","-1","","","-1","-1","-1","57335","-1","-1","-1","146","100"
"162845","3","10","3","-1","","","-1","-1","-1","57337","-1","-1","-1","147","100"
"162847","3","10","3","-1","","","-1","-1","-1","93595","-1","-1","-1","148","200"
"144935","3","10","3","-1","","","-1","13","-1","72801","-1","-1","-1","149","0"
"198691","1","13","3","-1","","","-1","21","-1","72095","-1","-1","-1","150","0"
"153918","0","10","3","-1","","","-1","-1","-1","114795","-1","-1","-1","151","300"
"198706","1","13","3","-1","","","-1","-1","-1","117779","-1","-1","-1","152","0"
"198713","1","13","3","-1","","","-1","-1","-1","72738","-1","-1","-1","153","0"
"153954","3","10","3","-1","","","-1","-1","-1","93595","-1","-1","-1","154","200"
"91259","0","9","3","-1","","","-1","-1","-1","93396","-1","-1","-1","155","100"
"91262","0","9","3","-1","","","-1","5","-1","74128","-1","-1","-1","156","100"
"198760","0","13","3","-1","","","-1","6","-1","101750","-1","-1","-1","157","200"
"180862","0","9","3","-1","","","-1","0","-1","-1","-1","-1","-1","158","100"
"180867","0","9","3","-1","","","-1","0","-1","-1","-1","-1","-1","159","100"
"180872","0","9","3","-1","","","-1","-1","-1","57331","-1","-1","-1","160","100"
"180879","0","9","3","-1","","","-1","-2","-1","57331","-1","-1","-1","161","100"
"180885","0","9","3","-1","","","-1","0","-1","-1","-1","-1","-1","162","100"
"207775","3","10","3","-1","","","-1","0","-1","-1","-1","-1","-1","163","300"
"207779","0","10","3","-1","","","-1","0","-1","-1","-1","-1","-1","164","300"
"207783","0","10","3","-1","","","-1","0","-1","-1","-1","-1","-1","165","300"
"154080","3","10","3","-1","","","-1","-1","-1","93684","-1","-1","-1","166","200"
"154082","3","10","3","-1","","","-1","-1","-1","101756","-1","-1","-1","167","200"
"207841","5","11","3","-1","","","-1","33","-1","113910","-1","-1","-1","168","300"
"198925","0","13","3","-1","","","-1","71","-1","72738","-1","-1","-1","169","0"
"172069","3","10","3","-1","","","-1","0","-1","-1","-1","-1","-1","170","100"
"145225","3","10","3","-1","","","-1","6","-1","72061","-1","-1","-1","171","0"
"109471","0","9","3","-1","","","-1","46","-1","87700","-1","-1","-1","172","0"
"154276","3","10","3","-1","","","-1","-1","-1","93691","-1","-1","-1","173","200"
"136385","1","13","3","-1","","","-1","-1","-1","72546","-1","-1","-1","174","0"
"154300","3","10","3","-1","","","-1","-1","-1","114901","-1","-1","-1","175","300"
"145343","1","13","3","-1","","","-1","54","-1","80322","-1","-1","-1","176","100"
"154319","0","10","3","-1","","","-1","0","-1","-1","-1","-1","-1","177","0"
"190169","0","7","3","-1","","","-1","90","-1","72738","-1","-1","-1","178","0"
"190177","0","7","3","-1","","","-1","0","-1","-1","-1","-1","-1","179","0"
"154353","0","10","3","-1","","","-1","0","-1","-1","-1","-1","-1","180","0"
"172282","3","10","3","-1","","","-1","0","-1","-1","-1","-1","-1","181","100"
"190199","0","13","3","-1","","","-1","69","-1","73236","-1","-1","-1","182","0"
"145415","3","10","3","-1","","","-1","-1","-1","72738","-1","-1","-1","183","0"
"190201","0","13","3","-1","","","-1","69","-1","73236","-1","-1","-1","184","0"
"145417","3","10","3","-1","","","-1","65","-1","73236","-1","-1","-1","185","0"
"145419","3","10","3","-1","","","-1","-1","-1","72801","-1","-1","-1","186","0"
"82727","1","13","3","-1","","","-1","-2","-1","-1","-1","-1","-1","187","100"
"154387","3","10","3","-1","","","-1","0","-1","-1","-1","-1","-1","188","0"
"172307","3","10","3","-1","","","-1","0","-1","-1","-1","-1","-1","189","100"
"172326","3","10","3","-1","","","-1","0","-1","-1","-1","-1","-1","190","100"
"154420","3","10","3","-1","","","-1","-2","-1","-1","-1","-1","-1","191","0"
"172359","3","10","3","-1","","","-1","0","-1","-1","-1","-1","-1","192","100"
"181330","0","11","3","-1","","","-1","0","-1","-1","-1","-1","-1","193","0"
"217187","0","13","3","-1","","","-1","15","-1","112498","-1","-1","-1","194","300"
"217221","0","13","3","-1","","","-1","15","-1","112498","-1","-1","-1","195","300"
"217223","0","13","3","-1","","","-1","15","-1","112498","-1","-1","-1","196","300"
"217226","0","13","3","-1","","","-1","15","-1","112498","-1","-1","-1","197","300"
"217228","0","13","3","-1","","","-1","15","-1","112498","-1","-1","-1","198","300"
"217230","0","13","3","-1","","","-1","15","-1","112498","-1","-1","-1","199","300"
"217232","0","13","3","-1","","","-1","15","-1","112498","-1","-1","-1","200","300"
"217239","0","13","3","-1","","","-1","15","-1","112498","-1","-1","-1","201","300"
"172464","3","10","3","-1","","","-1","0","-1","-1","-1","-1","-1","202","100"
"154570","0","10","3","-1","","","-1","41","-1","72221","-1","-1","-1","203","0"
"172517","0","10","3","-1","","","-1","0","-1","-1","-1","-1","-1","204","200"
"172554","0","10","3","-1","","","-1","0","-1","-1","-1","-1","-1","205","200"
"172563","3","10","3","-1","","","-1","0","-1","-1","-1","-1","-1","206","200"
"217364","0","13","3","-1","","","-1","15","-1","112498","-1","-1","-1","207","300"
"172588","3","10","3","-1","","","-1","0","-1","-1","-1","-1","-1","208","200"
"172602","3","10","3","-1","","","-1","0","-1","-1","-1","-1","-1","209","200"
"217405","0","13","3","-1","","","-1","15","-1","112498","-1","-1","-1","210","300"
"74121","0","11","3","-1","","","-1","-1","-1","105496","-1","-1","-1","211","0"
"217436","0","13","3","-1","","","-1","15","-1","112498","-1","-1","-1","212","300"
"101024","0","9","3","-1","","","-1","1","-1","87700","-1","-1","-1","213","0"
"101026","0","9","3","-1","","","-1","1","-1","87700","-1","-1","-1","214","0"
"101029","0","9","3","-1","","","-1","-1","-1","87700","-1","-1","-1","215","0"
"217505","1","11","3","-1","","","-1","0","-1","-1","-1","-1","-1","216","100"
"217512","0","11","3","-1","","","-1","0","-1","-1","-1","-1","-1","217","100"
"217514","0","11","3","-1","","","-1","0","-1","-1","-1","-1","-1","218","100"
"217516","0","11","3","-1","","","-1","0","-1","-1","-1","-1","-1","219","100"
"118999","3","10","3","-1","","","-1","-2","-1","-1","-1","-1","-1","220","0"
"145891","1","13","3","-1","","","-1","47","-1","57335","-1","-1","-1","221","100"
"163809","0","10","3","-1","","","-1","-1","-1","93684","-1","-1","-1","222","200"
"163811","3","10","3","-1","","","-1","-1","-1","93691","-1","-1","-1","223","200"
"163813","3","10","3","-1","","","-1","-1","-1","101756","-1","-1","-1","224","200"
"163815","3","10","3","-1","","","-1","-1","-1","114901","-1","-1","-1","225","300"
"136945","0","2","3","-1","","","-1","46","-1","87700","-1","-1","-1","226","0"
"136980","0","2","3","-1","","","-1","46","-1","87700","-1","-1","-1","227","0"
"199698","1","11","3","-1","","","-1","14","-1","114795","-1","-1","-1","228","300"
"181800","0","7","3","-1","","","-1","2","-1","78266","-1","-1","-1","229","100"
"181807","0","7","3","-1","","","-1","11","-1","78266","-1","-1","-1","230","100"
"137024","0","2","3","-1","","","-1","46","-1","87700","-1","-1","-1","231","0"
"199726","1","13","3","-1","","","-1","5","-1","114901","-1","-1","-1","232","300"
"181813","0","7","3","-1","","","-1","11","-1","78266","-1","-1","-1","233","100"
"181815","0","7","3","-1","","","-1","11","-1","78266","-1","-1","-1","234","100"
"181829","0","7","3","-1","","","-1","14","-1","57339","-1","-1","-1","235","100"
"181836","0","7","3","-1","","","-1","14","-1","57339","-1","-1","-1","236","100"
"181910","1","13","3","-1","","","-1","50","-1","72061","-1","-1","-1","237","0"
"181912","1","13","3","-1","","","-1","50","-1","72061","-1","-1","-1","238","0"
"137134","0","2","3","-1","","","-1","-1","-1","72221","-1","-1","-1","239","0"
"155050","0","10","3","-1","","","-1","0","-1","-1","-1","-1","-1","240","0"
"164038","0","10","3","-1","","","-1","85","-1","80322","-1","-1","-1","241","100"
"146164","0","10","3","-1","","","-1","27","-1","57339","-1","-1","-1","242","100"
"146179","0","9","3","-1","","","-1","25","-1","57337","-1","-1","-1","243","100"
"146181","0","9","3","-1","","","-1","27","-1","57339","-1","-1","-1","244","100"
"182014","0","9","3","-1","","","-1","16","-1","93595","-1","-1","-1","245","200"
"182020","0","9","3","-1","","","-1","16","-1","93595","-1","-1","-1","246","200"
"182025","0","9","3","-1","","","-1","16","-1","93595","-1","-1","-1","247","200"
"182030","0","9","3","-1","","","-1","16","-1","93595","-1","-1","-1","248","200"
"146213","0","11","3","-1","","","-1","27","-1","57339","-1","-1","-1","249","100"
"146227","0","2","3","-1","","","-1","27","-1","57339","-1","-1","-1","250","100"
"137270","0","2","3","-1","","","-1","46","-1","87700","-1","-1","-1","251","0"
"164197","1","13","3","-1","","","-1","54","-1","80322","-1","-1","-1","252","100"
"164215","3","10","3","-1","","","-1","-2","-1","78266","-1","-1","-1","253","100"
"164219","0","10","3","-1","","","-1","-2","-1","78266","-1","-1","-1","254","100"
"164235","3","10","3","-1","","","-1","-2","-1","57337","-1","-1","-1","255","100"
"200078","0","7","3","-1","","","-1","28","-1","72738","-1","-1","-1","256","0"
"146345","0","9","3","-1","","","-1","27","-1","57339","-1","-1","-1","257","100"
"146349","0","9","3","-1","","","-1","27","-1","57339","-1","-1","-1","258","100"
"146353","0","9","3","-1","","","-1","27","-1","57339","-1","-1","-1","259","100"
"146357","0","9","3","-1","","","-1","27","-1","57339","-1","-1","-1","260","100"
"119497","0","7","3","-1","","","-1","8","-1","72738","-1","-1","-1","261","0"
"200116","0","7","3","-1","","","-1","23","-1","78264","-1","-1","-1","262","100"
"146374","0","9","3","-1","","","-1","27","-1","57339","-1","-1","-1","263","100"
"146380","0","9","3","-1","","","-1","27","-1","57339","-1","-1","-1","264","100"
"119511","0","7","3","-1","","","-1","8","-1","72738","-1","-1","-1","265","0"
"200131","0","7","3","-1","","","-1","23","-1","78264","-1","-1","-1","266","100"
"146395","0","9","3","-1","","","-1","27","-1","57339","-1","-1","-1","267","100"
"119525","0","7","3","-1","","","-1","8","-1","72738","-1","-1","-1","268","0"
"200147","0","7","3","-1","","","-1","23","-1","78264","-1","-1","-1","269","100"
"119539","0","7","3","-1","","","-1","8","-1","72738","-1","-1","-1","270","0"
"209110","0","7","3","-1","","","-1","0","-1","-1","-1","-1","-1","271","200"
"200163","0","7","3","-1","","","-1","23","-1","78264","-1","-1","-1","272","100"
"200167","0","7","3","-1","","","-1","23","-1","78264","-1","-1","-1","273","100"
"209125","1","13","3","-1","","","-1","-1","-1","101750","-1","-1","-1","274","200"
"200182","0","7","3","-1","","","-1","23","-1","78264","-1","-1","-1","275","100"
"119574","3","10","3","-1","","","-1","-2","-1","-1","-1","-1","-1","276","0"
"164368","0","10","3","-1","","","-1","0","-1","-1","-1","-1","-1","277","100"
"146457","0","9","3","-1","","","-1","27","-1","57339","-1","-1","-1","278","100"
"164405","0","7","3","-1","","","-1","-1","-1","93595","-1","-1","-1","279","200"
"200268","3","10","3","-1","","","-1","-1","-1","114901","-1","-1","-1","280","300"
"200270","3","10","3","-1","","","-1","-1","-1","114901","-1","-1","-1","281","300"
"119680","1","13","3","-1","","","-1","11","-1","72801","-1","-1","-1","282","0"
"146576","3","10","3","-1","","","-1","2","-1","78266","-1","-1","-1","283","100"
"191364","3","10","3","-1","","","-1","0","-1","-1","-1","-1","-1","284","200"
"191392","0","10","3","-1","","","-1","-1","-1","93595","-1","-1","-1","285","200"
"191396","0","10","3","-1","","","-1","-1","-1","93595","-1","-1","-1","286","200"
"146624","0","10","3","-1","","","-1","-1","-1","87700","-1","-1","-1","287","0"
"200416","0","10","3","-1","","","-1","-1","-1","72061","-1","-1","-1","288","0"
"200430","0","10","3","-1","","","-1","-1","-1","72061","-1","-1","-1","289","0"
"191511","1","13","3","-1","","","-1","47","-1","72546","-1","-1","-1","290","0"
"155774","0","9","3","-1","","","-1","54","-1","80322","-1","-1","-1","291","100"
"155783","0","9","3","-1","","","-1","54","-1","80322","-1","-1","-1","292","100"
"191615","0","7","3","-1","","","-1","16","-1","93595","-1","-1","-1","293","200"
"155787","0","9","3","-1","","","-1","54","-1","80322","-1","-1","-1","294","100"
"155791","0","9","3","-1","","","-1","54","-1","80322","-1","-1","-1","295","100"
"155796","0","9","3","-1","","","-1","54","-1","80322","-1","-1","-1","296","100"
"191627","0","10","3","-1","","","-1","0","-1","-1","-1","-1","-1","297","200"
"146889","0","10","3","-1","","","-1","-1","-1","87700","-1","-1","-1","298","0"
"93149","0","10","3","-1","","","-1","20","-1","73236","-1","-1","-1","299","0"
"146903","0","10","3","-1","","","-1","-1","-1","72221","-1","-1","-1","300","0"
"146907","0","10","3","-1","","","-1","-1","-1","72061","-1","-1","-1","301","0"
"146921","0","10","3","-1","","","-1","-1","-1","117779","-1","-1","-1","302","0"
"146926","0","10","3","-1","","","-1","-1","-1","72738","-1","-1","-1","303","0"
"146930","0","10","3","-1","","","-1","-1","-1","73236","-1","-1","-1","304","0"
"155925","1","13","3","-1","","","-1","10","-1","101758","-1","-1","-1","305","200"
"57401","1","13","3","-1","","","-1","-1","-1","80322","-1","-1","-1","306","100"
"93297","0","7","3","-1","","","-1","5","-1","83314","-1","-1","-1","307","0"
"93313","0","7","3","-1","","","-1","5","-1","83314","-1","-1","-1","308","0"
"93337","1","13","3","-1","","","-1","67","-1","73236","-1","-1","-1","309","0"
"120220","1","13","3","-1","","","-1","11","-1","72801","-1","-1","-1","310","0"
"93364","0","9","3","-1","","","-1","41","-1","72221","-1","-1","-1","311","0"
"93366","0","9","3","-1","","","-1","-1","-1","117779","-1","-1","-1","312","0"
"93371","0","9","3","-1","","","-1","41","-1","72221","-1","-1","-1","313","0"
"93377","0","9","3","-1","","","-1","41","-1","72221","-1","-1","-1","314","0"
"93379","0","9","3","-1","","","-1","41","-1","72221","-1","-1","-1","315","0"
"93381","0","9","3","-1","","","-1","-1","-1","117779","-1","-1","-1","316","0"
"120253","1","13","3","-1","","","-1","11","-1","72801","-1","-1","-1","317","0"
"200867","0","2","3","-1","","","-1","-1","-1","93595","-1","-1","-1","318","200"
"93383","0","9","3","-1","","","-1","-1","-1","117779","-1","-1","-1","319","0"
"93385","0","9","3","-1","","","-1","-1","-1","117779","-1","-1","-1","320","0"
"165080","0","13","3","-1","","","-1","69","-1","73236","-1","-1","-1","321","0"
"57608","0","13","3","-1","","","-1","1","-1","78264","-1","-1","-1","322","100"
"57625","1","11","3","-1","","","-1","40","-1","57331","-1","-1","-1","323","-1"
"165125","0","13","3","-1","","","-1","69","-1","73236","-1","-1","-1","324","0"
"192009","3","10","3","-1","","","-1","0","-1","-1","-1","-1","-1","325","100"
"120357","1","13","3","-1","","","-1","21","-1","72738","-1","-1","-1","326","0"
"120372","1","13","3","-1","","","-1","9","-1","73236","-1","-1","-1","327","0"
"165161","0","13","3","-1","","","-1","69","-1","73236","-1","-1","-1","328","0"
"120382","0","13","3","-1","","","-1","69","-1","73236","-1","-1","-1","329","0"
"165170","0","13","3","-1","","","-1","69","-1","73236","-1","-1","-1","330","0"
"156243","0","2","3","-1","","","-1","0","-1","-1","-1","-1","-1","331","0"
"93546","0","13","3","-1","","","-1","44","-1","57335","-1","-1","-1","332","100"
"57723","0","13","3","-1","","","-1","2","-1","30857","-1","-1","-1","333","100"
"192113","0","2","3","-1","","","-1","1","-1","101756","-1","-1","-1","334","200"
"192122","0","2","3","-1","","","-1","1","-1","101756","-1","-1","-1","335","200"
"201085","1","13","3","-1","","","-1","0","-1","80322","-1","-1","-1","336","100"
"192130","0","2","3","-1","","","-1","1","-1","101756","-1","-1","-1","337","200"
"129441","0","7","3","-1","","","-1","26","-1","72738","-1","-1","-1","338","0"
"165316","0","7","3","-1","","","-1","44","-1","57335","-1","-1","-1","339","100"
"192189","0","10","3","-1","","","-1","27","-1","57339","-1","-1","-1","340","100"
"165428","0","13","3","-1","","","-1","69","-1","73236","-1","-1","-1","341","0"
"201285","1","13","3","-1","","","-1","13","-1","57331","-1","-1","-1","342","100"
"129640","0","13","3","-1","","","-1","69","-1","73236","-1","-1","-1","343","0"
"201369","1","13","3","-1","","","-1","46","-1","93396","-1","-1","-1","344","100"
"58139","1","13","3","-1","","","-1","21","-1","78264","-1","-1","-1","345","100"
"111893","1","13","3","-1","","","-1","1","-1","120178","-1","-1","-1","346","0"
"111899","1","13","3","-1","","","-1","3","-1","120178","-1","-1","-1","347","0"
"219432","0","7","3","-1","","","-1","-2","-1","-1","-1","-1","-1","348","100"
"129872","0","10","3","-1","","","-1","-1","-1","72095","-1","-1","-1","349","0"
"129904","0","10","3","-1","","","-1","-2","-1","-1","-1","-1","-1","350","0"
"156783","5","11","3","-1","","","-1","0","-1","-1","-1","-1","-1","351","100"
"192656","0","13","3","-1","","","-1","10","-1","101758","-1","-1","-1","352","200"
"192712","0","13","3","-1","","","-1","10","-1","101758","-1","-1","-1","353","200"
"183792","1","13","3","-1","","","-1","4","-1","101750","-1","-1","-1","354","200"
"219639","1","13","3","-1","","","-1","15","-1","30850","-1","-1","-1","355","100"
"219660","1","13","3","-1","","","-1","33","-1","113910","-1","-1","-1","356","300"
"192791","0","7","3","-1","","","-1","0","-1","-1","-1","-1","-1","357","100"
"219663","1","13","3","-1","","","-1","33","-1","113910","-1","-1","-1","358","300"
"201770","0","10","3","-1","","","-1","39","-1","57337","-1","-1","-1","359","100"
"192828","0","7","3","-1","","","-1","0","-1","-1","-1","-1","-1","360","100"
"201820","0","2","3","-1","","","-1","13","-1","57331","-1","-1","-1","361","100"
"103388","1","13","3","-1","","","-1","34","-1","72801","-1","-1","-1","362","0"
"166089","0","13","3","-1","","","-1","21","-1","57337","-1","-1","-1","363","100"
"210879","0","2","3","-1","","","-1","0","-1","-1","-1","-1","-1","364","0"
"210884","0","2","3","-1","","","-1","0","-1","-1","-1","-1","-1","365","0"
"210888","0","2","3","-1","","","-1","0","-1","-1","-1","-1","-1","366","0"
"210892","0","2","3","-1","","","-1","-1","-1","57331","-1","-1","-1","367","100"
"121359","1","13","3","-1","","","-1","21","-1","121792","-1","-1","-1","368","100"
"175103","0","7","3","-1","","","-1","88","-1","72738","-1","-1","-1","369","0"
"166151","3","10","3","-1","","","-1","-1","-1","93595","-1","-1","-1","370","200"
"112449","1","13","3","-1","","","-1","2","-1","112498","-1","-1","-1","371","300"
"175194","3","10","3","-1","","","-1","-2","-1","-1","-1","-1","-1","372","0"
"58761","0","9","3","-1","","","-1","-2","-1","-1","-1","-1","-1","373","100"
"166251","0","10","3","-1","","","-1","-1","-1","93595","-1","-1","-1","374","200"
"166278","0","10","3","-1","","","-1","-1","-1","93595","-1","-1","-1","375","200"
"175291","3","10","3","-1","","","-1","-2","-1","-1","-1","-1","-1","376","0"
"220090","1","7","3","-1","","","-1","0","-1","-1","-1","-1","-1","377","100"
"211148","0","6","3","-1","","","-1","0","-1","-1","-1","-1","-1","378","0"
"211177","0","6","3","-1","","","-1","0","-1","-1","-1","-1","-1","379","0"
"211185","0","6","3","-1","","","-1","0","-1","-1","-1","-1","-1","380","0"
"94747","0","7","3","-1","","","-1","-2","-1","-1","-1","-1","-1","381","0"
"94755","0","7","3","-1","","","-1","-2","-1","-1","-1","-1","-1","382","0"
"193303","5","9","3","-1","","","-1","-2","-1","-1","-1","-1","-1","383","100"
"85832","1","13","3","-1","","","-1","54","-1","80322","-1","-1","-1","384","100"
"211245","0","2","3","-1","","","-1","-2","-1","57331","-1","-1","-1","385","100"
"211252","0","2","3","-1","","","-1","0","-1","-1","-1","-1","-1","386","100"
"211258","0","2","3","-1","","","-1","16","-1","93595","-1","-1","-1","387","200"
"211263","0","2","3","-1","","","-1","16","-1","93595","-1","-1","-1","388","200"
"211267","0","2","3","-1","","","-1","16","-1","93595","-1","-1","-1","389","200"
"121703","0","13","3","-1","","","-1","69","-1","73236","-1","-1","-1","390","0"
"139623","0","2","3","-1","","","-1","-1","-1","80322","-1","-1","-1","391","100"
"76927","0","13","3","-1","","","-1","-1","-1","77099","-1","-1","-1","392","0"
"112763","1","13","3","-1","","","-1","13","-1","112498","-1","-1","-1","393","300"
"76962","1","13","3","-1","","","-1","10","-1","77099","-1","-1","-1","394","0"
"76996","1","13","3","-1","","","-1","-1","-1","77099","-1","-1","-1","395","0"
"139703","0","9","3","-1","","","-1","-1","-1","80322","-1","-1","-1","396","100"
"139731","0","10","3","-1","","","-1","50","-1","80322","-1","-1","-1","397","100"
"211391","0","2","3","-1","","","-1","0","-1","-1","-1","-1","-1","398","0"
"211395","0","2","3","-1","","","-1","0","-1","-1","-1","-1","-1","399","0"
"211399","0","2","3","-1","","","-1","0","-1","-1","-1","-1","-1","400","0"
"211411","0","2","3","-1","","","-1","-1","-1","57331","-1","-1","-1","401","100"
"139758","0","2","3","-1","","","-1","-1","-1","80322","-1","-1","-1","402","100"
"211415","0","2","3","-1","","","-1","-2","-1","57331","-1","-1","-1","403","100"
"211419","0","2","3","-1","","","-1","0","-1","-1","-1","-1","-1","404","100"
"211423","0","2","3","-1","","","-1","16","-1","93595","-1","-1","-1","405","200"
"211428","0","2","3","-1","","","-1","16","-1","93595","-1","-1","-1","406","200"
"86030","0","7","3","-1","","","-1","5","-1","83314","-1","-1","-1","407","0"
"86032","0","7","3","-1","","","-1","5","-1","83314","-1","-1","-1","408","0"
"211432","0","2","3","-1","","","-1","16","-1","93595","-1","-1","-1","409","200"
"211436","0","2","3","-1","","","-1","-1","-1","112498","-1","-1","-1","410","300"
"211443","0","2","3","-1","","","-1","-1","-1","112498","-1","-1","-1","411","300"
"211447","0","2","3","-1","","","-1","-1","-1","112498","-1","-1","-1","412","300"
"166704","0","11","3","-1","","","-1","-1","-1","112498","-1","-1","-1","413","300"
"166711","0","11","3","-1","","","-1","-1","-1","114795","-1","-1","-1","414","300"
"166715","0","9","3","-1","","","-1","-1","-1","114795","-1","-1","-1","415","300"
"139861","0","2","3","-1","","","-1","58","-1","93396","-1","-1","-1","416","100"
"202570","0","13","3","-1","","","-1","26","-1","93595","-1","-1","-1","417","200"
"166749","0","9","3","-1","","","-1","-1","-1","112498","-1","-1","-1","418","300"
"166764","0","9","3","-1","","","-1","-1","-1","114795","-1","-1","-1","419","300"
"166768","0","9","3","-1","","","-1","-1","-1","114901","-1","-1","-1","420","300"
"104075","1","11","3","-1","","","-1","-1","-1","104070","-1","-1","-1","421","0"
"166784","0","11","3","-1","","","-1","-1","-1","112498","-1","-1","-1","422","300"
"166789","0","9","3","-1","","","-1","-1","-1","114795","-1","-1","-1","423","300"
"166793","0","9","3","-1","","","-1","-1","-1","114901","-1","-1","-1","424","300"
"166801","0","2","3","-1","","","-1","-1","-1","112498","-1","-1","-1","425","300"
"166806","0","2","3","-1","","","-1","-1","-1","114795","-1","-1","-1","426","300"
"166811","0","2","3","-1","","","-1","-1","-1","114901","-1","-1","-1","427","300"
"166816","0","2","3","-1","","","-1","-1","-1","112498","-1","-1","-1","428","300"
"166821","0","2","3","-1","","","-1","-1","-1","114795","-1","-1","-1","429","300"
"166829","0","2","3","-1","","","-1","-1","-1","112498","-1","-1","-1","430","300"
"166839","0","9","3","-1","","","-1","-1","-1","112498","-1","-1","-1","431","300"
"193714","3","10","3","-1","","","-1","2","-1","112498","-1","-1","-1","432","300"
"211641","0","13","3","-1","","","-1","24","-1","57335","-1","-1","-1","433","100"
"193730","3","10","3","-1","","","-1","0","-1","-1","-1","-1","-1","434","100"
"166859","0","9","3","-1","","","-1","-1","-1","112498","-1","-1","-1","435","300"
"166864","0","9","3","-1","","","-1","-1","-1","114795","-1","-1","-1","436","300"
"193751","0","10","3","-1","","","-1","-1","-1","113910","-1","-1","-1","437","300"
"202714","0","13","3","-1","","","-1","-2","-1","93595","-1","-1","-1","438","200"
"166893","0","9","3","-1","","","-1","-1","-1","114901","-1","-1","-1","439","300"
"202735","0","11","3","-1","","","-1","1","-1","101756","-1","-1","-1","440","200"
"193787","0","10","3","-1","","","-1","33","-1","113910","-1","-1","-1","441","300"
"166921","0","2","3","-1","","","-1","-1","-1","112498","-1","-1","-1","442","300"
"149010","0","13","3","-1","","","-1","1","-1","93697","-1","-1","-1","443","200"
"166926","0","2","3","-1","","","-1","-1","-1","114795","-1","-1","-1","444","300"
"193802","3","10","3","-1","","","-1","33","-1","113910","-1","-1","-1","445","300"
"166931","0","2","3","-1","","","-1","-1","-1","114795","-1","-1","-1","446","300"
"149024","3","10","3","-1","","","-1","0","-1","-1","-1","-1","-1","447","0"
"77372","0","13","3","-1","","","-1","8","-1","77099","-1","-1","-1","448","0"
"166944","0","10","3","-1","","","-1","-1","-1","112498","-1","-1","-1","449","300"
"193816","0","10","3","-1","","","-1","33","-1","113910","-1","-1","-1","450","300"
"149042","3","10","3","-1","","","-1","0","-1","-1","-1","-1","-1","451","0"
"202785","0","13","3","-1","","","-1","2","-1","93684","-1","-1","-1","452","200"
"193830","0","10","3","-1","","","-1","-1","-1","72738","-1","-1","-1","453","0"
"166964","0","10","3","-1","","","-1","-1","-1","112498","-1","-1","-1","454","300"
"104268","1","13","3","-1","","","-1","7","-1","104070","-1","-1","-1","455","0"
"149056","3","10","3","-1","","","-1","0","-1","-1","-1","-1","-1","456","0"
"131144","0","13","3","-1","","","-1","5","-1","117779","-1","-1","-1","457","0"
"193846","3","10","3","-1","","","-1","33","-1","113910","-1","-1","-1","458","300"
"122192","0","13","3","-1","","","-1","10","-1","57339","-1","-1","-1","459","100"
"166980","0","10","3","-1","","","-1","-1","-1","112498","-1","-1","-1","460","300"
"149071","3","10","3","-1","","","-1","0","-1","80322","-1","-1","-1","461","100"
"193864","3","10","3","-1","","","-1","0","-1","-1","-1","-1","-1","462","300"
"131165","0","7","3","-1","","","-1","3","-1","117779","-1","-1","-1","463","0"
"166994","0","10","3","-1","","","-1","-1","-1","112498","-1","-1","-1","464","300"
"149087","3","10","3","-1","","","-1","0","-1","80322","-1","-1","-1","465","100"
"193879","0","10","3","-1","","","-1","33","-1","113910","-1","-1","-1","466","300"
"167017","0","10","3","-1","","","-1","-1","-1","112498","-1","-1","-1","467","300"
"149114","3","10","3","-1","","","-1","0","-1","-1","-1","-1","-1","468","100"
"86431","3","10","3","-1","","","-1","-2","-1","-1","-1","-1","-1","469","100"
"149141","3","10","3","-1","","","-1","0","-1","-1","-1","-1","-1","470","100"
"167086","0","11","3","-1","","","-1","-1","-1","112498","-1","-1","-1","471","300"
"202915","0","9","3","-1","","","-1","-1","-1","57331","-1","-1","-1","472","100"
"149176","3","10","3","-1","","","-1","0","-1","-1","-1","-1","-1","473","200"
"202923","0","7","3","-1","","","-1","7","-1","72095","-1","-1","-1","474","0"
"202928","0","7","3","-1","","","-1","7","-1","72095","-1","-1","-1","475","0"
"104408","1","13","3","-1","","","-1","40","-1","72061","-1","-1","-1","476","0"
"167115","0","7","3","-1","","","-1","39","-1","72095","-1","-1","-1","477","0"
"202944","0","7","3","-1","","","-1","7","-1","72095","-1","-1","-1","478","0"
"167117","0","11","3","-1","","","-1","-1","-1","114795","-1","-1","-1","479","300"
"149207","3","10","3","-1","","","-1","0","-1","-1","-1","-1","-1","480","200"
"149229","3","10","3","-1","","","-1","0","-1","-1","-1","-1","-1","481","200"
"167152","0","11","3","-1","","","-1","-1","-1","114901","-1","-1","-1","482","300"
"131349","0","7","3","-1","","","-1","43","-1","72221","-1","-1","-1","483","0"
"211971","0","2","3","-1","","","-1","0","-1","-1","-1","-1","-1","484","100"
"149272","3","10","3","-1","","","-1","2","-1","112498","-1","-1","-1","485","300"
"211975","0","2","3","-1","","","-1","0","-1","-1","-1","-1","-1","486","100"
"211980","0","2","3","-1","","","-1","7","-1","72801","-1","-1","-1","487","0"
"211984","0","2","3","-1","","","-1","7","-1","72801","-1","-1","-1","488","0"
"149289","3","10","3","-1","","","-1","2","-1","112498","-1","-1","-1","489","300"
"104572","5","9","3","-1","","","-1","-2","-1","-1","-1","-1","-1","490","0"
"104575","5","11","3","-1","","","-1","-2","-1","-1","-1","-1","-1","491","0"
"212062","0","13","3","-1","","","-1","21","-1","57337","-1","-1","-1","492","100"
"86674","0","10","3","-1","","","-1","-1","-1","87700","-1","-1","-1","493","0"
"113604","1","9","3","-1","","","-1","-2","-1","-1","-1","-1","-1","494","100"
"86753","0","9","3","-1","","","-1","7","-1","72095","-1","-1","-1","495","0"
"104676","0","13","3","-1","","","-1","44","-1","72061","-1","-1","-1","496","0"
"59896","1","13","3","-1","","","-1","0","-1","121792","-1","-1","-1","497","100"
"113661","0","9","3","-1","","","-1","42","-1","87700","-1","-1","-1","498","0"
"113682","0","9","3","-1","","","-1","7","-1","72095","-1","-1","-1","499","0"
"167428","0","2","3","-1","","","-1","-1","-1","121792","-1","-1","-1","500","100"
"113686","0","9","3","-1","","","-1","41","-1","72221","-1","-1","-1","501","0"
"167433","0","2","3","-1","","","-1","-1","-1","121792","-1","-1","-1","502","100"
"167437","0","2","3","-1","","","-1","-1","-1","121792","-1","-1","-1","503","100"
"131621","0","9","3","-1","","","-1","1","-1","87700","-1","-1","-1","504","0"
"59967","0","6","3","-1","","","-1","1","-1","60836","-1","-1","-1","505","100"
"131624","0","9","3","-1","","","-1","7","-1","72095","-1","-1","-1","506","0"
"131675","0","9","3","-1","","","-1","67","-1","73236","-1","-1","-1","507","0"
"131677","0","9","3","-1","","","-1","7","-1","72095","-1","-1","-1","508","0"
"131679","0","9","3","-1","","","-1","46","-1","87700","-1","-1","-1","509","0"
"131681","0","9","3","-1","","","-1","41","-1","72221","-1","-1","-1","510","0"
"131683","0","9","3","-1","","","-1","-1","-1","117779","-1","-1","-1","511","0"
"131689","0","9","3","-1","","","-1","-1","-1","117779","-1","-1","-1","512","0"
"167540","3","10","3","-1","","","-1","49","-1","72095","-1","-1","-1","513","0"
"194412","0","13","3","-1","","","-1","5","-1","117779","-1","-1","-1","514","0"
"131733","0","9","3","-1","","","-1","41","-1","72221","-1","-1","-1","515","0"
"86951","3","10","3","-1","","","-1","-1","-1","117779","-1","-1","-1","516","0"
"131739","0","9","3","-1","","","-1","67","-1","73236","-1","-1","-1","517","0"
"167595","0","2","3","-1","","","-1","-1","-1","121792","-1","-1","-1","518","100"
"167599","0","2","3","-1","","","-1","-1","-1","121792","-1","-1","-1","519","100"
"167644","0","2","3","-1","","","-1","0","-1","-1","-1","-1","-1","520","100"
"60184","1","11","3","-1","","","-1","4","-1","81925","-1","-1","-1","521","0"
"167677","1","13","3","-1","","","-1","1","-1","120178","-1","-1","-1","522","0"
"140819","0","2","3","-1","","","-1","-1","-1","80322","-1","-1","-1","523","100"
"149812","1","13","3","-1","","","-1","18","-1","93684","-1","-1","-1","524","200"
"203582","0","2","3","-1","","","-1","0","-1","-1","-1","-1","-1","525","300"
"131933","0","10","3","-1","","","-1","17","-1","113910","-1","-1","-1","526","300"
"194636","0","10","3","-1","","","-1","-1","-1","112498","-1","-1","-1","527","300"
"114124","1","13","3","-1","","","-1","33","-1","113910","-1","-1","-1","528","300"
"114131","1","13","3","-1","","","-1","54","-1","113910","-1","-1","-1","529","300"
"203707","0","13","3","-1","","","-1","-1","-1","101750","-1","-1","-1","530","200"
"203711","0","13","3","-1","","","-1","-1","-1","101750","-1","-1","-1","531","200"
"114155","1","11","3","-1","","","-1","7","-1","106541","-1","-1","-1","532","0"
"149986","0","7","3","-1","","","-1","0","-1","-1","-1","-1","-1","533","300"
"167915","0","2","3","-1","","","-1","-1","-1","121792","-1","-1","-1","534","100"
"123146","1","13","3","-1","","","-1","1","-1","78266","-1","-1","-1","535","100"
"185907","3","10","3","-1","","","-1","33","-1","113910","-1","-1","-1","536","300"
"185928","0","13","3","-1","","","-1","26","-1","78266","-1","-1","-1","537","100"
"105378","1","11","3","-1","","","-1","-1","-1","105496","-1","-1","-1","538","0"
"212903","3","10","3","-1","","","-1","0","-1","-1","-1","-1","-1","539","300"
"141266","0","2","3","-1","","","-1","-1","-1","72061","-1","-1","-1","540","0"
"141268","0","2","3","-1","","","-1","-1","-1","117779","-1","-1","-1","541","0"
"141270","0","2","3","-1","","","-1","-1","-1","73236","-1","-1","-1","542","0"
"212928","0","7","3","-1","","","-1","1","-1","101758","-1","-1","-1","543","200"
"141272","0","2","3","-1","","","-1","-1","-1","72546","-1","-1","-1","544","0"
"141274","0","2","3","-1","","","-1","13","-1","72801","-1","-1","-1","545","0"
"195060","0","13","3","-1","","","-1","30","-1","93396","-1","-1","-1","546","100"
"204070","0","13","3","-1","","","-1","-1","-1","101750","-1","-1","-1","547","200"
"204074","0","13","3","-1","","","-1","-1","-1","101750","-1","-1","-1","548","200"
"114591","0","9","3","-1","","","-1","-2","-1","109638","-1","-1","-1","549","100"
"204172","0","13","3","-1","","","-1","10","-1","101758","-1","-1","-1","550","200"
"168354","3","10","3","-1","","","-1","1","-1","57331","-1","-1","-1","551","100"
"168368","3","10","3","-1","","","-1","-2","-1","57331","-1","-1","-1","552","100"
"186295","5","11","3","-1","","","-1","0","-1","-1","-1","-1","-1","553","100"
"168382","3","10","3","-1","","","-1","1","-1","57331","-1","-1","-1","554","100"
"204218","0","10","3","-1","","","-1","-1","-1","87700","-1","-1","-1","555","0"
"168396","3","10","3","-1","","","-1","0","-1","-1","-1","-1","-1","556","100"
"204235","0","10","3","-1","","","-1","-1","-1","72095","-1","-1","-1","557","0"
"168410","3","10","3","-1","","","-1","0","-1","-1","-1","-1","-1","558","100"
"204253","0","10","3","-1","","","-1","-1","-1","72221","-1","-1","-1","559","0"
"204270","0","10","3","-1","","","-1","-1","-1","72061","-1","-1","-1","560","0"
"141573","0","2","3","-1","","","-1","-1","-1","72221","-1","-1","-1","561","0"
"204274","0","10","3","-1","","","-1","-1","-1","117779","-1","-1","-1","562","0"
"204291","0","10","3","-1","","","-1","-1","-1","72738","-1","-1","-1","563","0"
"204295","0","10","3","-1","","","-1","-1","-1","73236","-1","-1","-1","564","0"
"204299","0","10","3","-1","","","-1","-1","-1","72546","-1","-1","-1","565","0"
"204307","0","10","3","-1","","","-1","-1","-1","72801","-1","-1","-1","566","0"
"204323","0","10","3","-1","","","-1","-1","-1","136656","-1","-1","-1","567","0"
"204347","0","10","3","-1","","","-1","-1","-1","80322","-1","-1","-1","568","100"
"204351","0","10","3","-1","","","-1","-1","-1","57331","-1","-1","-1","569","100"
"204368","0","10","3","-1","","","-1","-1","-1","78266","-1","-1","-1","570","100"
"123755","0","9","3","-1","","","-1","67","-1","73236","-1","-1","-1","571","0"
"123757","0","9","3","-1","","","-1","67","-1","73236","-1","-1","-1","572","0"
"123759","0","9","3","-1","","","-1","67","-1","73236","-1","-1","-1","573","0"
"123761","0","9","3","-1","","","-1","67","-1","73236","-1","-1","-1","574","0"
"105853","1","11","3","-1","","","-1","12","-1","105496","-1","-1","-1","575","-1"
"204382","0","10","3","-1","","","-1","-1","-1","121792","-1","-1","-1","576","100"
"105855","1","11","3","-1","","","-1","7","-1","105496","-1","-1","-1","577","0"
"132733","3","10","3","-1","","","-1","14","-1","72546","-1","-1","-1","578","0"
"204397","0","10","3","-1","","","-1","-1","-1","78266","-1","-1","-1","579","100"
"123784","0","9","3","-1","","","-1","67","-1","73236","-1","-1","-1","580","0"
"204402","0","10","3","-1","","","-1","-1","-1","93595","-1","-1","-1","581","200"
"204418","0","10","3","-1","","","-1","-1","-1","101756","-1","-1","-1","582","200"
"195471","0","13","3","-1","","","-1","10","-1","101758","-1","-1","-1","583","200"
"159643","0","11","3","-1","","","-1","16","-1","93595","-1","-1","-1","584","200"
"204432","3","10","3","-1","","","-1","-1","-1","101758","-1","-1","-1","585","200"
"159649","0","11","3","-1","","","-1","-1","-1","93684","-1","-1","-1","586","200"
"195478","0","13","3","-1","","","-1","41","-1","101758","-1","-1","-1","587","200"
"177564","1","13","3","-1","","","-1","8","-1","136656","-1","-1","-1","588","0"
"159651","0","9","3","-1","","","-1","-1","-1","93691","-1","-1","-1","589","200"
"159653","0","11","3","-1","","","-1","-1","-1","101756","-1","-1","-1","590","200"
"195483","0","13","3","-1","","","-1","41","-1","101758","-1","-1","-1","591","200"
"159655","0","11","3","-1","","","-1","8","-1","101750","-1","-1","-1","592","200"
"159657","0","11","3","-1","","","-1","-1","-1","101758","-1","-1","-1","593","200"
"195487","0","13","3","-1","","","-1","10","-1","101758","-1","-1","-1","594","200"
"204447","0","10","3","-1","","","-1","-1","-1","112498","-1","-1","-1","595","300"
"195495","0","13","3","-1","","","-1","29","-1","101758","-1","-1","-1","596","200"
"204453","0","10","3","-1","","","-1","-1","-1","112498","-1","-1","-1","597","300"
"195499","0","13","3","-1","","","-1","29","-1","101758","-1","-1","-1","598","200"
"195501","0","13","3","-1","","","-1","29","-1","101758","-1","-1","-1","599","200"
"159675","0","2","3","-1","","","-1","16","-1","93595","-1","-1","-1","600","200"
"195505","0","13","3","-1","","","-1","29","-1","101758","-1","-1","-1","601","200"
"132809","5","11","3","-1","","","-1","25","-1","72221","-1","-1","-1","602","0"
"159681","0","2","3","-1","","","-1","-1","-1","93684","-1","-1","-1","603","200"
"204467","0","10","3","-1","","","-1","-1","-1","114901","-1","-1","-1","604","300"
"159683","0","2","3","-1","","","-1","-1","-1","93691","-1","-1","-1","605","200"
"195512","0","13","3","-1","","","-1","10","-1","101758","-1","-1","-1","606","200"
"159685","0","2","3","-1","","","-1","-1","-1","101756","-1","-1","-1","607","200"
"159687","0","2","3","-1","","","-1","8","-1","101750","-1","-1","-1","608","200"
"195517","0","13","3","-1","","","-1","10","-1","101758","-1","-1","-1","609","200"
"159689","0","2","3","-1","","","-1","-1","-1","101758","-1","-1","-1","610","200"
"195521","0","13","3","-1","","","-1","10","-1","101758","-1","-1","-1","611","200"
"195525","0","13","3","-1","","","-1","10","-1","101758","-1","-1","-1","612","200"
"195530","0","13","3","-1","","","-1","25","-1","101758","-1","-1","-1","613","200"
"195536","0","13","3","-1","","","-1","10","-1","101758","-1","-1","-1","614","200"
"195540","0","13","3","-1","","","-1","10","-1","101758","-1","-1","-1","615","200"
"177669","1","13","3","-1","","","-1","17","-1","72095","-1","-1","-1","616","100"
"141849","0","9","3","-1","","","-1","7","-1","72095","-1","-1","-1","617","0"
"97067","1","13","3","-1","","","-1","-1","-1","83314","-1","-1","-1","618","0"
"141854","0","9","3","-1","","","-1","41","-1","72221","-1","-1","-1","619","0"
"141856","0","9","3","-1","","","-1","-1","-1","117779","-1","-1","-1","620","0"
"141859","0","9","3","-1","","","-1","67","-1","73236","-1","-1","-1","621","0"
"195641","0","13","3","-1","","","-1","2","-1","112498","-1","-1","-1","622","300"
"141902","1","13","3","-1","","","-1","-1","-1","72546","-1","-1","-1","623","0"
"186703","0","9","3","-1","","","-1","-1","-1","80322","-1","-1","-1","624","100"
"186708","0","9","3","-1","","","-1","-1","-1","93396","-1","-1","-1","625","100"
"186713","0","9","3","-1","","","-1","-1","-1","57331","-1","-1","-1","626","100"
"186717","0","9","3","-1","","","-1","-1","-1","78264","-1","-1","-1","627","100"
"186723","0","9","3","-1","","","-1","-1","-1","78266","-1","-1","-1","628","100"
"186727","0","9","3","-1","","","-1","-1","-1","57335","-1","-1","-1","629","100"
"186731","0","9","3","-1","","","-1","-1","-1","57337","-1","-1","-1","630","100"
"186735","0","9","3","-1","","","-1","-1","-1","121792","-1","-1","-1","631","100"
"141951","0","2","3","-1","","","-1","-1","-1","117779","-1","-1","-1","632","0"
"141953","0","2","3","-1","","","-1","-1","-1","73236","-1","-1","-1","633","0"
"186739","0","9","3","-1","","","-1","-1","-1","57339","-1","-1","-1","634","100"
"141956","0","2","3","-1","","","-1","-1","-1","72546","-1","-1","-1","635","0"
"141958","0","2","3","-1","","","-1","13","-1","72801","-1","-1","-1","636","0"
"106161","1","11","3","-1","","","-1","-1","-1","106221","-1","-1","-1","637","200"
"177835","0","9","3","-1","","","-1","0","-1","-1","-1","-1","-1","638","0"
"177849","0","9","3","-1","","","-1","0","-1","-1","-1","-1","-1","639","0"
"159937","0","2","3","-1","","","-1","16","-1","93595","-1","-1","-1","640","200"
"177856","0","9","3","-1","","","-1","0","-1","-1","-1","-1","-1","641","0"
"159944","0","2","3","-1","","","-1","-1","-1","93691","-1","-1","-1","642","200"
"159950","0","2","3","-1","","","-1","-1","-1","93684","-1","-1","-1","643","200"
"106208","0","13","3","-1","","","-1","0","-1","104070","-1","-1","-1","644","0"
"159955","0","2","3","-1","","","-1","-1","-1","101756","-1","-1","-1","645","200"
"159960","0","2","3","-1","","","-1","8","-1","101750","-1","-1","-1","646","200"
"159965","0","2","3","-1","","","-1","-1","-1","101758","-1","-1","-1","647","200"
"159970","0","11","3","-1","","","-1","16","-1","93595","-1","-1","-1","648","200"
"177888","0","2","3","-1","","","-1","32","-1","101758","-1","-1","-1","649","200"
"159976","0","11","3","-1","","","-1","-1","-1","93684","-1","-1","-1","650","200"
"177895","0","2","3","-1","","","-1","32","-1","101758","-1","-1","-1","651","200"
"142072","0","2","3","-1","","","-1","-1","-1","117779","-1","-1","-1","652","0"
"142074","0","2","3","-1","","","-1","-1","-1","73236","-1","-1","-1","653","0"
"159990","0","11","3","-1","","","-1","-1","-1","93691","-1","-1","-1","654","200"
"142076","0","2","3","-1","","","-1","-1","-1","72546","-1","-1","-1","655","0"
"168948","1","13","3","-1","","","-1","52","-1","57335","-1","-1","-1","656","100"
"142078","0","2","3","-1","","","-1","13","-1","72801","-1","-1","-1","657","0"
"177908","0","9","3","-1","","","-1","32","-1","101758","-1","-1","-1","658","200"
"159994","0","9","3","-1","","","-1","-1","-1","101756","-1","-1","-1","659","200"
"159998","0","11","3","-1","","","-1","8","-1","101750","-1","-1","-1","660","200"
"177913","0","9","3","-1","","","-1","32","-1","101758","-1","-1","-1","661","200"
"160002","0","9","3","-1","","","-1","-1","-1","101758","-1","-1","-1","662","200"
"160006","0","2","3","-1","","","-1","-1","-1","93684","-1","-1","-1","663","200"
"177929","0","2","3","-1","","","-1","32","-1","101758","-1","-1","-1","664","200"
"160015","0","2","3","-1","","","-1","-1","-1","93691","-1","-1","-1","665","200"
"160017","0","2","3","-1","","","-1","16","-1","93595","-1","-1","-1","666","200"
"177937","0","2","3","-1","","","-1","32","-1","101758","-1","-1","-1","667","200"
"160025","0","2","3","-1","","","-1","-1","-1","101756","-1","-1","-1","668","200"
"177941","0","2","3","-1","","","-1","32","-1","101758","-1","-1","-1","669","200"
"160030","0","2","3","-1","","","-1","8","-1","101750","-1","-1","-1","670","200"
"177945","0","9","3","-1","","","-1","-1","-1","101758","-1","-1","-1","671","200"
"186905","0","13","3","-1","","","-1","34","-1","57335","-1","-1","-1","672","100"
"160035","0","2","3","-1","","","-1","-1","-1","101758","-1","-1","-1","673","200"
"177950","0","11","3","-1","","","-1","32","-1","101758","-1","-1","-1","674","200"
"151087","1","13","3","-1","","","-1","-1","-1","87700","-1","-1","-1","675","0"
"142130","0","2","3","-1","","","-1","-1","-1","72221","-1","-1","-1","676","0"
"142132","0","2","3","-1","","","-1","-1","-1","117779","-1","-1","-1","677","0"
"142134","0","2","3","-1","","","-1","-1","-1","73236","-1","-1","-1","678","0"
"142136","0","2","3","-1","","","-1","-1","-1","72546","-1","-1","-1","679","0"
"142138","0","2","3","-1","","","-1","13","-1","72801","-1","-1","-1","680","0"
"142145","0","2","3","-1","","","-1","-1","-1","80322","-1","-1","-1","681","100"
"142149","0","2","3","-1","","","-1","58","-1","93396","-1","-1","-1","682","100"
"151107","0","2","3","-1","","","-1","50","-1","87700","-1","-1","-1","683","0"
"195897","0","7","3","-1","","","-1","60","-1","57335","-1","-1","-1","684","100"
"151123","1","13","3","-1","","","-1","46","-1","87700","-1","-1","-1","685","0"
"142169","0","2","3","-1","","","-1","0","-1","57331","-1","-1","-1","686","100"
"195913","0","2","3","-1","","","-1","0","-1","-1","-1","-1","-1","687","100"
"142174","0","2","3","-1","","","-1","1","-1","78264","-1","-1","-1","688","100"
"160091","0","7","3","-1","","","-1","-1","-1","93684","-1","-1","-1","689","200"
"142178","0","2","3","-1","","","-1","1","-1","78266","-1","-1","-1","690","100"
"142182","0","2","3","-1","","","-1","47","-1","57335","-1","-1","-1","691","100"
"142186","0","2","3","-1","","","-1","25","-1","57337","-1","-1","-1","692","100"
"142190","0","2","3","-1","","","-1","58","-1","93396","-1","-1","-1","693","100"
"142194","0","2","3","-1","","","-1","0","-1","57331","-1","-1","-1","694","100"
"160110","0","2","3","-1","","","-1","16","-1","93595","-1","-1","-1","695","200"
"142198","0","2","3","-1","","","-1","1","-1","78264","-1","-1","-1","696","100"
"160116","0","2","3","-1","","","-1","-1","-1","93684","-1","-1","-1","697","200"
"213860","1","13","3","-1","","","-1","9","-1","74128","-1","-1","-1","698","100"
"195946","0","7","3","-1","","","-1","60","-1","57335","-1","-1","-1","699","100"
"186990","3","10","3","-1","","","-1","40","-1","57335","-1","-1","-1","700","100"
"142205","0","2","3","-1","","","-1","1","-1","78266","-1","-1","-1","701","100"
"204905","1","13","3","-1","","","-1","-1","-1","93595","-1","-1","-1","702","200"
"160121","0","2","3","-1","","","-1","-1","-1","93691","-1","-1","-1","703","200"
"142209","0","2","3","-1","","","-1","47","-1","57335","-1","-1","-1","704","100"
"151167","1","13","3","-1","","","-1","46","-1","87700","-1","-1","-1","705","0"
"160125","0","2","3","-1","","","-1","-1","-1","101756","-1","-1","-1","706","200"
"142213","0","9","3","-1","","","-1","25","-1","57337","-1","-1","-1","707","100"
"160131","0","2","3","-1","","","-1","8","-1","101750","-1","-1","-1","708","200"
"160136","0","2","3","-1","","","-1","-1","-1","101758","-1","-1","-1","709","200"
"187015","3","10","3","-1","","","-1","39","-1","57337","-1","-1","-1","710","100"
"142230","0","2","3","-1","","","-1","58","-1","93396","-1","-1","-1","711","100"
"142235","0","2","3","-1","","","-1","0","-1","57331","-1","-1","-1","712","100"
"79537","0","9","3","-1","","","-1","7","-1","72095","-1","-1","-1","713","0"
"160152","0","2","3","-1","","","-1","16","-1","93595","-1","-1","-1","714","200"
"142239","0","2","3","-1","","","-1","1","-1","78264","-1","-1","-1","715","100"
"79541","0","9","3","-1","","","-1","7","-1","72095","-1","-1","-1","716","0"
"142243","0","2","3","-1","","","-1","1","-1","78266","-1","-1","-1","717","100"
"79547","0","9","3","-1","","","-1","7","-1","72095","-1","-1","-1","718","0"
"142247","0","2","3","-1","","","-1","47","-1","57335","-1","-1","-1","719","100"
"195990","5","13","3","-1","","","-1","0","-1","-1","-1","-1","-1","720","100"
"142251","0","2","3","-1","","","-1","25","-1","57337","-1","-1","-1","721","100"
"142258","0","2","3","-1","","","-1","0","-1","57331","-1","-1","-1","722","100"
"160173","0","2","3","-1","","","-1","-1","-1","93684","-1","-1","-1","723","200"
"142263","0","2","3","-1","","","-1","1","-1","78264","-1","-1","-1","724","100"
"160181","0","11","3","-1","","","-1","16","-1","93595","-1","-1","-1","725","200"
"142267","0","2","3","-1","","","-1","1","-1","78266","-1","-1","-1","726","100"
"142271","0","2","3","-1","","","-1","47","-1","57335","-1","-1","-1","727","100"
"142275","0","2","3","-1","","","-1","25","-1","57337","-1","-1","-1","728","100"
"160196","0","11","3","-1","","","-1","-1","-1","93684","-1","-1","-1","729","200"
"196041","1","13","3","-1","","","-1","54","-1","72221","-1","-1","-1","730","0"
"160214","0","11","3","-1","","","-1","-1","-1","93691","-1","-1","-1","731","200"
"196043","1","13","3","-1","","","-1","54","-1","72221","-1","-1","-1","732","0"
"187093","3","10","3","-1","","","-1","31","-1","78266","-1","-1","-1","733","100"
"160228","0","11","3","-1","","","-1","-1","-1","101756","-1","-1","-1","734","200"
"142325","0","2","3","-1","","","-1","58","-1","93396","-1","-1","-1","735","100"
"169197","1","13","3","-1","","","-1","52","-1","80322","-1","-1","-1","736","100"
"160245","0","11","3","-1","","","-1","8","-1","101750","-1","-1","-1","737","200"
"142334","0","10","3","-1","","","-1","2","-1","72801","-1","-1","-1","738","0"
"142336","0","2","3","-1","","","-1","21","-1","57331","-1","-1","-1","739","100"
"160260","0","11","3","-1","","","-1","-1","-1","101758","-1","-1","-1","740","200"
"187134","0","9","3","-1","","","-1","8","-1","93595","-1","-1","-1","741","200"
"187138","0","9","3","-1","","","-1","-1","-1","93684","-1","-1","-1","742","200"
"187142","0","9","3","-1","","","-1","-1","-1","93691","-1","-1","-1","743","200"
"169231","3","10","3","-1","","","-1","0","-1","-1","-1","-1","-1","744","100"
"187146","0","9","3","-1","","","-1","-1","-1","101756","-1","-1","-1","745","200"
"187150","0","9","3","-1","","","-1","-1","-1","101750","-1","-1","-1","746","200"
"106538","0","2","3","-1","","","-1","0","-1","106541","-1","-1","-1","747","0"
"160283","0","9","3","-1","","","-1","16","-1","93595","-1","-1","-1","748","200"
"187155","0","9","3","-1","","","-1","-1","-1","101758","-1","-1","-1","749","200"
"106543","1","11","3","-1","","","-1","7","-1","106541","-1","-1","-1","750","0"
"160289","0","9","3","-1","","","-1","-1","-1","93684","-1","-1","-1","751","200"
"187161","0","13","3","-1","","","-1","69","-1","73236","-1","-1","-1","752","0"
"160293","0","9","3","-1","","","-1","-1","-1","93691","-1","-1","-1","753","200"
"169261","3","10","3","-1","","","-1","0","-1","-1","-1","-1","-1","754","200"
"160307","0","9","3","-1","","","-1","-1","-1","101756","-1","-1","-1","755","200"
"187182","0","10","3","-1","","","-1","31","-1","78266","-1","-1","-1","756","100"
"142401","0","2","3","-1","","","-1","-1","-1","57331","-1","-1","-1","757","100"
"169275","3","10","3","-1","","","-1","0","-1","-1","-1","-1","-1","758","200"
"160322","0","9","3","-1","","","-1","8","-1","101750","-1","-1","-1","759","200"
"196152","1","13","3","-1","","","-1","-1","-1","93684","-1","-1","-1","760","200"
"187197","0","10","3","-1","","","-1","31","-1","78266","-1","-1","-1","761","100"
"169289","3","10","3","-1","","","-1","0","-1","-1","-1","-1","-1","762","200"
"160336","0","9","3","-1","","","-1","-1","-1","101758","-1","-1","-1","763","200"
"205123","0","11","3","-1","","","-1","18","-1","93684","-1","-1","-1","764","200"
"205127","0","11","3","-1","","","-1","18","-1","93684","-1","-1","-1","765","200"
"160354","0","2","3","-1","","","-1","16","-1","93595","-1","-1","-1","766","200"
"169319","3","10","3","-1","","","-1","0","-1","-1","-1","-1","-1","767","300"
"160362","0","2","3","-1","","","-1","-1","-1","93684","-1","-1","-1","768","200"
"160367","0","2","3","-1","","","-1","-1","-1","93691","-1","-1","-1","769","200"
"160372","0","2","3","-1","","","-1","-1","-1","101756","-1","-1","-1","770","200"
"160377","0","2","3","-1","","","-1","8","-1","101750","-1","-1","-1","771","200"
"160382","0","2","3","-1","","","-1","-1","-1","101758","-1","-1","-1","772","200"
"169345","3","10","3","-1","","","-1","0","-1","-1","-1","-1","-1","773","300"
"187263","0","7","3","-1","","","-1","8","-1","57335","-1","-1","-1","774","100"
"61866","0","13","3","-1","","","-1","35","-1","57337","-1","-1","-1","775","100"
"187278","0","7","3","-1","","","-1","8","-1","57335","-1","-1","-1","776","100"
"142547","0","10","3","-1","","","-1","58","-1","93396","-1","-1","-1","777","100"
"142549","0","10","3","-1","","","-1","-1","-1","78264","-1","-1","-1","778","100"
"142551","0","10","3","-1","","","-1","27","-1","57339","-1","-1","-1","779","100"
"142563","0","9","3","-1","","","-1","-1","-1","78264","-1","-1","-1","780","100"
"178394","0","13","3","-1","","","-1","69","-1","73236","-1","-1","-1","781","0"
"205268","1","13","3","-1","","","-1","1","-1","205337","-1","-1","-1","782","200"
"205272","1","13","3","-1","","","-1","0","-1","-1","-1","-1","-1","783","200"
"205276","0","7","3","-1","","","-1","0","-1","-1","-1","-1","-1","784","200"
"151534","3","10","3","-1","","","-1","-1","-1","93595","-1","-1","-1","785","200"
"151536","3","10","3","-1","","","-1","-1","-1","101750","-1","-1","-1","786","200"
"151538","3","10","3","-1","","","-1","-1","-1","101750","-1","-1","-1","787","200"
"205285","0","2","3","-1","","","-1","0","-1","-1","-1","-1","-1","788","200"
"106760","0","7","3","-1","","","-1","21","-1","72801","-1","-1","-1","789","0"
"205290","0","10","3","-1","","","-1","50","-1","80322","-1","-1","-1","790","100"
"205296","1","11","3","-1","","","-1","2","-1","57331","-1","-1","-1","791","100"
"196366","1","13","3","-1","","","-1","-1","-1","101758","-1","-1","-1","792","200"
"160538","0","10","3","-1","","","-1","42","-1","87700","-1","-1","-1","793","0"
"205324","0","7","3","-1","","","-1","0","-1","-1","-1","-1","-1","794","200"
"142629","0","9","3","-1","","","-1","-2","-1","-1","-1","-1","-1","795","0"
"97852","5","13","3","-1","","","-1","50","-1","80322","-1","-1","-1","796","100"
"142647","0","9","3","-1","","","-1","25","-1","57337","-1","-1","-1","797","100"
"178525","5","9","3","-1","","","-1","0","-1","-1","-1","-1","-1","798","200"
"160629","0","10","3","-1","","","-1","42","-1","87700","-1","-1","-1","799","0"
"142720","0","9","3","-1","","","-1","-2","-1","-1","-1","-1","-1","800","0"
"142722","0","9","3","-1","","","-1","-2","-1","-1","-1","-1","-1","801","0"
"160644","1","13","3","-1","","","-1","5","-1","101758","-1","-1","-1","802","200"
"187521","0","13","3","-1","","","-1","8","-1","57335","-1","-1","-1","803","100"
"151713","3","10","3","-1","","","-1","-1","-1","93595","-1","-1","-1","804","200"
"151716","0","10","3","-1","","","-1","-1","-1","93595","-1","-1","-1","805","200"
"151718","3","10","3","-1","","","-1","-1","-1","93691","-1","-1","-1","806","200"
"187581","0","10","3","-1","","","-1","8","-1","57335","-1","-1","-1","807","100"
"80100","0","9","3","-1","","","-1","35","-1","72221","-1","-1","-1","808","0"
"187606","0","10","3","-1","","","-1","8","-1","57335","-1","-1","-1","809","100"
"196579","1","13","3","-1","","","-1","-1","-1","114795","-1","-1","-1","810","300"
"196583","0","13","3","-1","","","-1","-1","-1","114795","-1","-1","-1","811","300"
"142846","3","10","3","-1","","","-1","35","-1","72221","-1","-1","-1","812","0"
"187652","0","9","3","-1","","","-1","30","-1","113910","-1","-1","-1","813","300"
"187656","0","9","3","-1","","","-1","-1","-1","112498","-1","-1","-1","814","300"
"187660","0","9","3","-1","","","-1","30","-1","113910","-1","-1","-1","815","300"
"187665","0","9","3","-1","","","-1","-1","-1","114795","-1","-1","-1","816","300"
"187670","0","9","3","-1","","","-1","-1","-1","114901","-1","-1","-1","817","300"
"116021","5","7","3","-1","","","-1","-2","-1","-1","-1","-1","-1","818","100"
"142906","0","9","3","-1","","","-1","-1","-1","93396","-1","-1","-1","819","100"
"107080","1","13","3","-1","","","-1","-1","-1","107098","-1","-1","-1","820","0"
"142910","0","9","3","-1","","","-1","-1","-1","78264","-1","-1","-1","821","100"
"116078","0","11","3","-1","","","-1","41","-1","72221","-1","-1","-1","822","0"
"142963","0","9","3","-1","","","-1","1","-1","78266","-1","-1","-1","823","100"
"116126","0","9","3","-1","","","-1","-1","-1","117779","-1","-1","-1","824","0"
"80312","0","13","3","-1","","","-1","27","-1","57339","-1","-1","-1","825","100"
"80314","0","9","3","-1","","","-1","58","-1","80322","-1","-1","-1","826","100"
"107186","1","13","3","-1","","","-1","10","-1","107098","-1","-1","-1","827","0"
"143020","3","10","3","-1","","","-1","35","-1","72221","-1","-1","-1","828","0"
"178852","0","11","3","-1","","","-1","21","-1","121792","-1","-1","-1","829","100"
"80329","1","13","3","-1","","","-1","27","-1","57339","-1","-1","-1","830","100"
"143055","0","9","3","-1","","","-1","-1","-1","80322","-1","-1","-1","831","100"
"152021","3","10","3","-1","","","-1","-1","-1","93595","-1","-1","-1","832","200"
"143064","0","2","3","-1","","","-1","-1","-1","80322","-1","-1","-1","833","100"
"17667","1","13","3","-1","","","-1","17","-1","72095","-1","-1","-1","834","0"
"152025","3","10","3","-1","","","-1","-1","-1","93684","-1","-1","-1","835","200"
"143068","0","9","3","-1","","","-1","-1","-1","80322","-1","-1","-1","836","100"
"152027","3","10","3","-1","","","-1","-1","-1","101756","-1","-1","-1","837","200"
"17680","1","13","3","-1","","","-1","-2","-1","-1","-1","-1","-1","838","-1"
"17693","0","10","3","-1","","","-1","42","-1","87700","-1","-1","-1","839","0"
"62505","1","13","3","-1","","","-1","21","-1","57337","-1","-1","-1","840","100"
"62511","0","13","3","-1","","","-1","21","-1","57337","-1","-1","-1","841","100"
"143146","3","10","3","-1","","","-1","35","-1","72221","-1","-1","-1","842","0"
"62544","0","6","3","-1","","","-1","1","-1","60836","-1","-1","-1","843","100"
"62546","0","6","3","-1","","","-1","1","-1","60836","-1","-1","-1","844","100"
"62548","0","6","3","-1","","","-1","1","-1","60836","-1","-1","-1","845","100"
"17800","2","9","3","-1","","","-1","-2","-1","-1","-1","-1","-1","846","-1"
"80513","1","13","3","-1","","","-1","33","-1","57337","-1","-1","-1","847","100"
"134266","1","13","3","-1","","","-1","8","-1","101750","-1","-1","-1","848","200"
"134282","5","11","3","-1","","","-1","5","-1","93691","-1","-1","-1","849","200"
"134291","1","13","3","-1","","","-1","3","-1","93595","-1","-1","-1","850","200"
"152219","0","10","3","-1","","","-1","-1","-1","72095","-1","-1","-1","851","0"
"134311","1","13","3","-1","","","-1","2","-1","93684","-1","-1","-1","852","200"
"107480","5","11","3","-1","","","-1","-2","-1","-1","-1","-1","-1","853","0"
"471065","0","9","3","-1","","","-1","-1","-1","-1","-1","-1","-1","854","0"
"471076","0","9","3","-1","","","-1","-1","-1","-1","-1","-1","-1","855","0"