"DRLGParamsId","DRLGCommandId"
"1","1"
"1","2"
"1","3"
"1","4"
"1","5"
"1","6"
"1","7"
"2","8"
"2","9"
"2","10"
"2","11"
"2","12"
"2","13"
"2","14"
"2","15"
"2","16"
"2","17"
"2","18"
"2","19"
"3","20"
"3","21"
"3","22"
"3","23"
"3","24"
"3","25"
"3","26"
"3","27"
"3","28"
"3","29"
"3","30"
"3","31"
"4","32"
"4","33"
"4","34"
"4","35"
"4","36"
"4","37"
"4","38"
"4","39"
"4","40"
"4","41"
"4","42"
"4","43"
"4","44"
"4","45"
"4","46"
"5","47"
"5","48"
"5","49"
"6","50"
"6","51"
"6","52"
"6","53"
"7","54"
"7","55"
"7","56"
"7","57"
"7","58"
"7","59"
"7","60"
"7","61"
"7","62"
"7","63"
"8","64"
"8","65"
"8","66"
"8","67"
"8","68"
"8","69"
"8","70"
"8","71"
"8","72"
"8","73"
"9","74"
"9","75"
"9","76"
"9","77"
"9","78"
"10","79"
"10","80"
"10","81"
"10","82"
"11","83"
"11","84"
"11","85"
"11","86"
"11","87"
"11","88"
"12","89"
"12","90"
"12","91"
"12","92"
"13","93"
"13","94"
"13","95"
"13","96"
"13","97"
"13","98"
"13","99"
"13","100"
"14","101"
"15","102"
"16","103"