"DRLGParamsId","TileInfoId"
"1","1"
"1","2"
"1","3"
"1","4"
"1","5"
"1","6"
"1","7"
"1","8"
"1","9"
"1","10"
"1","11"
"1","12"
"1","13"
"1","14"
"1","15"
"1","16"
"1","17"
"1","18"
"1","19"
"1","20"
"1","21"
"1","22"
"1","24"
"1","25"
"1","27"
"1","28"
"1","29"
"2","30"
"2","32"
"2","33"
"2","34"
"2","35"
"2","36"
"2","37"
"2","38"
"2","39"
"2","40"
"2","41"
"2","42"
"2","43"
"2","44"
"2","45"
"2","46"
"2","47"
"2","49"
"2","50"
"2","51"
"2","52"
"2","53"
"2","54"
"2","55"
"2","56"
"2","57"
"2","58"
"2","59"
"2","60"
"2","61"
"2","62"
"2","63"
"2","64"
"3","65"
"3","66"
"3","67"
"3","68"
"3","69"
"3","70"
"3","71"
"3","72"
"3","73"
"3","74"
"3","75"
"3","76"
"3","77"
"3","78"
"3","79"
"3","80"
"3","81"
"3","82"
"3","83"
"3","84"
"3","85"
"3","86"
"3","87"
"3","88"
"3","89"
"3","90"
"3","91"
"3","92"
"3","93"
"3","94"
"3","95"
"3","96"
"3","98"
"3","99"
"4","100"
"4","101"
"4","102"
"4","103"
"4","104"
"4","105"
"4","106"
"4","107"
"4","108"
"4","109"
"4","110"
"4","111"
"4","113"
"4","114"
"4","115"
"4","116"
"4","117"
"4","118"
"4","119"
"4","120"
"4","121"
"4","122"
"4","123"
"4","124"
"4","125"
"4","126"
"4","127"
"4","128"
"4","129"
"5","130"
"5","131"
"5","132"
"5","133"
"5","134"
"5","135"
"5","136"
"5","137"
"5","138"
"5","139"
"5","140"
"5","141"
"5","142"
"5","143"
"5","144"
"5","145"
"5","147"
"5","148"
"5","149"
"5","150"
"5","151"
"5","152"
"5","153"
"5","154"
"5","155"
"5","156"
"5","157"
"5","158"
"5","159"
"7","166"
"7","167"
"7","168"
"7","169"
"7","170"
"7","171"
"7","172"
"7","173"
"7","174"
"7","175"
"7","176"
"7","177"
"7","178"
"7","179"
"7","180"
"7","181"
"7","182"
"7","183"
"7","184"
"7","185"
"7","186"
"7","187"
"7","188"
"7","189"
"7","190"
"7","191"
"7","192"
"7","193"
"7","194"
"7","195"
"7","196"
"7","197"
"7","198"
"8","199"
"8","200"
"8","201"
"8","202"
"8","203"
"8","205"
"8","206"
"8","207"
"8","208"
"8","210"
"8","212"
"9","213"
"9","214"
"9","215"
"9","216"
"9","217"
"9","218"
"9","219"
"9","220"
"9","221"
"9","222"
"9","223"
"9","224"
"9","225"
"9","226"
"9","227"
"9","228"
"9","229"
"9","230"
"9","231"
"9","232"
"9","233"
"9","234"
"9","235"
"9","236"
"10","237"
"10","238"
"10","239"
"10","240"
"10","241"
"10","242"
"10","243"
"10","244"
"10","245"
"10","246"
"10","248"
"10","249"
"10","250"
"10","251"
"10","252"
"10","253"
"10","254"
"10","255"
"10","256"
"10","257"
"10","258"
"10","259"
"10","260"
"11","261"
"11","262"
"11","263"
"11","264"
"11","265"
"11","266"
"12","267"
"12","268"
"12","269"
"12","270"
"12","271"
"12","272"
"12","273"
"12","274"
"12","275"
"12","276"
"12","277"
"12","278"
"12","279"
"12","280"
"13","281"
"13","282"
"13","283"
"13","284"
"13","285"
"13","286"
"13","287"
"13","288"
"13","289"
"13","290"
"13","291"
"13","292"
"13","293"
"13","294"
"13","295"
"13","296"
"13","297"
"13","298"
"13","299"
"13","300"
"13","301"
"13","302"
"13","303"
"14","308"
"14","309"
"14","310"
"14","311"
"14","312"
"14","313"
"14","314"
"14","315"
"14","316"
"14","317"
"14","318"
"14","319"
"14","320"
"14","321"
"14","322"
"14","323"
"14","324"
"14","325"
"14","326"
"14","327"
"15","328"
"15","330"
"15","331"
"15","332"
"15","333"
"15","334"
"15","336"
"15","337"
"15","338"
"15","339"
"15","340"
"15","341"
"15","344"
"15","345"
"15","346"
"15","347"
"15","348"
"15","349"
"15","350"
"15","351"
"15","352"
"15","353"
"15","354"
"15","355"
"15","356"
"15","357"
"15","358"
"15","359"
"15","360"
"15","361"
"15","362"
"15","363"
"15","364"
"15","367"
"15","368"
"15","369"
"15","370"
"15","372"
"15","373"
"15","374"
"15","375"
"15","376"
"15","377"
"15","379"
"15","380"
"15","381"
"16","382"
"16","383"
"16","384"
"16","385"
"16","386"
"16","387"
"16","393"
"16","397"
"16","403"
"16","405"
"17","407"
"18","408"
"18","409"
"18","410"
"18","411"
"18","412"
"18","414"
"18","415"
"18","416"
"18","417"
"18","418"
"18","419"
"18","420"
"18","421"
"18","422"
"18","423"
"18","424"
"18","425"
"18","426"
"18","427"
"18","428"
"18","429"
"18","430"
"18","431"
"18","432"
"18","433"
"18","434"
"18","435"
"18","436"
"18","437"
"18","438"
"18","439"
"18","440"
"18","441"
"18","442"
"18","443"
"18","444"
"18","445"
"18","446"
"18","447"
"18","448"
"19","408"
"19","409"
"19","410"
"19","411"
"19","412"
"19","413"
"19","416"
"19","417"
"19","418"
"19","419"
"19","420"
"19","421"
"19","422"
"19","423"
"19","424"
"19","425"
"19","426"
"19","427"
"19","428"
"19","429"
"19","430"
"19","431"
"19","432"
"19","434"
"19","435"
"19","436"
"19","437"
"19","438"
"19","439"
"19","440"
"19","441"
"19","442"
"19","443"
"19","446"
"19","449"
"20","408"
"20","409"
"20","410"
"20","411"
"20","412"
"20","413"
"20","416"
"20","417"
"20","418"
"20","419"
"20","420"
"20","421"
"20","422"
"20","423"
"20","424"
"20","425"
"20","426"
"20","427"
"20","428"
"20","429"
"20","430"
"20","431"
"20","432"
"20","434"
"20","435"
"20","436"
"20","437"
"20","438"
"20","439"
"20","440"
"20","441"
"20","442"
"20","443"
"20","446"
"21","450"
"21","451"
"21","452"
"21","453"
"21","454"
"21","455"
"21","456"
"21","457"
"21","458"
"21","459"
"21","460"
"21","461"
"21","462"
"21","463"
"21","464"
"21","465"
"21","466"
"21","467"
"21","468"
"21","469"
"22","471"
"22","472"
"22","479"
"22","480"
"22","481"
"22","482"
"22","483"
"22","484"
"22","485"
"22","486"
"22","487"
"22","488"
"22","489"
"22","490"
"22","491"
"22","492"
"22","493"
"22","494"
"22","495"
"22","496"
"22","497"
"22","498"
"22","499"
"22","500"
"22","501"
"22","502"
"22","503"
"22","504"
"22","505"
"22","506"
"22","507"
"22","508"
"22","509"
"22","510"
"22","511"
"22","512"
"22","513"
"22","514"
"22","478"
"23","471"
"23","472"
"23","475"
"23","476"
"23","477"
"23","478"
"23","479"
"23","482"
"23","483"
"23","484"
"23","485"
"23","486"
"23","487"
"23","488"
"23","489"
"23","490"
"23","492"
"23","493"
"23","494"
"23","495"
"23","496"
"23","497"
"23","498"
"23","499"
"23","500"
"23","505"
"23","506"
"23","507"
"23","508"
"23","509"
"23","510"
"20","414"
"20","415"
"20","445"
"17","568"
"17","569"
"17","570"
"17","571"
"17","572"
"6","992"
"6","161"
"6","162"
"6","163"
"6","165"
"6","164"
"25","985"
"25","986"
"25","987"
"25","988"
"25","991"
"26","985"
"26","986"
"26","987"
"26","988"
"26","989"
"26","990"
"26","991"
"28","232"
"27","232"
"26","232"
"25","232"
"25","235"
"25","989"
"25","990"
"25","216"
"25","222"
"36","992"
"36","994"
"36","995"
"36","998"
"36","999"
"36","1000"
"36","1003"
"36","1006"
"36","1007"
"36","1008"
"36","1010"
"36","1012"
"36","1013"
"36","1014"
"36","1016"
"36","1017"
"36","1018"
"36","1019"
"36","1020"
"36","1021"
"36","1022"
"36","1023"
"36","1024"
"36","1025"
"36","1026"
"36","1027"
"36","1028"
"36","1030"
"36","1032"
"36","1033"
"36","1034"
"36","1036"
"36","1038"
"36","1040"
"36","1043"
"36","1044"
"36","1046"
"36","1047"
"36","1048"
"36","1049"
"36","1051"
"36","1052"
"36","1053"
"36","1054"
"36","1057"
"39","644"
"39","646"
"39","647"
"39","648"
"39","649"
"41","644"
"41","645"
"41","646"
"41","649"
"39","677"
"39","679"
"39","680"
"39","681"
"39","682"
"39","683"
"39","684"
"39","685"
"39","686"
"39","687"
"39","688"
"39","689"
"39","690"
"39","692"
"39","693"
"39","694"
"39","695"
"39","696"
"39","697"
"39","699"
"39","700"
"41","677"
"41","678"
"41","679"
"41","681"
"41","682"
"41","683"
"41","684"
"41","685"
"41","686"
"41","687"
"41","689"
"41","690"
"41","691"
"41","692"
"41","694"
"41","697"
"41","698"
"41","699"
"43","588"
"43","589"
"43","590"
"43","591"
"43","592"
"43","593"
"43","594"
"43","597"
"43","598"
"43","599"
"43","600"
"43","601"
"43","602"
"43","604"
"43","605"
"43","606"
"43","607"
"47","608"
"43","610"
"43","611"
"43","612"
"43","613"
"43","614"
"43","615"
"43","617"
"43","618"
"43","619"
"43","620"
"43","621"
"43","623"
"43","624"
"43","625"
"43","626"
"43","627"
"43","628"
"43","629"
"43","630"
"43","631"
"43","632"
"6","996"
"6","1011"
"6","1037"
"6","1055"
"6","1030"
"6","995"
"6","1010"
"6","1036"
"6","1054"
"36","1001"
"1","23"
"37","992"
"37","994"
"37","995"
"37","996"
"37","998"
"37","1003"
"37","1006"
"37","1007"
"37","1008"
"37","1010"
"37","1011"
"37","1012"
"37","1013"
"37","1016"
"37","1017"
"37","1018"
"37","1019"
"37","1020"
"37","1021"
"37","1022"
"37","1023"
"37","1024"
"37","1025"
"37","1026"
"37","1027"
"37","1028"
"37","1030"
"37","1032"
"37","1033"
"37","1034"
"37","1036"
"37","1037"
"37","1038"
"37","1043"
"37","1044"
"37","1046"
"37","1047"
"37","1048"
"37","1049"
"37","1051"
"37","1052"
"37","1053"
"37","1054"
"37","1055"
"25","213"
"25","225"
"25","230"
"26","213"
"26","216"
"26","225"
"26","230"
"27","213"
"27","216"
"27","225"
"27","230"
"28","213"
"28","216"
"28","225"
"28","230"
"29","213"
"29","216"
"29","225"
"29","230"
"30","213"
"30","216"
"30","225"
"30","230"
"29","977"
"29","978"
"29","979"
"29","980"
"29","982"
"29","983"
"29","984"
"29","233"
"29","234"
"29","235"
"29","236"
"30","977"
"30","978"
"30","979"
"30","980"
"30","982"
"30","983"
"30","984"
"30","299"
"30","300"
"30","301"
"30","302"
"25","221"
"26","222"
"26","221"
"25","229"
"26","229"
"26","299"
"26","300"
"26","301"
"26","302"
"25","233"
"25","234"
"25","236"
"29","232"
"30","232"
"28","299"
"28","300"
"28","301"
"28","302"
"27","214"
"27","233"
"27","215"
"27","217"
"27","218"
"27","234"
"27","219"
"27","220"
"27","221"
"27","222"
"27","223"
"27","224"
"27","226"
"27","235"
"27","227"
"27","228"
"27","229"
"27","231"
"27","236"
"28","214"
"28","215"
"28","217"
"28","218"
"28","219"
"28","220"
"28","221"
"28","222"
"28","223"
"28","224"
"28","226"
"28","227"
"28","228"
"28","229"
"28","231"
"44","588"
"44","589"
"44","590"
"44","591"
"44","592"
"44","593"
"44","594"
"44","597"
"44","598"
"44","599"
"44","600"
"44","601"
"44","602"
"44","604"
"44","605"
"44","606"
"44","607"
"44","610"
"44","611"
"44","612"
"44","613"
"44","614"
"44","615"
"44","617"
"44","618"
"44","619"
"44","620"
"44","621"
"44","623"
"44","624"
"44","625"
"44","626"
"44","627"
"44","628"
"44","629"
"44","630"
"44","631"
"44","632"
"54","1060"
"54","1061"
"54","1062"
"54","1064"
"54","1065"
"54","1066"
"54","1067"
"54","1068"
"54","1069"
"54","1070"
"54","1071"
"54","1072"
"54","1074"
"54","1075"
"54","1076"
"54","1077"
"54","1078"
"54","1079"
"54","1080"
"54","1081"
"54","1082"
"54","1083"
"54","1084"
"54","1085"
"54","1086"
"54","1063"
"54","1073"
"57","1087"
"57","1089"
"57","1090"
"57","1091"
"57","1092"
"57","1093"
"57","1094"
"57","1095"
"57","1097"
"57","1098"
"57","1099"
"57","1100"
"57","1101"
"57","1102"
"57","1103"
"57","1104"
"57","1105"
"57","1106"
"57","1107"
"57","1108"
"57","1110"
"57","1111"
"57","1112"
"57","1113"
"57","1114"
"57","1115"
"57","1116"
"57","1119"
"57","1120"
"57","1121"
"56","1087"
"56","1088"
"56","1089"
"56","1090"
"56","1092"
"56","1093"
"56","1094"
"56","1095"
"56","1096"
"56","1097"
"56","1098"
"56","1100"
"56","1101"
"56","1102"
"56","1103"
"56","1104"
"56","1105"
"56","1106"
"56","1107"
"56","1108"
"56","1109"
"56","1110"
"56","1111"
"56","1113"
"56","1114"
"56","1115"
"56","1116"
"56","1118"
"56","1119"
"56","1120"
"55","1087"
"55","1088"
"55","1089"
"55","1090"
"55","1092"
"55","1093"
"55","1094"
"55","1095"
"55","1096"
"55","1097"
"55","1098"
"55","1100"
"55","1101"
"55","1102"
"55","1103"
"55","1104"
"55","1105"
"55","1106"
"55","1107"
"55","1108"
"55","1109"
"55","1110"
"55","1111"
"55","1113"
"55","1114"
"55","1115"
"55","1116"
"55","1118"
"55","1119"
"55","1120"
"24","1087"
"24","1088"
"24","1089"
"24","1090"
"24","1092"
"24","1093"
"24","1094"
"24","1095"
"24","1096"
"24","1097"
"24","1098"
"24","1100"
"24","1101"
"24","1102"
"24","1103"
"24","1104"
"24","1105"
"24","1106"
"24","1107"
"24","1108"
"24","1109"
"24","1110"
"24","1111"
"24","1113"
"24","1114"
"24","1115"
"24","1116"
"24","1118"
"24","1119"
"24","1120"
"50","644"
"50","646"
"50","647"
"50","648"
"50","649"
"50","677"
"50","679"
"50","680"
"50","681"
"50","682"
"50","683"
"50","684"
"50","685"
"50","686"
"50","687"
"50","688"
"50","689"
"50","690"
"50","692"
"50","693"
"50","694"
"50","695"
"50","696"
"50","697"
"50","699"
"50","700"
"51","644"
"51","645"
"51","646"
"51","649"
"51","677"
"51","679"
"51","681"
"51","682"
"51","683"
"51","684"
"51","685"
"51","686"
"51","687"
"51","689"
"51","690"
"51","692"
"51","694"
"51","697"
"51","699"
"59","516"
"59","524"
"59","525"
"59","526"
"59","528"
"59","530"
"59","531"
"59","532"
"59","548"
"59","549"
"59","550"
"59","552"
"59","555"
"59","556"
"59","557"
"59","558"
"59","559"
"59","562"
"59","565"
"59","566"
"59","567"
"59","1122"
"59","1123"
"59","1125"
"59","1127"
"59","1128"
"59","1129"
"59","1130"
"59","1131"
"59","1132"
"59","1133"
"59","1134"
"59","1135"
"59","1137"
"60","516"
"60","524"
"60","525"
"60","526"
"60","528"
"60","530"
"60","531"
"60","532"
"60","548"
"60","549"
"60","550"
"60","552"
"60","555"
"60","556"
"60","557"
"60","558"
"60","559"
"60","562"
"60","565"
"60","566"
"60","567"
"60","1122"
"60","1123"
"60","1125"
"60","1127"
"60","1128"
"60","1129"
"60","1130"
"60","1131"
"60","1132"
"60","1133"
"60","1134"
"60","1135"
"60","1137"
"61","516"
"61","524"
"61","525"
"61","526"
"61","528"
"61","530"
"61","531"
"61","532"
"61","548"
"61","549"
"61","550"
"61","552"
"61","555"
"61","556"
"61","557"
"61","558"
"61","559"
"61","560"
"61","561"
"61","562"
"61","563"
"61","564"
"61","565"
"61","566"
"61","567"
"61","1122"
"61","1123"
"61","1125"
"61","1127"
"61","1128"
"61","1129"
"61","1130"
"61","1131"
"61","1132"
"61","1133"
"61","1134"
"61","1135"
"61","1137"
"25","215"
"25","218"
"25","219"
"25","220"
"25","223"
"25","224"
"25","227"
"25","228"
"26","215"
"26","218"
"26","219"
"26","220"
"26","223"
"26","224"
"26","227"
"26","228"
"29","215"
"29","218"
"29","219"
"29","220"
"29","223"
"29","224"
"29","227"
"29","228"
"30","215"
"30","218"
"30","219"
"30","220"
"30","223"
"30","224"
"30","227"
"30","228"
"25","1139"
"26","1139"
"27","1139"
"28","1139"
"29","1139"
"30","1139"
"46","616"
"46","589"
"46","597"
"46","622"
"46","588"
"52","676"
"52","675"
"52","673"
"52","672"
"52","671"
"52","670"
"52","669"
"52","668"
"52","666"
"52","665"
"52","664"
"52","662"
"52","661"
"52","660"
"52","659"
"52","658"
"52","657"
"52","655"
"52","654"
"52","653"
"52","652"
"52","650"
"52","649"
"53","649"
"53","650"
"53","651"
"53","652"
"53","654"
"53","655"
"53","656"
"53","657"
"53","659"
"53","660"
"53","661"
"53","662"
"53","664"
"53","665"
"53","666"
"53","667"
"53","668"
"53","670"
"53","671"
"53","672"
"53","673"
"53","674"
"53","675"
"63","649"
"63","650"
"63","652"
"63","653"
"63","654"
"63","655"
"63","657"
"63","658"
"63","659"
"63","660"
"63","661"
"63","662"
"63","664"
"63","665"
"63","666"
"63","668"
"63","669"
"63","670"
"63","671"
"63","672"
"63","673"
"63","675"
"63","676"
"66","649"
"66","650"
"66","651"
"66","652"
"66","654"
"66","655"
"66","656"
"66","657"
"66","659"
"66","660"
"66","661"
"66","662"
"66","664"
"66","665"
"66","666"
"66","667"
"66","668"
"66","670"
"66","671"
"66","672"
"66","673"
"66","674"
"66","675"
"64","649"
"64","650"
"64","652"
"64","653"
"64","654"
"64","655"
"64","657"
"64","658"
"64","659"
"64","660"
"64","661"
"64","662"
"64","664"
"64","665"
"64","666"
"64","668"
"64","669"
"64","670"
"64","671"
"64","672"
"64","673"
"64","675"
"64","676"
"65","649"
"65","650"
"65","651"
"65","652"
"65","654"
"65","655"
"65","656"
"65","657"
"65","659"
"65","660"
"65","661"
"65","662"
"65","664"
"65","665"
"65","666"
"65","667"
"65","668"
"65","670"
"65","671"
"65","672"
"65","673"
"65","674"
"65","675"
"68","644"
"68","646"
"68","647"
"68","648"
"68","649"
"68","677"
"68","679"
"68","680"
"68","681"
"68","682"
"68","683"
"68","684"
"68","685"
"68","686"
"68","687"
"68","688"
"68","689"
"68","690"
"68","692"
"68","693"
"68","694"
"68","695"
"68","696"
"68","697"
"68","699"
"68","700"
"67","644"
"67","645"
"67","646"
"67","648"
"67","649"
"67","677"
"67","678"
"67","679"
"67","681"
"67","682"
"67","683"
"67","684"
"67","685"
"67","686"
"67","687"
"67","688"
"67","689"
"67","690"
"67","691"
"67","692"
"67","694"
"67","695"
"67","696"
"67","697"
"67","698"
"67","699"
"77","946"
"77","948"
"77","949"
"77","950"
"77","951"
"77","952"
"77","954"
"77","955"
"77","956"
"77","957"
"77","958"
"77","959"
"77","960"
"77","961"
"77","962"
"77","963"
"77","965"
"77","966"
"77","967"
"77","968"
"77","969"
"77","970"
"77","972"
"77","973"
"80","946"
"80","947"
"80","948"
"80","950"
"80","951"
"80","952"
"80","953"
"80","954"
"80","956"
"80","957"
"80","958"
"80","959"
"80","960"
"80","961"
"80","962"
"80","963"
"80","964"
"80","965"
"80","967"
"80","968"
"80","969"
"80","970"
"80","971"
"80","972"
"78","946"
"78","948"
"78","949"
"78","950"
"78","951"
"78","952"
"78","954"
"78","955"
"78","956"
"78","957"
"78","958"
"78","959"
"78","960"
"78","961"
"78","962"
"78","963"
"78","965"
"78","966"
"78","967"
"78","968"
"78","969"
"78","970"
"78","972"
"78","973"
"79","946"
"79","947"
"79","948"
"79","950"
"79","951"
"79","952"
"79","953"
"79","954"
"79","956"
"79","957"
"79","958"
"79","959"
"79","960"
"79","961"
"79","962"
"79","963"
"79","964"
"79","965"
"79","967"
"79","968"
"79","969"
"79","970"
"79","971"
"79","972"
"81","328"
"81","330"
"81","331"
"81","332"
"81","333"
"81","334"
"81","336"
"81","337"
"81","338"
"81","339"
"81","340"
"81","341"
"81","344"
"81","345"
"81","346"
"81","347"
"81","348"
"81","349"
"81","350"
"81","351"
"81","352"
"81","353"
"81","354"
"81","355"
"81","356"
"81","357"
"81","358"
"81","359"
"81","360"
"81","361"
"81","362"
"81","363"
"81","364"
"81","367"
"81","368"
"81","369"
"81","370"
"81","372"
"81","373"
"81","374"
"81","375"
"81","376"
"81","377"
"81","379"
"81","380"
"81","381"
"90","328"
"90","330"
"90","331"
"90","332"
"90","333"
"90","334"
"90","336"
"90","337"
"90","338"
"90","339"
"90","340"
"90","341"
"90","344"
"90","345"
"90","346"
"90","347"
"90","348"
"90","349"
"90","350"
"90","351"
"90","352"
"90","353"
"90","354"
"90","355"
"90","356"
"90","357"
"90","358"
"90","359"
"90","360"
"90","361"
"90","362"
"90","363"
"90","364"
"90","367"
"90","368"
"90","369"
"90","370"
"90","372"
"90","373"
"90","374"
"90","375"
"90","376"
"90","377"
"90","379"
"90","380"
"90","381"
"82","328"
"82","330"
"82","331"
"82","332"
"82","333"
"82","334"
"82","336"
"82","337"
"82","338"
"82","339"
"82","340"
"82","341"
"82","344"
"82","345"
"82","346"
"82","347"
"82","348"
"82","349"
"82","350"
"82","351"
"82","352"
"82","353"
"82","354"
"82","355"
"82","356"
"82","357"
"82","358"
"82","359"
"82","360"
"82","361"
"82","362"
"82","363"
"82","364"
"82","367"
"82","368"
"82","369"
"82","370"
"82","372"
"82","373"
"82","374"
"82","375"
"82","376"
"82","377"
"82","379"
"82","380"
"82","381"
"86","328"
"86","329"
"86","331"
"86","332"
"86","333"
"86","334"
"86","335"
"86","336"
"86","337"
"86","339"
"86","340"
"86","341"
"86","344"
"86","345"
"86","346"
"86","347"
"86","348"
"86","349"
"86","350"
"86","351"
"86","352"
"86","353"
"86","354"
"86","355"
"86","356"
"86","357"
"86","358"
"86","359"
"86","360"
"86","361"
"86","362"
"86","363"
"86","364"
"86","365"
"86","368"
"86","369"
"86","370"
"86","372"
"86","373"
"86","374"
"86","375"
"86","376"
"86","377"
"86","378"
"86","380"
"86","381"
"83","328"
"83","330"
"83","331"
"83","332"
"83","333"
"83","334"
"83","336"
"83","337"
"83","338"
"83","339"
"83","340"
"83","341"
"83","344"
"83","345"
"83","346"
"83","347"
"83","348"
"83","349"
"83","350"
"83","351"
"83","352"
"83","353"
"83","354"
"83","355"
"83","356"
"83","357"
"83","358"
"83","359"
"83","360"
"83","361"
"83","362"
"83","363"
"83","364"
"83","367"
"83","368"
"83","369"
"83","370"
"83","372"
"83","373"
"83","374"
"83","375"
"83","376"
"83","377"
"83","379"
"83","380"
"83","381"
"87","328"
"87","329"
"87","331"
"87","332"
"87","333"
"87","334"
"87","335"
"87","336"
"87","337"
"87","339"
"87","340"
"87","341"
"87","344"
"87","345"
"87","346"
"87","347"
"87","348"
"87","349"
"87","350"
"87","351"
"87","352"
"87","353"
"87","354"
"87","355"
"87","356"
"87","357"
"87","358"
"87","359"
"87","360"
"87","361"
"87","362"
"87","363"
"87","364"
"87","365"
"87","368"
"87","369"
"87","370"
"87","372"
"87","373"
"87","374"
"87","375"
"87","376"
"87","377"
"87","378"
"87","380"
"87","381"
"84","328"
"84","330"
"84","331"
"84","332"
"84","333"
"84","334"
"84","336"
"84","337"
"84","338"
"84","339"
"84","340"
"84","341"
"84","344"
"84","345"
"84","346"
"84","347"
"84","348"
"84","349"
"84","350"
"84","351"
"84","352"
"84","353"
"84","354"
"84","355"
"84","356"
"84","357"
"84","358"
"84","359"
"84","360"
"84","361"
"84","362"
"84","363"
"84","364"
"84","367"
"84","368"
"84","369"
"84","370"
"84","372"
"84","373"
"84","374"
"84","375"
"84","376"
"84","377"
"84","379"
"84","380"
"84","381"
"88","328"
"88","329"
"88","331"
"88","332"
"88","333"
"88","334"
"88","335"
"88","336"
"88","337"
"88","339"
"88","340"
"88","341"
"88","344"
"88","345"
"88","346"
"88","347"
"88","348"
"88","349"
"88","350"
"88","351"
"88","352"
"88","353"
"88","354"
"88","355"
"88","356"
"88","357"
"88","358"
"88","359"
"88","360"
"88","361"
"88","362"
"88","363"
"88","364"
"88","365"
"88","368"
"88","369"
"88","370"
"88","372"
"88","373"
"88","374"
"88","375"
"88","376"
"88","377"
"88","378"
"88","380"
"88","381"
"85","328"
"85","330"
"85","331"
"85","332"
"85","33"
"85","334"
"85","336"
"85","337"
"85","338"
"85","339"
"85","340"
"85","341"
"85","342"
"85","343"
"85","344"
"85","345"
"85","346"
"85","347"
"85","348"
"85","349"
"85","350"
"85","351"
"85","352"
"85","353"
"85","354"
"85","355"
"85","356"
"85","357"
"85","358"
"85","359"
"85","360"
"85","361"
"85","362"
"85","363"
"85","364"
"85","366"
"85","367"
"85","368"
"85","369"
"85","370"
"85","371"
"85","372"
"85","373"
"85","374"
"85","375"
"85","376"
"85","377"
"85","379"
"85","380"
"85","381"
"89","328"
"89","329"
"89","331"
"89","332"
"89","333"
"89","334"
"89","335"
"89","336"
"89","337"
"89","339"
"89","340"
"89","341"
"89","342"
"89","343"
"89","344"
"89","345"
"89","346"
"89","347"
"89","348"
"89","349"
"89","350"
"89","351"
"89","352"
"89","353"
"89","354"
"89","355"
"89","356"
"89","357"
"89","358"
"89","359"
"89","360"
"89","361"
"89","362"
"89","363"
"89","364"
"89","365"
"89","366"
"89","368"
"89","369"
"89","370"
"89","371"
"89","372"
"89","373"
"89","374"
"89","375"
"89","376"
"89","377"
"89","378"
"89","380"
"89","381"
"60","529"
"60","553"
"60","1126"
"60","1138"
"59","529"
"59","553"
"59","1126"
"59","1138"
"23","474"
"23","481"
"23","502"
"23","480"
"23","491"
"23","501"
"23","503"
"23","504"
"",""
"19","415"
"19","445"
"19","448"
"94","382"
"94","383"
"94","384"
"94","385"
"94","389"
"94","390"
"94","391"
"94","392"
"94","393"
"94","394"
"94","395"
"94","396"
"94","397"
"94","398"
"94","399"
"94","400"
"94","401"
"94","402"
"94","403"
"94","404"
"94","405"
"94","406"
"94","1140"
"94","1141"
"94","1142"
"98","1143"
"98","1144"
"98","1145"
"98","1148"
"98","1149"
"98","1150"
"98","1151"
"98","1152"
"98","1153"
"98","1154"
"98","1155"
"98","1158"
"98","1159"
"98","1160"
"98","1161"
"98","1162"
"98","1163"
"98","1164"
"98","1165"
"98","1166"
"98","1167"
"98","1168"
"98","1169"
"98","1170"
"98","1171"
"98","1172"
"98","1175"
"98","1177"
"98","1178"
"98","1179"
"98","1180"
"98","1181"
"99","1143"
"99","1144"
"99","1145"
"99","1148"
"99","1149"
"99","1150"
"99","1151"
"99","1152"
"99","1153"
"99","1154"
"99","1155"
"99","1158"
"99","1159"
"99","1160"
"99","1161"
"99","1162"
"99","1163"
"99","1164"
"99","1165"
"99","1166"
"99","1167"
"99","1168"
"99","1169"
"99","1170"
"99","1171"
"99","1172"
"99","1175"
"99","1177"
"99","1178"
"99","1179"
"99","1180"
"99","1181"
"75","771"
"75","791"
"75","799"
"75","809"
"75","813"
"75","821"
"75","825"
"75","841"
"75","845"
"75","865"
"75","873"
"75","875"
"75","938"
"75","942"
"75","772"
"75","773"
"75","774"
"75","775"
"75","776"
"75","777"
"75","778"
"75","1186"
"75","792"
"75","793"
"75","794"
"75","795"
"75","796"
"75","797"
"75","798"
"75","810"
"75","811"
"75","812"
"75","814"
"75","815"
"75","816"
"75","817"
"75","818"
"75","819"
"75","820"
"75","822"
"75","823"
"75","824"
"75","826"
"75","827"
"75","828"
"75","829"
"75","830"
"75","831"
"75","832"
"75","833"
"75","834"
"75","835"
"75","836"
"75","837"
"75","838"
"75","839"
"75","840"
"75","842"
"75","843"
"75","844"
"75","846"
"75","847"
"75","848"
"75","849"
"75","850"
"75","851"
"75","852"
"75","853"
"75","854"
"75","855"
"75","856"
"75","857"
"75","858"
"75","859"
"75","860"
"75","861"
"75","862"
"75","863"
"75","864"
"75","866"
"75","867"
"75","868"
"75","869"
"75","870"
"75","871"
"75","872"
"75","876"
"75","877"
"75","878"
"75","879"
"75","880"
"75","881"
"75","882"
"75","883"
"75","884"
"75","885"
"75","886"
"75","887"
"75","888"
"75","889"
"75","890"
"75","891"
"75","892"
"75","893"
"75","894"
"75","895"
"75","896"
"75","897"
"75","898"
"75","899"
"75","900"
"75","901"
"75","902"
"75","903"
"75","904"
"75","939"
"75","940"
"75","941"
"75","943"
"75","944"
"75","945"
"75","874"
"101","1143"
"101","1144"
"101","1145"
"101","1148"
"101","1149"
"101","1150"
"101","1151"
"101","1152"
"101","1153"
"101","1154"
"101","1155"
"101","1158"
"101","1159"
"101","1160"
"101","1161"
"101","1162"
"101","1163"
"101","1164"
"101","1165"
"101","1166"
"101","1167"
"101","1168"
"101","1169"
"101","1170"
"101","1171"
"101","1172"
"101","1175"
"101","1177"
"101","1178"
"101","1179"
"101","1180"
"101","1181"
"100","1144"
"100","1145"
"100","1154"
"100","1155"
"100","1171"
"100","1172"
"100","1180"
"100","1181"
"100","1150"
"100","1151"
"100","1163"
"100","1164"
"100","1152"
"8","209"
"8","211"
"31","281"
"31","282"
"31","283"
"31","284"
"31","285"
"31","286"
"31","287"
"31","288"
"31","289"
"31","290"
"31","291"
"31","292"
"31","293"
"31","294"
"31","295"
"31","296"
"31","297"
"31","298"
"31","299"
"31","300"
"31","301"
"31","302"
"31","303"
"48","644"
"48","645"
"48","646"
"48","649"
"48","677"
"48","678"
"48","679"
"48","681"
"48","682"
"48","683"
"48","684"
"48","685"
"48","686"
"48","687"
"48","689"
"48","690"
"48","691"
"48","692"
"48","694"
"48","697"
"48","699"
"48","698"
"49","644"
"49","646"
"49","647"
"49","648"
"49","649"
"49","677"
"49","679"
"49","680"
"49","681"
"49","682"
"49","683"
"49","684"
"49","685"
"49","686"
"49","687"
"49","688"
"49","689"
"49","690"
"49","692"
"49","693"
"49","694"
"49","695"
"49","696"
"49","697"
"49","699"
"49","700"
"38","644"
"38","645"
"38","646"
"38","648"
"38","649"
"38","677"
"38","678"
"38","679"
"38","681"
"38","682"
"38","683"
"38","684"
"38","685"
"38","686"
"38","687"
"38","688"
"38","689"
"38","690"
"38","691"
"38","692"
"38","694"
"38","695"
"38","696"
"38","697"
"38","698"
"38","699"
"40","1087"
"40","1089"
"40","1092"
"40","1093"
"40","1094"
"40","1095"
"40","1097"
"40","1100"
"40","1101"
"40","1102"
"40","1103"
"40","1104"
"40","1105"
"40","1106"
"40","1107"
"40","1108"
"40","1110"
"40","1113"
"40","1114"
"40","1115"
"40","1116"
"40","1117"
"40","1119"
"45","608"
"45","588"
"45","589"
"45","590"
"45","592"
"45","593"
"45","594"
"45","597"
"45","598"
"45","599"
"45","600"
"45","601"
"45","602"
"45","604"
"45","610"
"45","611"
"45","612"
"45","613"
"45","614"
"45","615"
"45","617"
"45","618"
"45","619"
"45","620"
"45","621"
"45","623"
"45","624"
"45","625"
"45","626"
"45","627"
"45","628"
"45","629"
"45","630"
"45","631"
"45","632"
"45","596"
"47","588"
"47","589"
"47","590"
"47","592"
"47","593"
"47","594"
"47","597"
"47","598"
"47","599"
"47","600"
"47","601"
"47","602"
"47","604"
"47","610"
"47","611"
"47","612"
"47","613"
"47","614"
"47","615"
"47","617"
"47","618"
"47","619"
"47","620"
"47","621"
"47","623"
"47","624"
"47","625"
"47","626"
"47","627"
"47","628"
"58","1087"
"58","1089"
"58","1090"
"58","1091"
"58","1092"
"58","1093"
"58","1094"
"58","1095"
"58","1097"
"58","1098"
"58","1099"
"58","1100"
"58","1101"
"58","1102"
"58","1103"
"58","1104"
"58","1105"
"58","1106"
"58","1107"
"58","1108"
"58","1110"
"58","1111"
"58","1112"
"58","1113"
"58","1114"
"58","1115"
"58","1116"
"58","1117"
"58","1119"
"58","1120"
"58","1121"
"43","596"
"44","596"
"62","1196"
"62","1126"
"62","516"
"47","629"
"47","609"
"47","630"
"47","631"
"47","632"
"47","596"
"45","609"
"102","1197"
"102","1198"
"102","1199"
"102","1200"
"102","1201"
"102","1202"
"102","1203"
"102","1204"
"102","1205"
"102","1206"
"102","1207"
"102","1208"
"102","1209"
"102","1210"
"102","1211"
"102","1212"
"102","1213"
"102","1214"
"102","1215"
"102","1216"
"102","1217"
"102","1218"
"102","1219"
"102","1220"
"102","1221"
"102","1222"
"102","1223"
"102","1224"
"102","1225"
"102","1226"
"102","1227"
"102","1228"
"102","1229"
"102","1230"
"102","1231"
"102","1232"
"102","1233"
"102","1234"
"102","1235"
"102","1236"
"102","1237"
"102","1238"
"102","1239"
"102","1240"
"102","1241"
"102","1242"
"102","1243"
"102","1244"
"102","1245"
"102","1246"
"102","1247"
"102","1248"
"102","1249"
"102","1250"
"102","1251"
"102","1252"
"102","1253"
"102","1254"
"103","1255"
"103","1256"
"103","1257"
"103","1258"
"103","1259"
"103","1260"
"103","1261"
"103","1262"
"103","1263"
"103","1264"
"103","1265"
"103","1266"
"103","1267"
"103","1268"
"103","1269"
"103","1270"
"103","1271"
"103","1272"
"103","1273"
"103","1274"
"103","1275"
"103","1276"
"103","1277"
"103","1278"
"103","1279"
"103","1280"
"103","1281"
"103","1282"
"103","1283"
"103","1284"
"103","1285"
"103","1286"
"103","1287"
"103","1288"
"103","1289"
"103","1290"
"103","1291"
"103","1292"
"103","1293"
"103","1294"
"103","1295"
"103","1296"
"104","1297"
"104","1298"
"104","1299"
"104","1300"
"104","1301"
"104","1302"
"104","1303"
"104","1304"
"104","1305"
"104","1306"
"104","1307"
"104","1308"
"104","1309"
"104","1310"
"104","1311"
"104","1312"
"104","1313"
"104","1314"
"104","1315"
"104","1316"
"104","1317"
"104","1318"
"104","1319"
"104","1320"
"104","1321"
"104","1322"
"104","1323"
"104","1324"
"105","1325"
"105","1326"
"105","1327"
"105","1328"
"105","1329"
"105","1330"
"105","1331"
"105","1332"
"105","1333"
"105","1334"
"105","1335"
"105","1336"
"105","1337"
"105","1338"
"105","1339"
"105","1340"
"105","1341"
"105","1342"
"105","1343"
"105","1344"
"105","1345"
"105","1346"
"105","1347"
"105","1348"
"105","1349"
"105","1350"
"105","1351"
"105","1352"
"105","1353"
"105","1354"
"105","1355"
"105","1356"
"105","1357"
"105","1358"
"105","1359"
"105","1360"
"105","1361"
"105","1362"
"105","1363"
"105","1364"
"105","1365"
"105","1366"
"105","1367"
"105","1368"
"105","1369"
"105","1370"
"105","1371"
"105","1372"
"105","1373"
"105","1374"
"105","1375"
"105","1376"
"105","1377"
"105","1378"
"105","1379"
"105","1380"
"105","1381"
"105","1382"
"105","1383"
"105","1384"
"105","1385"
"105","1386"
"105","1387"
"105","1388"
"105","1389"
"105","1390"
"105","1391"
"105","1392"
"105","1393"
"105","1394"
"105","1395"
"105","1396"
"105","1397"
"105","1398"
"105","1399"
"105","1400"
"105","1401"
"105","1402"
"105","1403"
"105","1404"
"106","1405"
"106","1406"
"106","1407"
"106","1408"
"106","1409"
"106","1410"
"106","1411"
"106","1412"
"106","1413"
"106","1414"
"106","1415"
"106","1416"
"106","1417"
"106","1418"
"106","1419"
"106","1420"
"106","1421"
"106","1422"
"106","1423"
"106","1424"
"106","1425"
"106","1426"
"106","1427"
"106","1428"
"106","1429"
"106","1430"
"106","1431"
"106","1432"
"106","1433"
"106","1434"
"106","1435"
"106","1436"
"106","1437"
"106","1438"
"106","1439"
"106","1440"
"106","1441"
"106","1442"
"106","1443"
"106","1444"
"106","1445"
"106","1446"
"106","1447"
"106","1448"
"106","1449"
"106","1450"
"106","1451"
"106","1452"
"106","1453"
"106","1454"
"106","1455"
"106","1456"
"106","1457"
"106","1458"
"106","1459"
"106","1460"
"106","1461"
"106","1462"
"106","1463"
"106","1464"
"106","1465"
"106","1466"
"106","1467"
"106","1468"
"106","1469"
"106","1470"
"106","1471"
"106","1472"
"106","1473"
"106","1474"
"106","1475"
"106","1476"
"106","1477"
"106","1478"
"106","1479"
"106","1480"
"106","1481"
"106","1482"
"106","1483"
"106","1484"
"106","1485"
"107","1405"
"107","1406"
"107","1407"
"107","1408"
"107","1409"
"107","1410"
"107","1411"
"107","1412"
"107","1413"
"107","1414"
"107","1415"
"107","1416"
"107","1417"
"107","1418"
"107","1419"
"107","1420"
"107","1421"
"107","1422"
"107","1423"
"107","1424"
"107","1425"
"107","1426"
"107","1427"
"107","1428"
"107","1429"
"107","1430"
"107","1431"
"107","1432"
"107","1433"
"107","1434"
"107","1435"
"107","1436"
"107","1437"
"107","1438"
"107","1439"
"107","1440"
"107","1441"
"107","1442"
"107","1443"
"107","1444"
"107","1445"
"107","1446"
"107","1447"
"107","1448"
"107","1449"
"107","1450"
"107","1451"
"107","1452"
"107","1453"
"107","1454"
"107","1455"
"107","1456"
"107","1457"
"107","1458"
"107","1459"
"107","1460"
"107","1461"
"107","1462"
"107","1463"
"107","1464"
"107","1465"
"107","1466"
"107","1467"
"107","1468"
"107","1469"
"107","1470"
"107","1471"
"107","1472"
"107","1473"
"107","1474"
"107","1475"
"107","1476"
"107","1477"
"107","1478"
"107","1479"
"107","1480"
"107","1481"
"107","1482"
"107","1486"
"107","1487"
"107","1488"
"107","1489"
"107","1490"
"108","1491"
"108","1492"
"108","1493"
"108","1494"
"108","1495"
"108","1496"
"108","1497"
"108","1498"
"108","1499"
"108","1500"
"108","1501"
"108","1502"
"108","1503"
"108","1504"
"108","1505"
"108","1506"
"108","1507"
"108","1508"
"108","1509"
"108","1510"
"108","1511"
"108","1512"
"108","1513"
"108","1514"
"108","1515"
"108","1516"
"108","1517"
"108","1518"
"108","1519"
"108","1520"
"108","1521"
"108","1522"
"108","1523"
"108","1524"
"108","1525"
"108","1526"
"108","1527"
"108","1528"
"108","1529"
"108","1530"
"108","1531"
"108","1532"
"109","1495"
"109","1496"
"109","1497"
"109","1498"
"109","1499"
"109","1500"
"109","1501"
"109","1502"
"109","1503"
"109","1504"
"109","1505"
"109","1506"
"109","1507"
"109","1508"
"109","1509"
"109","1510"
"109","1511"
"109","1512"
"109","1513"
"109","1514"
"109","1515"
"109","1516"
"109","1517"
"109","1518"
"109","1519"
"109","1520"
"109","1521"
"109","1522"
"109","1523"
"109","1524"
"109","1525"
"109","1526"
"109","1527"
"109","1528"
"109","1529"
"109","1530"
"109","1531"
"109","1532"
"109","1533"
"109","1534"
"109","1535"
"109","1536"
"110","1537"
"110","1538"
"110","1539"
"110","1540"
"110","1541"
"110","1542"
"110","1543"
"110","1544"
"110","1545"
"110","1546"
"110","1547"
"110","1548"
"110","1549"
"110","1550"
"110","1551"
"110","1552"
"110","1553"
"110","1554"
"110","1555"
"110","1557"
"110","1558"
"110","1559"
"110","1560"
"110","1561"
"110","1562"
"110","1563"
"110","1564"
"110","1565"
"110","1566"
"110","1567"
"110","1568"
"110","1569"
"110","1570"
"110","1571"
"110","1572"
"110","1573"
"110","1574"
"110","1575"
"110","1576"
"110","1577"
"110","1578"
"110","1579"
"110","1580"
"110","1581"
"110","1582"
"110","1583"
"110","1584"
"110","1585"
"110","1586"
"110","1587"
"110","1588"
"110","1589"
"110","1590"
"110","1591"
"110","1592"
"110","1593"
"110","1594"
"110","1595"
"110","1596"
"110","1597"
"110","1598"
"110","1599"
"110","1600"
"110","1601"
"110","1602"
"110","1603"
"110","1604"
"110","1605"
"110","1606"
"110","1607"
"110","1608"
"110","1609"
"110","1610"
"110","1611"
"110","1612"
"110","1613"
"110","1614"
"110","1615"
"110","1616"
"110","1617"
"110","1618"
"110","1619"
"110","1620"
"111","1495"
"111","1496"
"111","1497"
"111","1498"
"111","1499"
"111","1500"
"111","1501"
"111","1502"
"111","1503"
"111","1504"
"111","1505"
"111","1506"
"111","1507"
"111","1508"
"111","1509"
"111","1510"
"111","1511"
"111","1512"
"111","1513"
"111","1514"
"111","1515"
"111","1516"
"111","1517"
"111","1518"
"111","1519"
"111","1520"
"111","1521"
"111","1522"
"111","1523"
"111","1524"
"111","1525"
"111","1526"
"111","1527"
"111","1528"
"111","1529"
"111","1530"
"111","1531"
"111","1532"
"111","1533"
"111","1534"
"111","1535"
"111","1536"
"112","1495"
"112","1496"
"112","1497"
"112","1498"
"112","1499"
"112","1500"
"112","1501"
"112","1502"
"112","1503"
"112","1504"
"112","1505"
"112","1506"
"112","1507"
"112","1508"
"112","1509"
"112","1510"
"112","1511"
"112","1512"
"112","1513"
"112","1514"
"112","1515"
"112","1516"
"112","1517"
"112","1518"
"112","1519"
"112","1520"
"112","1521"
"112","1522"
"112","1523"
"112","1524"
"112","1525"
"112","1526"
"112","1527"
"112","1528"
"112","1529"
"112","1530"
"112","1531"
"112","1532"
"112","1533"
"112","1534"
"112","1535"
"112","1536"
"113","1495"
"113","1496"
"113","1497"
"113","1498"
"113","1499"
"113","1500"
"113","1501"
"113","1502"
"113","1503"
"113","1504"
"113","1505"
"113","1506"
"113","1507"
"113","1508"
"113","1509"
"113","1510"
"113","1511"
"113","1512"
"113","1513"
"113","1514"
"113","1515"
"113","1516"
"113","1517"
"113","1518"
"113","1519"
"113","1520"
"113","1521"
"113","1522"
"113","1523"
"113","1524"
"113","1525"
"113","1526"
"113","1527"
"113","1528"
"113","1529"
"113","1530"
"113","1531"
"113","1532"
"113","1533"
"113","1534"
"113","1535"
"113","1536"
"19","414"
"19","414"