"GameBalanceId","ItemDropTableEntryId"
"19747","1"
"19747","2"
"19747","3"
"19747","4"
"19747","5"
"19747","6"
"19747","7"
"19747","8"
"19747","9"
"19747","10"
"19747","11"
"19747","12"
"19747","13"
"19747","14"
"19747","15"
"19747","16"
"19747","17"
"19747","18"
"19747","19"
"19747","20"
"19747","21"
"19747","22"
"19747","23"
"19747","24"
"19747","25"
"19747","26"
"19747","27"
"19747","28"
"19747","29"
"19747","30"
"19747","31"
"19747","32"
"19747","33"
"19747","34"
"19747","35"
"19747","36"
"19747","37"
"19747","38"
"19747","39"
"19747","40"
"19747","41"
"19747","42"
"19747","43"
"19747","44"
"19747","45"
"19747","46"
"19747","47"
"19747","48"
"19747","49"
"19747","50"
"19747","51"
"19747","52"
"19747","53"
"19747","54"
"19747","55"
"19747","56"
"19747","57"
"19747","58"
"19747","59"
"19747","60"
"19747","61"
"19747","62"
"19747","63"
"19747","64"
"19747","65"
"19747","66"
"19747","67"
"19747","68"
"19747","69"
"19747","70"
"19747","71"
"19747","72"
"19747","73"
"19747","74"
"19747","75"
"19747","76"
"19747","77"
"19747","78"
"19747","79"
"19747","80"
"19747","81"
"19747","82"
"19747","83"
"19747","84"
"19747","85"
"19747","86"
"19747","87"
"19747","88"
"19747","89"
"19747","90"
"19747","91"
"19747","92"
"19747","93"
"19747","94"
"19747","95"
"19747","96"
"19747","97"
"19747","98"
"19747","99"
"19747","100"
"19747","101"
"19747","102"
"19747","103"
"19747","104"
"19747","105"
"19747","106"
"19747","107"
"19747","108"
"19747","109"
"19747","110"
"19747","111"
"19747","112"
"19747","113"
"19747","114"
"19747","115"
"19747","116"
"19747","117"
"19747","118"
"19747","119"
"19747","120"
"19747","121"
"19747","122"
"19747","123"
"19747","124"
"19747","125"
"19747","126"
"19747","127"
"19747","128"
"19747","129"
"19747","130"
"19747","131"
"19747","132"
"19747","133"
"19747","134"
"19747","135"
"19747","136"
"19747","137"
"19747","138"
"19747","139"
"19747","140"
"19747","141"
"19747","142"
"19747","143"
"19747","144"
"19747","145"
"19747","146"
"19747","147"
"19747","148"
"19747","149"
"19747","150"
"19747","151"
"19747","152"
"19747","153"
"19747","154"
"19747","155"
"19747","156"
"19747","157"
"19747","158"
"19747","159"
"19747","160"
"19747","161"
"19747","162"
"19747","163"
"19747","164"
"19747","165"
"19747","166"
"19747","167"
"19747","168"
"19747","169"
"19747","170"
"19747","171"
"19747","172"
"19747","173"
"19747","174"
"19747","175"
"19747","176"
"19747","177"
"19747","178"
"19747","179"
"19747","180"
"19747","181"
"19747","182"
"19747","183"
"19747","184"
"19747","185"
"19747","186"
"19747","187"
"19747","188"
"19747","189"
"19747","190"
"19747","191"
"19747","192"
"19747","193"
"19747","194"
"19747","195"
"19747","196"
"19747","197"
"19747","198"
"19747","199"
"19747","200"
"19747","201"
"19747","202"
"19747","203"
"19747","204"
"19747","205"
"19747","206"
"19747","207"
"19747","208"
"19747","209"
"19747","210"
"19747","211"
"19747","212"
"19747","213"
"19747","214"
"19747","215"
"19747","216"
"19747","217"
"19747","218"
"19747","219"
"19747","220"
"19747","221"
"19747","222"
"19747","223"
"19747","224"
"19747","225"
"19747","226"
"19747","227"
"19747","228"
"19747","229"
"19747","230"
"19747","231"
"19747","232"
"19747","233"
"19747","234"
"19747","235"
"19747","236"
"19747","237"
"19747","238"
"19747","239"
"19747","240"
"19747","241"
"19747","242"
"19747","243"
"19747","244"
"19747","245"
"19747","246"
"19747","247"
"19747","248"
"19747","249"
"19747","250"
"19747","251"
"19747","252"
"19747","253"
"19747","254"
"19747","255"
"19747","256"
"19747","257"
"19747","258"
"19747","259"
"19747","260"
"19747","261"
"19747","262"
"19747","263"
"19747","264"
"19747","265"
"19747","266"
"19747","267"
"19747","268"
"19747","269"
"19747","270"
"19747","271"
"19747","272"
"19747","273"
"19747","274"
"19747","275"
"19747","276"
"19747","277"
"19747","278"
"19747","279"
"19747","280"
"19747","281"
"19747","282"
"19747","283"
"19747","284"
"19747","285"
"19747","286"
"19747","287"
"19747","288"
"19747","289"
"19747","290"
"19747","291"
"19747","292"
"19747","293"
"19747","294"
"19747","295"
"19747","296"
"19747","297"
"19747","298"
"19747","299"
"19747","300"
"19747","301"
"19747","302"
"19747","303"
"19747","304"
"19747","305"
"19747","306"
"19747","307"
"19747","308"
"19747","309"
"19747","310"
"19747","311"
"19747","312"
"19747","313"
"19747","314"
"19747","315"
"19747","316"
"19747","317"
"19747","318"
"19747","319"
"19747","320"
"19747","321"
"19747","322"
"19747","323"
"19747","324"
"19747","325"
"19747","326"
"19747","327"
"19747","328"
"19747","329"
"19747","330"
"19747","331"
"19747","332"
"19747","333"
"19747","334"
"19747","335"
"19747","336"
"19747","337"
"19747","338"
"19747","339"
"19747","340"
"19747","341"
"19747","342"
"19747","343"
"19747","344"
"19747","345"
"19747","346"
"19747","347"
"19747","348"
"19747","349"
"19747","350"
"19747","351"
"19747","352"
"19747","353"
"19747","354"
"19747","355"
"19747","356"
"19747","357"
"19747","358"
"19747","359"
"19747","360"
"19747","361"
"19747","362"
"19747","363"
"19747","364"
"19747","365"
"19747","366"
"19747","367"
"19747","368"
"19747","369"
"19747","370"
"19747","371"
"19747","372"
"19747","373"
"19747","374"
"19747","375"
"19747","376"
"19747","377"
"19747","378"
"19747","379"
"19747","380"
"19747","381"
"19747","382"
"19747","383"
"19747","384"
"19747","385"
"19747","386"
"19747","387"
"19747","388"
"19747","389"
"19747","390"
"19747","391"
"19747","392"
"19747","393"
"19747","394"
"19747","395"
"19747","396"
"19747","397"
"19747","398"
"19747","399"
"19747","400"
"19747","401"
"19747","402"
"19747","403"
"19747","404"
"19747","405"
"19747","406"
"19747","407"
"19747","408"
"19747","409"
"19747","410"
"19747","411"
"19747","412"
"19747","413"
"19747","414"
"19747","415"
"19747","416"
"19747","417"
"19747","418"
"19747","419"
"19747","420"
"19747","421"
"19747","422"
"19747","423"
"19747","424"
"19747","425"
"19747","426"
"19747","427"
"19747","428"
"19747","429"
"19747","430"
"19747","431"
"19747","432"
"19747","433"
"19747","434"
"19747","435"
"19747","436"
"19747","437"
"19747","438"
"19747","439"
"19747","440"
"19747","441"
"19747","442"
"19747","443"
"19747","444"
"19747","445"
"19747","446"
"19747","447"
"19747","448"
"19747","449"
"19747","450"
"19747","451"
"19747","452"
"19747","453"
"19747","454"
"19747","455"
"19747","456"
"19747","457"
"19747","458"
"19747","459"
"19747","460"
"19747","461"
"19747","462"
"19747","463"
"19747","464"
"19747","465"
"19747","466"
"19747","467"
"19747","468"
"19747","469"
"19747","470"
"19747","471"
"19747","472"
"19747","473"
"19747","474"
"19747","475"
"19747","476"
"19747","477"
"19747","478"
"19747","479"
"19747","480"
"19747","481"
"19747","482"
"19747","483"
"19747","484"
"19747","485"
"19747","486"
"19747","487"
"19747","488"
"19747","489"
"19747","490"
"19747","491"
"19747","492"
"19747","493"
"19747","494"
"19747","495"
"19747","496"
"19747","497"
"19747","498"
"19747","499"
"19747","500"
"19747","501"
"19747","502"
"19747","503"
"19747","504"
"19747","505"
"19747","506"
"19747","507"
"19747","508"
"19747","509"
"19747","510"
"19747","511"
"19747","512"
"19747","513"
"19747","514"
"19747","515"
"19747","516"
"19747","517"
"19747","518"
"19747","519"
"19747","520"
"19747","521"
"19747","522"
"19747","523"
"19747","524"
"19747","525"
"19747","526"
"19747","527"
"19747","528"
"19747","529"
"19747","530"
"19747","531"
"19747","532"
"19747","533"
"19747","534"
"19747","535"
"19747","536"
"19747","537"
"19747","538"
"19747","539"
"19747","540"
"19747","541"
"19747","542"
"19747","543"
"19747","544"
"19747","545"
"19747","546"
"19747","547"
"19747","548"
"19747","549"
"19747","550"
"19747","551"
"19747","552"
"19747","553"
"19747","554"
"19747","555"
"19747","556"
"19747","557"
"19747","558"
"19747","559"
"19747","560"
"19747","561"
"19747","562"
"19747","563"
"19747","564"
"19747","565"
"19747","566"
"19747","567"
"19747","568"
"19747","569"
"19747","570"
"19747","571"
"19747","572"
"19747","573"
"19747","574"
"19747","575"
"19747","576"
"19747","577"
"19747","578"
"19747","579"
"19747","580"
"19747","581"
"19747","582"
"19747","583"
"19747","584"
"19747","585"
"19747","586"
"19747","587"
"19747","588"
"19747","589"
"19747","590"
"19747","591"
"19747","592"
"19747","593"
"19747","594"
"19747","595"
"19747","596"
"19747","597"
"19747","598"
"19747","599"
"19747","600"
"19747","601"
"19747","602"
"19747","603"
"19747","604"
"19747","605"
"19747","606"
"19747","607"
"19747","608"
"19747","609"
"19747","610"
"19747","611"
"19747","612"
"19747","613"
"19747","614"
"19747","615"
"19747","616"
"19747","617"
"19747","618"
"19747","619"
"19747","620"
"19747","621"
"19747","622"
"19747","623"
"19747","624"
"19747","625"
"19747","626"
"19747","627"
"19747","628"
"19747","629"
"19747","630"
"19747","631"
"19747","632"
"19747","633"
"19747","634"
"19747","635"
"19747","636"
"19747","637"
"19747","638"
"19747","639"
"19747","640"
"19747","641"
"19747","642"
"19747","643"
"19747","644"
"19747","645"
"19747","646"
"19747","647"
"19747","648"
"19747","649"
"19747","650"
"19747","651"
"19747","652"
"19747","653"
"19747","654"
"19747","655"
"19747","656"
"19747","657"
"19747","658"
"19747","659"
"19747","660"
"19747","661"
"19747","662"
"19747","663"
"19747","664"
"19747","665"
"19747","666"
"19747","667"
"19747","668"
"19747","669"
"19747","670"
"19747","671"
"19747","672"
"19747","673"
"19747","674"
"19747","675"
"19747","676"
"19747","677"
"19747","678"
"19747","679"
"19747","680"
"19747","681"
"19747","682"
"19747","683"
"19747","684"
"19747","685"
"19747","686"
"19747","687"
"19747","688"
"19747","689"
"19747","690"
"19747","691"
"19747","692"
"19747","693"
"19747","694"
"19747","695"
"19747","696"
"19747","697"
"19747","698"
"19747","699"
"19747","700"
"19747","701"
"19747","702"
"19747","703"
"19747","704"
"19747","705"
"19747","706"
"19747","707"
"19747","708"
"19747","709"
"19747","710"
"19747","711"
"19747","712"
"19747","713"
"19747","714"
"19747","715"
"19747","716"
"19747","717"
"19747","718"
"19747","719"
"19747","720"
"19747","721"
"19747","722"
"19747","723"
"19747","724"
"19747","725"
"19747","726"
"19747","727"
"19747","728"
"19747","729"
"19747","730"
"19747","731"
"19747","732"
"19747","733"
"19747","734"
"19747","735"
"19747","736"
"19747","737"
"19747","738"
"19747","739"
"19747","740"
"19747","741"
"19747","742"
"19747","743"
"19747","744"
"19747","745"
"19747","746"
"19747","747"
"19747","748"
"19747","749"
"19747","750"
"19747","751"
"19747","752"
"19747","753"
"19747","754"
"19747","755"
"19747","756"
"19747","757"
"19747","758"
"19747","759"
"19747","760"
"19747","761"
"19747","762"
"19747","763"
"19747","764"
"19747","765"
"19747","766"
"19747","767"
"19747","768"
"19747","769"
"19747","770"
"19747","771"
"19747","772"
"19747","773"
"19747","774"
"19747","775"
"19747","776"
"19747","777"
"19747","778"
"19747","779"
"19747","780"
"19747","781"
"19747","782"
"19747","783"
"19747","784"
"19747","785"
"19747","786"
"19747","787"
"19747","788"
"19747","789"
"19747","790"
"19747","791"
"19747","792"
"19747","793"
"19747","794"
"19747","795"
"19747","796"
"19747","797"
"19747","798"
"19747","799"
"19747","800"
"19747","801"
"19747","802"
"19747","803"
"19747","804"
"19747","805"
"19747","806"
"19747","807"
"19747","808"
"19747","809"
"19747","810"
"19747","811"
"19747","812"
"19747","813"
"19747","814"
"19747","815"
"19747","816"
"19747","817"
"19747","818"
"19747","819"
"19747","820"
"19747","821"
"19747","822"
"19747","823"
"19747","824"
"19747","825"
"19747","826"
"19747","827"
"19747","828"
"19747","829"
"19747","830"
"19747","831"
"19747","832"
"19747","833"
"19747","834"
"19747","835"
"19747","836"
"19747","837"
"19747","838"
"19747","839"
"19747","840"
"19747","841"
"19747","842"
"19747","843"
"19747","844"
"19747","845"
"19747","846"
"19747","847"
"19747","848"
"19747","849"
"19747","850"
"19747","851"
"19747","852"
"19747","853"
"19747","854"
"19747","855"
"19747","856"
"19747","857"
"19747","858"
"19747","859"
"19747","860"
"19747","861"
"19747","862"
"19747","863"
"19747","864"
"19747","865"
"19747","866"
"19747","867"
"19747","868"
"19747","869"
"19747","870"
"19747","871"
"19747","872"
"19747","873"
"19747","874"
"19747","875"
"19747","876"
"19747","877"
"19747","878"
"19747","879"
"19747","880"
"19747","881"
"19747","882"
"19747","883"
"19747","884"
"19747","885"
"19747","886"
"19747","887"
"19747","888"
"19747","889"
"19747","890"
"19747","891"
"19747","892"
"19747","893"
"19747","894"
"19747","895"
"19747","896"
"19747","897"
"19747","898"
"19747","899"
"19747","900"
"19747","901"
"19747","902"
"19747","903"
"19747","904"
"19747","905"
"19747","906"
"19747","907"
"19747","908"
"19747","909"
"19747","910"
"19747","911"
"19747","912"
"19747","913"
"19747","914"
"19747","915"
"19747","916"
"19747","917"
"19747","918"
"19747","919"
"19747","920"
"19747","921"
"19747","922"
"19747","923"
"19747","924"
"19747","925"
"19747","926"
"19747","927"
"19747","928"
"19747","929"
"19747","930"
"19747","931"
"19747","932"
"19747","933"
"19747","934"
"19747","935"
"19747","936"
"19747","937"
"19747","938"
"19747","939"
"19747","940"
"19747","941"
"19747","942"
"19747","943"
"19747","944"
"19747","945"
"19747","946"
"19747","947"
"19747","948"
"19747","949"
"19747","950"
"19747","951"
"19747","952"
"19747","953"
"19747","954"
"19747","955"
"19747","956"
"19747","957"
"19747","958"
"19747","959"
"19747","960"
"19747","961"
"19747","962"
"19747","963"
"19747","964"
"19747","965"
"19747","966"
"19747","967"
"19747","968"
"19747","969"
"19747","970"
"19747","971"
"19747","972"
"19747","973"
"19747","974"
"19747","975"
"19747","976"
"19747","977"
"19747","978"
"19747","979"
"19747","980"
"19747","981"
"19747","982"
"19747","983"
"19747","984"
"19747","985"
"19747","986"
"19747","987"
"19747","988"
"19747","989"
"19747","990"
"19747","991"
"19747","992"
"19747","993"
"19747","994"
"19747","995"
"19747","996"
"19747","997"
"19747","998"
"19747","999"
"19747","1000"
"19747","1001"
"19747","1002"
"19747","1003"
"19747","1004"
"19747","1005"
"19747","1006"
"19747","1007"
"19747","1008"
"19747","1009"
"19747","1010"
"19747","1011"
"19747","1012"
"19747","1013"
"19747","1014"
"19747","1015"
"19747","1016"
"19747","1017"
"19747","1018"
"19747","1019"
"19747","1020"
"19747","1021"
"19747","1022"
"19747","1023"
"19747","1024"
"19747","1025"
"19747","1026"
"19747","1027"
"19747","1028"
"19747","1029"
"19747","1030"
"19747","1031"
"19747","1032"
"19747","1033"
"19747","1034"
"19747","1035"
"19747","1036"
"19747","1037"
"19747","1038"
"19747","1039"
"19747","1040"
"19747","1041"
"19747","1042"
"19747","1043"
"19747","1044"
"19747","1045"
"19747","1046"
"19747","1047"
"19747","1048"
"19747","1049"
"19747","1050"
"19747","1051"
"19747","1052"
"19747","1053"
"19747","1054"
"19747","1055"
"19747","1056"
"19747","1057"
"19747","1058"
"19747","1059"
"19747","1060"
"19747","1061"
"19747","1062"
"19747","1063"
"19747","1064"
"19747","1065"
"19747","1066"
"19747","1067"
"19747","1068"
"19747","1069"
"19747","1070"
"19747","1071"
"19747","1072"
"19747","1073"
"19747","1074"
"19747","1075"
"19747","1076"
"19747","1077"
"19747","1078"
"19747","1079"
"19747","1080"
"19747","1081"
"19747","1082"
"19747","1083"
"19747","1084"
"19747","1085"
"19747","1086"
"19747","1087"
"19747","1088"
"19747","1089"
"19747","1090"
"19747","1091"
"19747","1092"
"19747","1093"
"19747","1094"
"19747","1095"
"19747","1096"
"19747","1097"
"19747","1098"
"19747","1099"
"19747","1100"
"19747","1101"
"19747","1102"
"19747","1103"
"19747","1104"
"19747","1105"
"19747","1106"
"19747","1107"
"19747","1108"
"19747","1109"
"19747","1110"
"19747","1111"
"19747","1112"
"19747","1113"
"19747","1114"
"19747","1115"
"19747","1116"
"19747","1117"
"19747","1118"
"19747","1119"
"19747","1120"
"19747","1121"
"19747","1122"
"19747","1123"
"19747","1124"
"19747","1125"
"19747","1126"
"19747","1127"
"19747","1128"
"19747","1129"
"19747","1130"
"19747","1131"
"19747","1132"
"19747","1133"
"19747","1134"
"19747","1135"
"19747","1136"
"19747","1137"
"19747","1138"
"19747","1139"
"19747","1140"
"19747","1141"
"19747","1142"
"19747","1143"
"19747","1144"
"19747","1145"
"19747","1146"
"19747","1147"
"19747","1148"
"19747","1149"
"19747","1150"
"19747","1151"
"19747","1152"
"19747","1153"
"19747","1154"
"19747","1155"
"19747","1156"
"19747","1157"
"19747","1158"
"19747","1159"
"19747","1160"
"19747","1161"
"19747","1162"
"19747","1163"
"19747","1164"
"19747","1165"
"19747","1166"
"19747","1167"
"19747","1168"
"19747","1169"
"19747","1170"
"19747","1171"
"19747","1172"
"19747","1173"
"19747","1174"
"19747","1175"
"19747","1176"
"19747","1177"