"ItemSpecifier_","ItemSpecifier_I2","ItemSpecifier_I1","ItemSpecifier_GBIdAffixes_5","ItemSpecifier_GBIdAffixes_4","ItemSpecifier_GBIdAffixes_3","ItemSpecifier_GBIdAffixes_2","ItemSpecifier_GBIdAffixes_1","ItemSpecifier_GBIdAffixes_0","ItemSpecifier_I0","ItemSpecifier_ItemGBId","Id","I0","SNOSubTreasureClass","Percentage","I1","GBIdQualityClass","I2","I3","SNOCondition","I5","I6"
"TRUE","0","0","-1","-1","-1","-1","-1","-1","0","-1","1","1","-1","1","0","-1","46","-1","-1","1","0"
"TRUE","0","0","-1","-1","-1","-1","-1","-1","0","-1","2","1","-1","0.75","0","-1","46","-1","-1","1","0"
"TRUE","0","0","-1","-1","-1","-1","-1","-1","0","-1","3","1","-1","0.5","0","-1","46","-1","-1","1","0"
"TRUE","0","0","-1","-1","-1","-1","-1","-1","0","-1","4","1","-1","0.25","0","-1","46","-1","-1","1","0"
"TRUE","0","0","-1","-1","-1","-1","-1","-1","0","-1","5","0","51017","1","0","-1923740369","-1","-1","-1","1","0"
"TRUE","0","0","-1","-1","-1","-1","-1","-1","0","-1","6","0","51017","0.3","0","145781993","-1","-1","-1","1","0"
"TRUE","0","0","-1","-1","-1","-1","-1","-1","0","-1","7","0","50981","1","0","-1","-1","-1","-1","1","0"
"TRUE","0","0","-1","-1","-1","-1","-1","-1","0","-1","8","0","50979","1","0","-1","-1","-1","-1","1","0"
"TRUE","0","0","-1","-1","-1","-1","-1","-1","0","-1","9","0","51019","1","100","-1","-1","-1","-1","1","0"
"TRUE","0","0","-1","-1","-1","-1","-1","-1","0","-1","10","0","99967","0.5","50","-1","-1","-1","-1","1","0"
"TRUE","0","0","-1","-1","-1","-1","-1","-1","0","-1266506293","11","2","-1","0.02","0","-1","-1","-1","-1","1","0"
"TRUE","0","0","-1","-1","-1","-1","-1","-1","0","-1","12","1","120129","0.8","0","-1","46","-1","-1","2","0"
"TRUE","0","0","-1","-1","-1","-1","-1","-1","0","-1","13","1","120129","0.2","0","-1","46","-1","-1","4","0"
"TRUE","0","0","-1","-1","-1","-1","-1","-1","0","-1","14","0","51017","1","0","3646615","-1","-1","-1","1","0"
"TRUE","0","0","-1","-1","-1","-1","-1","-1","0","-1","15","0","51017","1","0","1148904500","-1","-1","-1","1","0"
"TRUE","0","0","-1","-1","-1","-1","-1","-1","0","-1","16","0","120129","0.8","0","1148904500","-1","-1","-1","1","0"
"TRUE","0","0","-1","-1","-1","-1","-1","-1","0","-1","17","0","120129","0.5","0","-1","-1","-1","-1","1","0"
"TRUE","0","0","-1","-1","-1","-1","-1","-1","0","-1","18","0","120129","0.5","0","-1","-1","-1","-1","1","0"
"TRUE","0","0","-1","-1","-1","-1","-1","-1","0","-1","19","0","51019","0.8","0","-1","-1","-1","-1","2","0"
"TRUE","0","0","-1","-1","-1","-1","-1","-1","0","-1223968557","20","2","-1","1","0","-1","-1","-1","-1","1","0"
"TRUE","0","0","-1","-1","-1","-1","-1","-1","0","-1","21","0","51019","0.25","0","-1","46","-1","-1","1","0"
"TRUE","0","0","-1","-1","-1","-1","-1","-1","0","-1","22","1","-1","1","0","-1","46","-1","-1","1","0"
"TRUE","0","0","-1","-1","-1","-1","-1","-1","0","-1","23","1","-1","0.1","0","-1","46","-1","-1","1","0"
"TRUE","0","0","-1","-1","-1","-1","-1","-1","0","-1","24","0","120129","0.8","0","-1","-1","-1","-1","1","0"
"TRUE","0","0","-1","-1","-1","-1","-1","-1","0","-1","25","0","51016","1","0","-1","-1","-1","-1","1","0"
"TRUE","0","0","-1","-1","-1","-1","-1","-1","0","-1","26","0","51016","1","0","-1","-1","-1","-1","1","0"
"TRUE","0","0","-1","-1","-1","-1","-1","-1","0","-1","27","0","51018","0.3","0","-1","-1","-1","-1","1","0"
"TRUE","0","0","-1","-1","-1","-1","-1","-1","0","-1","28","0","120129","0.5","0","-1","-1","-1","-1","1","0"
"TRUE","0","0","-1","-1","-1","-1","-1","-1","0","-1","29","1","50945","0","100","1438421785","25","-1","-1","1","0"
"TRUE","0","0","-1","-1","-1","-1","-1","-1","0","-1","30","0","50945","0","100","1438421785","-1","-1","50926","1","0"
"TRUE","0","0","-1","-1","-1","-1","-1","-1","0","-1","31","0","51071","0","100","1438421785","-1","-1","50930","1","0"
"TRUE","0","0","-1","-1","-1","-1","-1","-1","0","-1","32","0","2834","0","100","1438421785","-1","-1","50927","1","0"
"TRUE","0","0","-1","-1","-1","-1","-1","-1","0","-1","33","0","51070","0","100","1438421785","-1","-1","50929","1","0"
"TRUE","0","0","-1","-1","-1","-1","-1","-1","0","-1","34","0","51038","1","100","1438421785","-1","-1","102014","1","0"
"TRUE","0","0","-1","-1","-1","-1","-1","-1","0","1881837797","35","2","51016","1","0","-1","-1","-1","-1","1","0"
"TRUE","0","0","-1","-1","-1","-1","-1","-1","0","-536546532","36","2","-1","1","100","-1","-1","-1","85793","1","0"
"TRUE","0","0","-1","-1","-1","-1","-1","-1","0","-526166322","37","2","-1","1","100","-1","-1","-1","85792","1","0"
"TRUE","0","0","-1","-1","-1","-1","-1","-1","0","-526166321","38","2","-1","1","100","-1","-1","-1","85794","1","0"
"TRUE","0","0","-1","-1","-1","-1","-1","-1","0","-526166320","39","2","-1","1","100","-1","-1","-1","85795","1","0"
"TRUE","0","0","-1","-1","-1","-1","-1","-1","0","-526166319","40","2","-1","1","100","-1","-1","-1","85796","1","0"
"TRUE","0","0","-1","-1","-1","-1","-1","-1","0","-1","41","0","50952","1","0","-1","-1","-1","-1","1","0"
"TRUE","0","0","-1","-1","-1","-1","-1","-1","0","-1","42","0","120129","0","100","-1","-1","-1","-1","1","0"
"TRUE","0","0","-1","-1","-1","-1","-1","-1","0","-1","43","0","50950","0","40","-1","-1","-1","-1","1","0"
"TRUE","0","0","-1","-1","-1","-1","-1","-1","0","-1","44","0","50948","0","70","-1","-1","-1","-1","1","0"
"TRUE","0","0","-1","-1","-1","-1","-1","-1","0","-1","45","0","50949","0","20","-1","-1","-1","-1","1","0"
"TRUE","0","0","-1","-1","-1","0","0","0","0","-1","46","1","-1","1","0","-1","46","-1","-1","1","0"
"TRUE","0","0","-1","-1","-1","-1","-1","-1","0","-1","47","0","99959","0","13","-1","37","-1","-1","1","0"
"TRUE","0","0","-1","-1","-1","-1","-1","-1","0","-1","48","0","99960","0","10","-1","59","-1","-1","1","0"
"TRUE","0","0","-1","-1","-1","-1","-1","-1","0","-1","49","1","-1","0","25","-1","41","-1","-1","1","0"
"TRUE","0","0","-1","-1","-1","-1","-1","-1","0","-1266506293","50","1","99961","1","30","-1","80","-1","-1","1","0"
"TRUE","0","0","-1","-1","-1","-1","-1","-1","0","-1","51","1","-1","1","20","-1","53","-1","-1","1","0"
"TRUE","0","0","-1","-1","-1","-1","-1","-1","0","-1","52","0","99967","1","20","-1","-1","-1","-1","1","0"
"TRUE","0","0","-1","-1","-1","-1","-1","-1","0","-1","53","1","-1","1","5","-1","114","-1","-1","1","0"
"TRUE","0","0","-1","-1","-1","-1","-1","-1","0","1077038245","54","1","-1","1","25","-1","84","-1","-1","1","0"
"TRUE","0","0","-1","-1","-1","-1","-1","-1","0","-1","55","1","-1","1","15","-1","60","-1","-1","1","0"
"TRUE","0","0","-1","-1","-1","0","0","0","0","-1","56","0","51030","1","0","-1","-1","-1","-1","1","0"
"TRUE","0","0","-1","-1","-1","0","0","0","0","-1","57","0","51023","1","0","-1","-1","-1","-1","1","0"
"TRUE","0","0","-1","-1","-1","0","0","0","0","-1","58","0","51031","1","0","-1","-1","-1","-1","1","0"
"TRUE","0","0","-1","-1","-1","0","0","0","0","-1","59","0","51029","1","0","-1","-1","-1","-1","1","0"
"TRUE","0","0","-1","-1","-1","0","0","0","0","-1","60","0","51026","1","0","-1","-1","-1","-1","1","0"
"TRUE","0","0","-1","-1","-1","0","0","0","0","-1","61","0","51028","1","0","-1","-1","-1","-1","1","0"
"TRUE","0","0","-1","-1","-1","0","0","0","0","-1","62","0","51025","1","0","-1","-1","-1","-1","1","0"
"TRUE","0","0","-1","-1","-1","0","0","0","0","-1","63","0","51033","1","0","-1","-1","-1","-1","1","0"
"TRUE","0","0","-1","-1","-1","0","0","0","0","-1","64","0","51032","1","0","-1","-1","-1","-1","1","0"
"TRUE","0","0","-1","-1","-1","0","0","0","0","120887004","65","2","-1","1","0","-1","-1","-1","-1","1","0"
"TRUE","0","0","-1","-1","-1","0","0","0","0","120887005","66","2","-1","1","0","-1","-1","-1","-1","1","0"
"TRUE","0","0","-1","-1","-1","0","0","0","0","120887006","67","2","-1","1","0","-1","-1","-1","-1","1","0"
"TRUE","0","0","-1","-1","-1","0","0","0","0","219361068","68","2","-1","1","0","-1","-1","-1","-1","1","0"
"TRUE","0","0","-1","-1","-1","0","0","0","0","219361069","69","2","-1","1","0","-1","-1","-1","-1","1","0"
"TRUE","0","0","-1","-1","-1","0","0","0","0","219361070","70","2","-1","1","0","-1","-1","-1","-1","1","0"
"TRUE","0","0","-1","-1","-1","0","0","0","0","2069818429","71","2","-1","1","0","-1","-1","-1","-1","1","0"
"TRUE","0","0","-1","-1","-1","0","0","0","0","2069818430","72","2","-1","1","0","-1","-1","-1","-1","1","0"
"TRUE","0","0","-1","-1","-1","0","0","0","0","2069818431","73","2","-1","1","0","-1","-1","-1","-1","1","0"
"TRUE","0","0","-1","-1","-1","0","0","0","0","762151703","74","2","-1","1","0","-1","-1","-1","-1","1","0"
"TRUE","0","0","-1","-1","-1","0","0","0","0","762151704","75","2","-1","1","0","-1","-1","-1","-1","1","0"
"TRUE","0","0","-1","-1","-1","0","0","0","0","762151705","76","2","-1","1","0","-1","-1","-1","-1","1","0"
"TRUE","0","0","-1","-1","-1","0","0","0","0","1720398293","77","2","-1","1","0","-1","-1","-1","-1","1","0"
"TRUE","0","0","-1","-1","-1","0","0","0","0","1720398294","78","2","-1","1","0","-1","-1","-1","-1","1","0"
"TRUE","0","0","-1","-1","-1","0","0","0","0","1720398295","79","2","-1","1","0","-1","-1","-1","-1","1","0"
"TRUE","0","0","-1","-1","-1","0","0","0","0","1126939275","80","2","-1","1","0","-1","-1","-1","-1","1","0"
"TRUE","0","0","-1","-1","-1","0","0","0","0","1126939276","81","2","-1","1","0","-1","-1","-1","-1","1","0"
"TRUE","0","0","-1","-1","-1","0","0","0","0","1126939277","82","2","-1","1","0","-1","-1","-1","-1","1","0"
"TRUE","0","0","-1","-1","-1","0","0","0","0","-1","83","0","51024","1","0","-1","-1","-1","-1","1","0"
"TRUE","0","0","-1","-1","-1","0","0","0","0","-1","84","0","51034","1","0","-1","-1","-1","-1","1","0"
"TRUE","0","0","-1","-1","-1","0","0","0","0","-1","85","0","2835","1","0","-1","-1","-1","-1","1","0"
"TRUE","0","0","-1","-1","-1","0","0","0","0","-1","86","0","51027","1","0","-1","-1","-1","-1","1","0"
"TRUE","0","0","-1","-1","-1","0","0","0","0","1646417620","87","2","-1","1","0","-1","-1","-1","-1","1","0"
"TRUE","0","0","-1","-1","-1","0","0","0","0","-1916071921","88","2","-1","1","0","-1","-1","-1","-1","1","0"
"TRUE","0","0","-1","-1","-1","0","0","0","0","942988958","89","2","-1","1","0","-1","-1","-1","-1","1","0"
"TRUE","0","0","-1","-1","-1","0","0","0","0","942988959","90","2","-1","1","0","-1","-1","-1","-1","1","0"
"TRUE","0","0","-1","-1","-1","0","0","0","0","942988960","91","2","-1","1","0","-1","-1","-1","-1","1","0"
"TRUE","0","0","-1","-1","-1","0","0","0","0","-1670698146","92","2","-1","1","0","-1","-1","-1","-1","1","0"
"TRUE","0","0","-1","-1","-1","0","0","0","0","-1670698145","93","2","-1","1","0","-1","-1","-1","-1","1","0"
"TRUE","0","0","-1","-1","-1","0","0","0","0","-1670698144","94","2","-1","1","0","-1","-1","-1","-1","1","0"
"TRUE","0","0","-1","-1","-1","0","0","0","0","-1785487636","95","2","-1","1","0","-1","-1","-1","-1","1","0"
"TRUE","0","0","-1","-1","-1","0","0","0","0","-1785487635","96","2","-1","1","0","-1","-1","-1","-1","1","0"
"TRUE","0","0","-1","-1","-1","0","0","0","0","-1785487634","97","2","-1","1","0","-1","-1","-1","-1","1","0"
"TRUE","0","0","-1","-1","-1","-1","-1","-1","0","-1812121245","98","2","-1","1","0","-1","-1","-1","-1","1","0"
"TRUE","0","0","-1","-1","-1","-1","-1","-1","0","-1352920439","99","2","-1","1","0","-1","-1","-1","-1","1","0"
"TRUE","0","0","-1","-1","-1","-1","-1","-1","0","-1","100","0","51039","1","0","-1","-1","-1","-1","1","0"
"TRUE","0","0","-1","-1","-1","-1","-1","-1","0","-1","101","0","50980","1","0","-1","-1","-1","-1","1","0"
"TRUE","0","0","-1","-1","-1","-1","-1","-1","0","-1","102","0","51044","1","0","-1","-1","-1","-1","1","0"
"TRUE","0","0","-1","-1","-1","-1","-1","-1","0","-1","103","0","51044","0.5","0","-1","-1","-1","-1","1","0"
"TRUE","0","0","-1","-1","-1","-1","-1","-1","0","-1","104","1","-1","0","100","-1","12","-1","-1","1","0"
"TRUE","0","0","-1","-1","-1","-1","-1","-1","0","-1","105","0","51017","1","0","-768798318","-1","-1","-1","1","0"
"TRUE","0","0","-1","-1","-1","-1","-1","-1","0","-1","106","0","51017","1","0","-1","-1","-1","-1","1","0"
"TRUE","0","0","-1","-1","-1","-1","-1","-1","0","-1","107","0","51045","1","0","-1","-1","-1","-1","1","0"
"TRUE","0","0","-1","-1","-1","-1","-1","-1","0","-1266506293","108","0","51044","1","0","-1","-1","-1","-1","1","0"
"TRUE","0","0","-1","-1","-1","0","0","0","0","-1","109","1","-1","1","0","-1","46","-1","-1","1","0"
"TRUE","0","0","-1","-1","-1","0","0","0","0","-1","110","1","-1","0.8","0","-1","46","-1","-1","1","0"
"TRUE","0","0","-1","-1","-1","0","0","0","0","-1","111","1","-1","0.6","0","-1","46","-1","-1","1","0"
"TRUE","0","0","-1","-1","-1","0","0","0","0","-1","112","1","-1","0.4","0","-1","46","-1","-1","1","0"
"TRUE","0","0","-1","-1","-1","0","0","0","0","-1","113","1","-1","0.2","0","-1","46","-1","-1","1","0"
"TRUE","0","0","-1","-1","-1","-1","-1","-1","0","-1","114","0","51019","1","0","-1","-1","-1","-1","1","0"
"TRUE","0","0","-1","-1","-1","-1","-1","-1","0","-1","115","0","51019","0.5","0","-1","-1","-1","-1","1","0"
"TRUE","0","0","-1","-1","-1","-1","-1","-1","0","-1","116","0","51019","0.25","0","-1","-1","-1","-1","1","0"
"TRUE","0","0","-1","-1","-1","-1","-1","-1","0","-1266506293","117","2","-1","0.02","0","-1","-1","-1","-1","1","0"
"TRUE","0","0","-1","-1","-1","-1","-1","-1","0","-1","118","0","99967","0.5","0","-1","-1","-1","-1","1","0"
"TRUE","0","0","-1","-1","-1","-1","-1","-1","0","1895762819","119","2","-1","1","0","-1","-1","-1","108087","1","0"
"TRUE","0","0","-1","-1","-1","-1","-1","-1","0","1895762820","120","2","-1","1","0","-1","-1","-1","108088","1","0"
"TRUE","0","0","-1","-1","-1","-1","-1","-1","0","1895762821","121","2","-1","1","0","-1","-1","-1","108089","1","0"
"TRUE","0","0","-1","-1","-1","-1","-1","-1","0","-1","122","0","51017","1","0","3646615","2","-1","-1","1","0"
"TRUE","0","0","-1","-1","-1","-1","-1","-1","0","-1","123","0","51017","1","0","3646615","17","-1","-1","1","0"
"TRUE","0","0","-1","-1","-1","-1","-1","-1","0","-1","124","0","51017","1","0","1148904500","30","-1","-1","1","0"
"TRUE","0","0","-1","-1","-1","-1","-1","-1","0","-1","125","0","51044","1","0","-1","-1","-1","-1","1","0"
"TRUE","0","0","-1","-1","-1","-1","-1","-1","0","-1","126","0","51044","1","0","-1","-1","-1","-1","1","0"
"TRUE","0","0","-1","-1","-1","-1","-1","-1","0","-1","127","0","51019","1","0","-1","-1","-1","-1","1","0"
"TRUE","0","0","-1","-1","-1","-1","-1","-1","0","-1","128","1","50945","1","0","-1","25","-1","50926","1","0"
"TRUE","0","0","-1","-1","-1","-1","-1","-1","0","1561062717","129","2","-1","1","0","-1","-1","-1","50918","1","0"
"TRUE","0","0","-1","-1","-1","-1","-1","-1","0","1561062718","130","2","-1","1","0","-1","-1","-1","50919","1","0"
"TRUE","0","0","-1","-1","-1","-1","-1","-1","0","1561062719","131","2","-1","1","0","-1","-1","-1","2829","1","0"
"TRUE","0","0","-1","-1","-1","-1","-1","-1","0","1561062720","132","2","-1","1","0","-1","-1","-1","50920","1","0"
"TRUE","0","0","-1","-1","-1","-1","-1","-1","0","1561062721","133","2","-1","1","0","-1","-1","-1","50921","1","0"
"TRUE","0","0","-1","-1","-1","-1","-1","-1","0","-1085616825","134","2","-1","1","0","-1","-1","-1","157567","1","0"
"TRUE","0","0","-1","-1","-1","-1","-1","-1","0","-1085616824","135","2","-1","1","0","-1","-1","-1","157568","1","0"
"TRUE","0","0","-1","-1","-1","-1","-1","-1","0","-1","136","0","50952","1","0","-1","-1","-1","-1","1","0"
"TRUE","0","0","-1","-1","-1","-1","-1","-1","0","-1","137","0","51039","1","0","-1","-1","-1","-1","1","0"
"TRUE","0","0","-1","-1","-1","-1","-1","-1","0","-1","138","0","120129","1","0","1148904500","15","-1","-1","1","0"
"TRUE","0","0","-1","-1","-1","-1","-1","-1","0","-1","139","0","120129","0.5","0","1148904500","39","-1","-1","1","0"
"TRUE","0","0","-1","-1","-1","-1","-1","-1","0","-1","140","0","120129","0.5","0","-1","-1","-1","-1","1","0"
"TRUE","0","0","-1","-1","-1","-1","-1","-1","0","-700459563","141","2","-1","1","0","-1","-1","-1","-1","1","0"
"TRUE","0","0","-1","-1","-1","-1","-1","-1","0","126259831","142","2","-1","1","0","-1","-1","-1","-1","1","0"
"TRUE","0","0","-1","-1","-1","-1","-1","-1","0","126259832","143","2","-1","1","0","-1","-1","-1","-1","1","0"
"TRUE","0","0","-1","-1","-1","-1","-1","-1","0","-1","144","1","-1","0","60","-1","7","-1","-1","1","0"
"TRUE","0","0","-1","-1","-1","-1","-1","-1","0","-1","145","1","-1","0","20","-1","17","-1","-1","1","0"
"TRUE","0","0","-1","-1","-1","-1","-1","-1","0","-1","146","1","-1","0","50","-1","16","-1","-1","1","0"
"TRUE","0","0","-1","-1","-1","-1","-1","-1","0","-1","147","1","-1","0","50","-1","17","-1","-1","1","0"
"TRUE","0","0","-1","-1","-1","-1","-1","-1","0","-1","148","1","-1","0","20","-1","7","-1","-1","1","0"
"TRUE","0","0","-1","-1","-1","-1","-1","-1","0","-1","149","1","-1","1","0","-1","46","-1","-1","1","0"
"TRUE","0","0","-1","-1","-1","-1","-1","-1","0","-714930281","150","2","-1","1","0","-1","-1","-1","204997","1","0"
"TRUE","0","0","-1","-1","-1","-1","-1","-1","0","-1","151","0","50951","1","0","-1","-1","-1","-1","1","0"
"TRUE","0","0","-1","-1","-1","-1","-1","-1","0","1708077021","152","2","-1","1","0","-1","-1","-1","-1","1","0"
"TRUE","0","0","-1","-1","-1","-1","-1","-1","0","126259831","153","2","-1","1","0","-1","-1","-1","-1","1","0"
"TRUE","0","0","-1","-1","-1","-1","-1","-1","0","126259832","154","2","-1","1","0","-1","-1","-1","-1","1","0"
"TRUE","0","0","-1","-1","-1","-1","-1","-1","0","-733831369","155","0","177602","1","0","-1","81","-1","-1","1","0"
"TRUE","0","0","-1","-1","-1","-1","-1","-1","0","-1","156","0","177599","1","0","-1","16","-1","-1","1","0"
"TRUE","0","0","-1","-1","-1","-1","-1","-1","0","-1","157","0","177601","1","0","-1","-1","-1","-1","1","0"
"TRUE","0","0","-1","-1","-1","-1","-1","-1","0","-1","158","0","181758","1","0","-1","-1","-1","-1","1","0"
"TRUE","0","0","-1","-1","-1","-1","-1","-1","0","-1266506293","159","2","-1","1","0","-1","-1","-1","-1","1","0"
"TRUE","0","0","-1","-1","-1","-1","-1","-1","0","1815806857","160","0","177864","1","100","-1","32","-1","-1","1","0"
"TRUE","0","0","-1","-1","-1","-1","-1","-1","0","-1","161","0","177865","1","100","-1","-1","-1","-1","1","0"
"TRUE","0","0","-1","-1","-1","-1","-1","-1","0","-1","162","0","180255","1","100","-1","-1","-1","-1","1","0"
"TRUE","0","0","-1","-1","-1","-1","-1","-1","0","-1266506293","163","2","-1","1","0","-1","-1","-1","-1","1","0"
"TRUE","0","0","-1","-1","-1","-1","-1","-1","0","-1","164","0","177866","1","0","-1","-1","-1","-1","1","0"
"TRUE","0","0","-1","-1","-1","-1","-1","-1","0","1815806857","165","0","177867","1","0","-1","37","-1","-1","1","0"
"TRUE","0","0","-1","-1","-1","-1","-1","-1","0","-733831369","166","0","177868","1","0","-1","37","-1","-1","1","0"
"TRUE","0","0","-1","-1","-1","-1","-1","-1","0","-1266506293","167","2","-1","1","0","-1","-1","-1","-1","1","0"
"TRUE","0","0","-1","-1","-1","-1","-1","-1","0","-1755180605","168","2","-1","1","0","-1","-1","-1","202857","1","0"
"TRUE","0","0","-1","-1","-1","-1","-1","-1","0","1310326700","169","2","-1","1","0","-1","-1","-1","202814","1","0"
"TRUE","0","0","-1","-1","-1","-1","-1","-1","0","-1","170","0","51017","1","0","3646615","2","-1","-1","1","0"
"TRUE","0","0","-1","-1","-1","-1","-1","-1","0","-1","171","0","51017","1","0","3646615","17","-1","-1","1","0"
"TRUE","0","0","-1","-1","-1","-1","-1","-1","0","-1","172","0","51017","1","0","1148904500","30","-1","-1","1","0"
"TRUE","0","0","-1","-1","-1","-1","-1","-1","0","-1","173","0","51044","1","0","-1","-1","-1","-1","1","0"
"TRUE","0","0","-1","-1","-1","-1","-1","-1","0","-1","174","0","51044","1","0","-1","-1","-1","-1","1","0"
"TRUE","0","0","-1","-1","-1","-1","-1","-1","0","-1","175","0","51019","1","0","-1","-1","-1","-1","1","0"
"TRUE","0","0","-1","-1","-1","-1","-1","-1","0","-1","176","0","150663","1","0","-1","-1","-1","-1","1","0"
"TRUE","0","0","-1","-1","-1","-1","-1","-1","0","-1","177","0","150663","0.3","0","-1","-1","-1","-1","1","0"
"TRUE","0","0","-1","-1","-1","-1","-1","-1","0","-1","178","1","-1","1","0","-330059359","24","-1","-1","1","0"
"TRUE","0","0","-1","-1","-1","-1","-1","-1","0","-1266506293","179","2","-1","1","0","-1","-1","-1","-1","1","0"
"TRUE","0","0","-1","-1","-1","-1","-1","-1","0","-1","180","1","-1","1","10","1100789659","33","-1","-1","1","0"
"TRUE","0","0","-1","-1","-1","-1","-1","-1","0","-1","181","1","-1","1","5","1100789659","34","-1","-1","1","0"
"TRUE","0","0","-1","-1","-1","-1","-1","-1","0","-1","182","1","-1","1","10","1100789659","93","-1","50926","1","0"
"TRUE","0","0","-1","-1","-1","-1","-1","-1","0","-1","183","1","-1","1","10","1100789659","92","-1","50929","1","0"
"TRUE","0","0","-1","-1","-1","-1","-1","-1","0","-1","184","1","-1","1","10","1100789659","86","-1","102014","1","0"
"TRUE","0","0","-1","-1","-1","-1","-1","-1","0","-1","185","1","-1","1","10","1100789659","52","-1","50930","1","0"
"TRUE","0","0","-1","-1","-1","-1","-1","-1","0","-1","186","1","-1","1","10","1100789659","78","-1","50927","1","0"
"TRUE","0","0","-1","-1","-1","-1","-1","-1","0","-1","187","1","-1","1","10","1100789659","31","-1","-1","1","0"
"TRUE","0","0","-1","-1","-1","-1","-1","-1","0","-1","188","1","-1","1","10","1100789659","30","-1","-1","1","0"
"TRUE","0","0","-1","-1","-1","-1","-1","-1","0","-1","189","1","-1","1","10","1100789659","50","-1","-1","1","0"
"TRUE","0","0","-1","-1","-1","-1","-1","-1","0","-1","190","1","-1","1","10","1100789659","28","-1","-1","1","0"
"TRUE","0","0","-1","-1","-1","-1","-1","-1","0","-1","191","1","-1","1","10","1100789659","29","-1","-1","1","0"
"TRUE","0","0","-1","-1","-1","-1","-1","-1","0","-1","192","0","51017","1","0","-768798318","-1","-1","-1","1","0"
"TRUE","0","0","-1","-1","-1","-1","-1","-1","0","-1","193","0","51017","0.1","0","-1923740369","-1","-1","-1","1","0"
"TRUE","0","0","-1","-1","-1","-1","-1","-1","0","-1","194","0","51017","0.01","0","-1923740369","-1","-1","-1","1","0"
"TRUE","0","0","-1","-1","-1","-1","-1","-1","0","-1","195","0","51045","0.5","0","-1","-1","-1","-1","1","0"
"TRUE","0","0","-1","-1","-1","-1","-1","-1","0","-1","196","0","51044","1","0","-1","-1","-1","-1","1","0"
"TRUE","0","0","-1","-1","-1","-1","-1","-1","0","-1266506293","197","2","-1","0.25","0","-1","-1","-1","-1","1","0"
"TRUE","0","0","-1","-1","-1","-1","-1","-1","0","463155324","198","2","-1","1","0","-1","-1","-1","-1","1","0"
"TRUE","0","0","-1","-1","-1","-1","-1","-1","0","-1","199","0","71244","1","6","-1","-1","-1","-1","1","0"
"TRUE","0","0","-1","-1","-1","-1","-1","-1","0","504852499","200","2","-1","1","100","-1","-1","-1","162112","1","0"
"TRUE","0","0","-1","-1","-1","-1","-1","-1","0","-1","201","1","-1","0.01","1","-1","46","-1","-1","1","0"
"TRUE","0","0","-1","-1","-1","-1","-1","-1","0","-1","202","1","-1","1","0","-1","59","-1","-1","1","0"
"TRUE","0","0","-1","-1","-1","-1","-1","-1","0","-1","203","1","-1","1","0","-1","59","-1","173774","1","0"
"TRUE","0","0","-1","-1","-1","-1","-1","-1","0","-1","204","0","51017","0.15","0","-1","-1","-1","-1","1","0"
"TRUE","0","0","-1","-1","-1","-1","-1","-1","0","-1","205","0","51019","0.5","0","-1","-1","-1","-1","1","0"
"TRUE","0","0","-1","-1","-1","-1","-1","-1","0","-1","206","0","51018","1","0","-1","-1","-1","-1","1","0"
"TRUE","0","0","-1","-1","-1","-1","-1","-1","0","1612257704","207","2","132555","1","0","-1","-1","-1","-1","1","0"
"TRUE","0","0","-1","-1","-1","-1","-1","-1","0","-1533914304","208","2","-1","1","0","-1","-1","-1","-1","1","0"
"TRUE","0","0","-1","-1","-1","-1","-1","-1","0","2140880151","209","2","-1","0.5","0","-1","-1","-1","-1","1","0"
"TRUE","0","0","-1","-1","-1","-1","-1","-1","0","1815806857","210","2","-1","0.25","0","-1","-1","-1","-1","1","0"
"TRUE","0","0","-1","-1","-1","-1","-1","-1","0","-733831369","211","2","-1","1","0","-1","-1","-1","-1","1","0"
"TRUE","0","0","-1","-1","-1","-1","-1","-1","0","-1266506293","212","2","-1","0.5","0","-1","-1","-1","-1","1","0"
"TRUE","0","0","-1","-1","-1","-1","-1","-1","0","464105835","213","2","-1","1","100","-1","-1","-1","162111","1","0"
"TRUE","0","0","-1","-1","-1","-1","-1","-1","0","-1","214","1","-1","1","1","-1","46","-1","-1","1","0"
"TRUE","0","0","-1","-1","-1","-1","-1","847944519","1","181031810","215","2","-1","1","0","-1","-1","-1","-1","1","0"
"TRUE","0","0","-1","-1","-1","-1","-1","-1","0","-768304375","216","2","50988","1","100","-1","-1","-1","202575","1","0"
"TRUE","0","0","-1","-1","-1","-1","-1","-1","0","-1","217","1","-1","1","1","-1","46","-1","-1","1","0"
"TRUE","0","0","-1","-1","-1","-1","-1","-1","0","-1","218","1","-1","0","100","-1","77","-1","-1","1","0"
"TRUE","0","0","-1","-1","-1","-1","-1","-1","0","-1","219","1","-1","1","50","-1","78","-1","-1","1","0"
"TRUE","0","0","-1","-1","-1","0","0","0","0","397178769","220","2","-1","1","0","-1","-1","-1","-1","1","0"
"TRUE","0","0","-1","-1","-1","0","0","0","0","397178770","221","2","-1","1","0","-1","-1","-1","-1","1","0"
"TRUE","0","0","-1","-1","-1","0","0","0","0","397178771","222","2","-1","1","0","-1","-1","-1","-1","1","0"
"TRUE","0","0","-1","-1","-1","-1","-1","-1","0","-1","223","0","181666","1","10","-1","16","-1","-1","1","0"
"TRUE","0","0","-1","-1","-1","-1","-1","-1","0","-1","224","0","181667","1","0","-1","-1","-1","-1","1","0"
"TRUE","0","0","-1","-1","-1","-1","-1","-1","0","-1","225","0","181668","1","0","-1","-1","-1","-1","1","0"
"TRUE","0","0","-1","-1","-1","-1","-1","-1","0","-1","226","0","181689","1","20","-1","98","-1","-1","1","0"
"TRUE","0","0","-1","-1","-1","-1","-1","-1","0","-1","227","0","181690","1","0","-1","-1","-1","-1","1","0"
"TRUE","0","0","-1","-1","-1","-1","-1","-1","0","-1","228","0","181675","1","0","-1","-1","-1","-1","1","0"
"TRUE","0","0","-1","-1","-1","-1","-1","-1","0","-1","229","0","181676","1","0","-1","-1","-1","-1","1","0"
"TRUE","0","0","-1","-1","-1","-1","-1","-1","0","-1","230","0","181677","1","0","-1","-1","-1","-1","1","0"
"TRUE","0","0","-1","-1","-1","-1","-1","-1","0","-1","231","0","181677","1","0","-1","-1","-1","-1","1","0"
"TRUE","0","0","-1","-1","-1","-1","-1","-1","0","-1","232","0","181678","1","0","-1","-1","-1","-1","1","0"
"TRUE","0","0","-1","-1","-1","-1","-1","-1","0","-1","233","0","181685","1","0","-1","-1","-1","-1","1","0"
"TRUE","0","0","-1","-1","-1","-1","-1","-1","0","-1","234","0","181686","1","0","-1","-1","-1","-1","1","0"
"TRUE","0","0","-1","-1","-1","-1","-1","-1","0","-1","235","0","181687","1","0","-1","-1","-1","-1","1","0"
"TRUE","0","0","-1","-1","-1","-1","-1","-1","0","-1","236","0","181688","1","0","-1","-1","-1","-1","1","0"
"TRUE","0","0","-1","-1","-1","-1","-1","-1","0","-1","237","0","181679","1","0","-1","-1","-1","-1","1","0"
"TRUE","0","0","-1","-1","-1","-1","-1","-1","0","-1","238","1","-1","1","0","-1","81","-1","-1","1","0"
"TRUE","0","0","-1","-1","-1","-1","-1","-1","0","-1266506293","239","2","-1","1","0","-1","-1","-1","-1","1","0"
"TRUE","0","0","-1","-1","-1","-1","-1","-589122840","0","-101312757","240","2","-1","1","0","-1","-1","-1","-1","1","0"
"TRUE","0","0","-1","-1","-1","-1","-1","607290367","0","1815806857","241","2","-1","1","0","-1","-1","-1","-1","1","0"
"TRUE","0","0","-1","-1","-1","-1","-1","-1","0","-1","242","1","-1","1","0","-1","37","-1","-1","1","0"
"TRUE","0","0","-1","-1","-1","-1","-1","-1","0","-1","243","0","173766","1","0","-1","59","-1","173786","1","0"
"TRUE","0","0","-1","-1","-1","-1","-1","-1","0","-1","244","0","173773","1","0","-1","-1","-1","173774","1","0"
"TRUE","0","0","-1","-1","-1","-1","-1","-1","0","-1","245","1","-1","1","0","-1","80","-1","-1","1","0"
"TRUE","0","0","-1","-1","-1","-1","-1","-1","0","-1","246","1","-1","0.8","0","-1","46","-1","-1","1","0"
"TRUE","0","0","-1","-1","-1","-1","-1","-1","0","-1","247","1","-1","1","0","-1","85","-1","123786","1","0"
"TRUE","0","0","-1","-1","-1","-1","-1","-1","0","-1","248","1","-1","1","0","-1","81","-1","-1","1","0"
"TRUE","0","0","-1","-1","-1","-1","-1","-1","0","378919156","249","2","-1","1","100","-1","-1","-1","-1","1","0"
"TRUE","0","0","-1","-1","-1","-1","-1","-1","0","378919156","250","2","-1","1","30","-1","-1","-1","-1","1","0"
"TRUE","0","0","-1","-1","-1","-1","-1","-1","0","378919156","251","2","-1","1","10","-1","-1","-1","-1","2","0"
"TRUE","0","0","-1","-1","-1","-1","-1","-1","0","378919156","252","2","-1","1","60","-1","-1","-1","-1","1","0"
"TRUE","0","0","-1","-1","-1","-1","-1","-1","0","378919156","253","2","-1","1","25","-1","-1","-1","-1","2","0"
"TRUE","0","0","-1","-1","-1","-1","-1","-1","0","378919156","254","2","-1","1","5","-1","-1","-1","-1","3","0"
"TRUE","0","0","-1","-1","-1","-1","-1","-1","0","-1957492480","255","2","-1","1","100","-1","-1","-1","-1","1","0"
"TRUE","0","0","-1","-1","-1","-1","-1","-1","0","-1957492480","256","2","-1","1","30","-1","-1","-1","-1","1","0"
"TRUE","0","0","-1","-1","-1","-1","-1","-1","0","-1957492480","257","2","-1","1","10","-1","-1","-1","-1","2","0"
"TRUE","0","0","-1","-1","-1","-1","-1","-1","0","-1957492480","258","2","-1","1","60","-1","-1","-1","-1","1","0"
"TRUE","0","0","-1","-1","-1","-1","-1","-1","0","-1957492480","259","2","-1","1","25","-1","-1","-1","-1","2","0"
"TRUE","0","0","-1","-1","-1","-1","-1","-1","0","-1957492480","260","2","-1","1","5","-1","-1","-1","-1","3","0"
"TRUE","0","0","-1","-1","-1","-1","-1","-1","0","955595518","261","2","-1","1","100","-1","-1","-1","-1","1","0"
"TRUE","0","0","-1","-1","-1","-1","-1","-1","0","955595518","262","2","-1","1","30","-1","-1","-1","-1","1","0"
"TRUE","0","0","-1","-1","-1","-1","-1","-1","0","955595518","263","2","-1","1","10","-1","-1","-1","-1","2","0"
"TRUE","0","0","-1","-1","-1","-1","-1","-1","0","955595518","264","2","-1","1","60","-1","-1","-1","-1","1","0"
"TRUE","0","0","-1","-1","-1","-1","-1","-1","0","955595518","265","2","-1","1","25","-1","-1","-1","-1","2","0"
"TRUE","0","0","-1","-1","-1","-1","-1","-1","0","955595518","266","2","-1","1","5","-1","-1","-1","-1","3","0"
"TRUE","0","0","-1","-1","-1","-1","-1","-1","0","-715958561","267","2","-1","1","100","-1","-1","-1","-1","1","0"
"TRUE","0","0","-1","-1","-1","-1","-1","-1","0","-715958561","268","2","-1","1","30","-1","-1","-1","-1","1","0"
"TRUE","0","0","-1","-1","-1","-1","-1","-1","0","-715958561","269","2","-1","1","10","-1","-1","-1","-1","2","0"
"TRUE","0","0","-1","-1","-1","-1","-1","-1","0","1561062717","270","2","-1","1","0","-1","-1","-1","50918","1","0"
"TRUE","0","0","-1","-1","-1","-1","-1","-1","0","1561062718","271","2","-1","1","0","-1","-1","-1","50919","1","0"
"TRUE","0","0","-1","-1","-1","-1","-1","-1","0","-1","272","0","50951","1","0","-1","-1","-1","-1","1","0"
"TRUE","0","0","-1","-1","-1","-1","-1","-1","0","-715958561","273","2","-1","1","60","-1","-1","-1","-1","1","0"
"TRUE","0","0","-1","-1","-1","-1","-1","-1","0","-715958561","274","2","-1","1","25","-1","-1","-1","-1","2","0"
"TRUE","0","0","-1","-1","-1","-1","-1","-1","0","-715958561","275","2","-1","1","5","-1","-1","-1","-1","3","0"
"TRUE","0","0","-1","-1","-1","-1","-1","-1","0","-1586069458","276","2","-1","1","100","-1","-1","-1","-1","1","0"
"TRUE","0","0","-1","-1","-1","-1","-1","-1","0","-1586069458","277","2","-1","1","30","-1","-1","-1","-1","1","0"
"TRUE","0","0","-1","-1","-1","-1","-1","-1","0","-1586069458","278","2","-1","1","10","-1","-1","-1","-1","1","0"
"TRUE","0","0","-1","-1","-1","-1","-1","-1","0","-1586069458","279","2","-1","1","60","-1","-1","-1","-1","1","0"
"TRUE","0","0","-1","-1","-1","-1","-1","-1","0","-1586069458","280","2","-1","1","25","-1","-1","-1","-1","1","0"
"TRUE","0","0","-1","-1","-1","-1","-1","-1","0","-1586069458","281","2","-1","1","5","-1","-1","-1","-1","1","0"
"TRUE","0","0","-1","-1","-1","-1","-1","-1","0","-1","282","0","51017","0","0","-1923740369","-1","-1","-1","1","0"
"TRUE","0","0","-1","-1","-1","-1","-1","-1","0","-1","283","0","51017","0.85","0","145781993","-1","-1","-1","1","0"
"TRUE","0","0","-1","-1","-1","-1","-1","-1","0","-1","284","0","50981","0.5","0","-1","-1","-1","-1","1","0"
"TRUE","0","0","-1","-1","-1","-1","-1","-1","0","-1","285","0","51018","1","0","-1","-1","-1","-1","1","0"
"TRUE","0","0","-1","-1","-1","-1","-1","-1","0","-1","286","0","51018","0.5","0","-1","-1","-1","-1","1","0"
"TRUE","0","0","-1","-1","-1","-1","-1","-1","0","-1048384993","287","2","-1","1","100","-1","-1","-1","160351","1","0"
"TRUE","0","0","-1","-1","-1","-1","-1","-1","0","-236966351","288","2","-1","1","100","-1","-1","-1","160352","1","0"
"TRUE","0","0","-1","-1","-1","-1","-1","-1","0","829218340","289","2","-1","1","100","-1","-1","-1","131180","1","0"
"TRUE","0","0","-1","-1","-1","-1","-1","-1","0","316278027","290","2","-1","1","100","-1","-1","-1","160353","1","0"
"TRUE","0","0","-1","-1","-1","-1","-1","-1","0","316278028","291","2","-1","1","100","-1","-1","-1","160356","1","0"
"TRUE","0","0","-1","-1","-1","-1","-1","-1","0","316278029","292","2","-1","1","100","-1","-1","-1","160357","1","0"
"TRUE","0","0","-1","-1","-1","-1","-1","-1","0","-1906290178","293","2","-1","1","100","-1","-1","-1","160361","1","0"
"TRUE","0","0","-1","-1","-1","-1","-1","-1","0","1594401494","294","2","-1","1","100","-1","-1","-1","131181","1","0"
"TRUE","0","0","-1","-1","-1","-1","-1","-1","0","-1","295","1","-1","1","1","-1","46","-1","-1","1","0"
"TRUE","0","0","-1","-1","-1","-1","-1","-1","0","-289611678","296","2","-1","1","0","-1","-1","-1","202839","1","0"
"TRUE","0","0","-1","-1","-1","-1","-1","-1","0","1604771305","297","2","-1","1","0","-1","-1","-1","-1","1","0"
"TRUE","0","0","-1","-1","-1","-1","-1","-1","0","-1","298","0","50951","1","0","-1","-1","-1","-1","1","0"
"TRUE","0","0","-1","-1","-1","-1","-1","-1","0","-1266506293","299","2","51022","1","0","-1","56","-1","-1","1","0"
"TRUE","0","0","-1","-1","-1","-1","-1","-1","0","-733831369","300","1","-1","1","0","-1923740369","40","-1","-1","1","0"
"TRUE","0","0","-1","-1","-1","-1","-1","-1","0","-1","301","1","-1","1","0","-1923740369","32","-1","-1","1","0"
"TRUE","0","0","-1","-1","-1","-1","-1","-1","0","-1","302","1","-1","1","0","145781993","60","-1","-1","1","0"
"TRUE","0","0","-1","-1","-1","-1","-1","-1","0","-1","303","1","-1","1","0","145781993","41","-1","-1","1","0"
"TRUE","0","0","-1","-1","-1","-1","-1","-1","0","-1","304","1","-1","1","0","-1","68","-1","-1","1","0"
"TRUE","0","0","-1","-1","-1","-1","-1","-1","0","-1","305","1","-1","1","0","-1923740369","32","-1","-1","1","0"
"TRUE","0","0","-1","-1","-1","-1","-1","-1","0","-1916071921","306","2","-1","1","0","-1923740369","41","-1","-1","1","0"
"TRUE","0","0","-1","-1","-1","-1","-1","-1","0","-1","307","1","-1","1","0","-1","69","-1","-1","1","0"
"TRUE","0","0","-1","-1","-1","-1","-1","-1","0","-1","308","1","-1","1","0","1438421785","0","-1","-1","1","0"
"TRUE","0","0","-1","-1","-1","-1","-1","-1","0","-1","309","1","-1","1","0","1438421785","25","-1","-1","1","0"
"TRUE","0","0","-1","-1","-1","-1","-1","-1","0","-1","310","1","-1","1","0","1438421785","0","-1","-1","1","0"
"TRUE","0","0","-1","-1","-1","-1","-1","-1","0","-1","311","1","-1","1","0","1438421785","51","-1","-1","1","0"
"TRUE","0","0","-1","-1","-1","-1","-1","-1","0","-1","312","0","183984","1","0","-1","30","-1","-1","1","0"
"TRUE","0","0","-1","-1","-1","-1","-1","-1","0","2064572066","313","2","-1","1","100","-1","-1","-1","-1","1","0"
"TRUE","0","0","-1","-1","-1","-1","-1","-1","0","2064572165","314","2","-1","1","100","-1","-1","-1","-1","1","0"
"TRUE","0","0","-1","-1","-1","-1","-1","-1","0","-1","315","0","51017","0","16","-1","-1","-1","-1","1","0"
"TRUE","0","0","-1","-1","-1","-1","-1","-1","0","-1","316","0","51019","0","12","-1","-1","-1","-1","1","0"
"TRUE","0","0","-1","-1","-1","-1","-1","-1","0","-1","317","0","51018","0","80","-1","-1","-1","-1","1","0"
"TRUE","0","0","-1","-1","-1","-1","-1","-1","0","-1352920439","318","2","-1","1","0","-1","-1","-1","-1","1","0"
"TRUE","0","0","-1","-1","-1","-1","-1","-1","0","-1812121245","319","2","-1","0","100","-1","-1","-1","-1","1","0"
"TRUE","0","0","-1","-1","-1","-1","-1","-1","0","-1","320","0","71244","1","6","-1","-1","-1","-1","1","0"
"TRUE","0","0","-1","-1","-1","-1","-1","-1","0","-1","321","0","171724","1","1","-1","-1","-1","-1","1","0"
"TRUE","0","0","-1","-1","-1","-1","-1","-1","0","-397905230","322","2","-1","1","0","-1","-1","-1","158685","1","0"
"TRUE","0","0","-1","-1","-1","-1","-1","-1","0","-1","323","0","51039","1","0","-1","-1","-1","-1","1","0"
"TRUE","0","0","-1","-1","-1","-1","-1","-1","0","-1","324","0","99959","0.5","0","-1","-1","-1","-1","1","0"
"TRUE","0","0","-1","-1","-1","-1","-1","-1","0","-1","325","0","99959","0.5","0","-1","-1","-1","-1","1","0"
"TRUE","0","0","-1","-1","-1","-1","-1","-1","0","-1","326","1","-1","0.5","0","-1","40","-1","-1","1","0"
"TRUE","0","0","-1","-1","-1","-1","-1","-1","0","-1","327","1","-1","0.5","0","-1","40","-1","-1","1","0"
"TRUE","0","0","-1","-1","-1","-1","-1","-1","0","-1","328","0","171725","1","100","-1","-1","-1","-1","1","0"
"TRUE","0","0","-1","-1","-1","-1","-1","-1","0","-1","329","0","171735","1","100","-1","-1","-1","-1","1","0"
"TRUE","0","0","-1","-1","-1","-1","-1","-1","0","-1","330","0","171745","1","100","-1","-1","-1","-1","1","0"
"TRUE","0","0","-1","-1","-1","-1","-1","-1","0","-1","331","0","171766","1","100","-1","-1","-1","-1","1","0"
"TRUE","0","0","-1","-1","-1","-1","-1","-1","0","-1411866897","332","2","-1","1","75","-1","-1","-1","-1","1","0"
"TRUE","0","0","-1","-1","-1","-1","-1","-1","0","-1411866896","333","2","-1","1","25","-1","-1","-1","-1","1","0"
"TRUE","0","0","-1","-1","-1","-1","-1","-1","0","-1411866895","334","2","-1","1","5","-1","-1","-1","-1","1","0"
"TRUE","0","0","-1","-1","-1","-1","-1","-1","0","-1411866894","335","2","-1","1","75","-1","-1","-1","-1","1","0"
"TRUE","0","0","-1","-1","-1","-1","-1","-1","0","-1411866893","336","2","-1","1","25","-1","-1","-1","-1","1","0"
"TRUE","0","0","-1","-1","-1","-1","-1","-1","0","-1411866892","337","2","-1","1","5","-1","-1","-1","-1","1","0"
"TRUE","0","0","-1","-1","-1","-1","-1","-1","0","-1411866891","338","2","-1","1","75","-1","-1","-1","-1","1","0"
"TRUE","0","0","-1","-1","-1","-1","-1","-1","0","-1411866890","339","2","-1","1","25","-1","-1","-1","-1","1","0"
"TRUE","0","0","-1","-1","-1","-1","-1","-1","0","-1411866889","340","2","-1","1","75","-1","-1","-1","-1","1","0"
"TRUE","0","0","-1","-1","-1","-1","-1","-1","0","-1733388806","341","2","-1","1","75","-1","-1","-1","-1","1","0"
"TRUE","0","0","-1","-1","-1","-1","-1","-1","0","-1733388805","342","2","-1","1","25","-1","-1","-1","-1","1","0"
"TRUE","0","0","-1","-1","-1","-1","-1","-1","0","-1733388804","343","2","-1","1","5","-1","-1","-1","-1","1","0"
"TRUE","0","0","-1","-1","-1","-1","-1","-1","0","-1733388803","344","2","-1","1","75","-1","-1","-1","-1","1","0"
"TRUE","0","0","-1","-1","-1","-1","-1","-1","0","-1733388802","345","2","-1","1","25","-1","-1","-1","-1","1","0"
"TRUE","0","0","-1","-1","-1","-1","-1","-1","0","-1733388801","346","2","-1","1","5","-1","-1","-1","-1","1","0"
"TRUE","0","0","-1","-1","-1","-1","-1","-1","0","-1733388800","347","2","-1","1","75","-1","-1","-1","-1","1","0"
"TRUE","0","0","-1","-1","-1","-1","-1","-1","0","-1733388799","348","2","-1","1","25","-1","-1","-1","-1","1","0"
"TRUE","0","0","-1","-1","-1","-1","-1","-1","0","-1733388798","349","2","-1","1","75","-1","-1","-1","-1","1","0"
"TRUE","0","0","-1","-1","-1","-1","-1","-1","0","-1","350","0","51039","1","0","-1","-1","-1","-1","1","0"
"TRUE","0","0","-1","-1","-1","-1","-1","-1","0","-1","351","0","51019","1","0","1148904500","39","-1","-1","1","0"
"TRUE","0","0","-1","-1","-1","-1","-1","-1","0","-1","352","0","51019","1","0","-1","38","-1","-1","1","0"
"TRUE","0","0","-1","-1","-1","-1","-1","-1","0","-1","353","0","51019","1","0","-1","38","-1","-1","1","0"
"TRUE","0","0","-1","-1","-1","-1","-1","-1","0","-1","354","0","51019","0.5","0","-1","38","-1","-1","1","0"
"TRUE","0","0","-1","-1","-1","-1","-1","-1","0","1603007810","355","2","-1","1","75","-1","-1","-1","-1","1","0"
"TRUE","0","0","-1","-1","-1","-1","-1","-1","0","1603007811","356","2","-1","1","25","-1","-1","-1","-1","1","0"
"TRUE","0","0","-1","-1","-1","-1","-1","-1","0","1603007812","357","2","-1","1","5","-1","-1","-1","-1","1","0"
"TRUE","0","0","-1","-1","-1","-1","-1","-1","0","1603007813","358","2","-1","1","75","-1","-1","-1","-1","1","0"
"TRUE","0","0","-1","-1","-1","-1","-1","-1","0","1603007814","359","2","-1","1","25","-1","-1","-1","-1","1","0"
"TRUE","0","0","-1","-1","-1","-1","-1","-1","0","1603007815","360","2","-1","1","5","-1","-1","-1","-1","1","0"
"TRUE","0","0","-1","-1","-1","-1","-1","-1","0","1603007816","361","2","-1","1","75","-1","-1","-1","-1","1","0"
"TRUE","0","0","-1","-1","-1","-1","-1","-1","0","1603007817","362","2","-1","1","25","-1","-1","-1","-1","1","0"
"TRUE","0","0","-1","-1","-1","-1","-1","-1","0","1603007818","363","2","-1","1","75","-1","-1","-1","-1","1","0"
"TRUE","0","0","-1","-1","-1","-1","-1","-1","0","2064572099","364","2","-1","1","100","-1","-1","-1","-1","1","0"
"TRUE","0","0","-1","-1","-1","-1","-1","-1","0","2064572100","365","2","-1","1","99","-1","-1","-1","-1","1","0"
"TRUE","0","0","-1","-1","-1","-1","-1","-1","0","2064572101","366","2","-1","1","1","-1","-1","-1","-1","1","0"
"TRUE","0","0","-1","-1","-1","-1","-1","-1","0","1815806857","367","0","181691","1","10","-1","26","-1","-1","1","0"
"TRUE","0","0","-1","-1","-1","-1","-1","-1","0","-1","368","0","181691","1","0","-1","-1","-1","-1","1","0"
"TRUE","0","0","-1","-1","-1","-1","-1","-1","0","-1","369","0","181675","1","0","-1","-1","-1","-1","1","0"
"TRUE","0","0","-1","-1","-1","-1","-1","-1","0","-1","370","0","181676","1","0","-1","-1","-1","-1","1","0"
"TRUE","0","0","-1","-1","-1","-1","-1","-1","0","-1","371","0","181677","1","0","-1","-1","-1","-1","1","0"
"TRUE","0","0","-1","-1","-1","-1","-1","-1","0","-1","372","0","181678","1","0","-1","-1","-1","-1","1","0"
"TRUE","0","0","-1","-1","-1","-1","-1","-1","0","-1","373","0","181685","1","0","-1","-1","-1","-1","1","0"
"TRUE","0","0","-1","-1","-1","-1","-1","-1","0","-1","374","0","181686","1","0","-1","-1","-1","-1","1","0"
"TRUE","0","0","-1","-1","-1","-1","-1","-1","0","-1","375","0","181687","1","0","-1","-1","-1","-1","1","0"
"TRUE","0","0","-1","-1","-1","-1","-1","-1","0","-1","376","0","181688","1","0","-1","-1","-1","-1","1","0"
"TRUE","0","0","-1","-1","-1","-1","-1","-1","0","-1","377","0","181679","1","0","-1","-1","-1","-1","1","0"
"TRUE","0","0","-1","-1","-1","-1","-1","-1","0","2064572101","378","2","-1","1","99","-1","-1","-1","-1","1","0"
"TRUE","0","0","-1","-1","-1","-1","-1","-1","0","2064572102","379","2","-1","1","1","-1","-1","-1","-1","1","0"
"TRUE","0","0","-1","-1","-1","-1","-1","-1","0","1372800103","380","2","-1","1","100","-1","-1","-1","-1","1","0"
"TRUE","0","0","-1","-1","-1","-1","-1","-1","0","-1","381","1","-1","1","1","-1","46","-1","-1","1","0"
"TRUE","0","0","-1","-1","-1","-1","-1","-1","0","2058771886","382","2","-1","1","75","-1","-1","-1","-1","1","0"
"TRUE","0","0","-1","-1","-1","-1","-1","-1","0","2058771887","383","2","-1","1","25","-1","-1","-1","-1","1","0"
"TRUE","0","0","-1","-1","-1","-1","-1","-1","0","2058771888","384","2","-1","1","5","-1","-1","-1","-1","1","0"
"TRUE","0","0","-1","-1","-1","-1","-1","-1","0","-2091504072","385","2","-1","1","0","-1","-1","-1","-1","1","0"
"TRUE","0","0","-1","-1","-1","-1","-1","-1","0","2064572132","386","2","-1","1","100","-1","-1","-1","-1","1","0"
"TRUE","0","0","-1","-1","-1","-1","-1","-1","0","2058771889","387","2","-1","1","75","-1","-1","-1","-1","1","0"
"TRUE","0","0","-1","-1","-1","-1","-1","-1","0","2058771890","388","2","-1","1","25","-1","-1","-1","-1","1","0"
"TRUE","0","0","-1","-1","-1","-1","-1","-1","0","2058771891","389","2","-1","1","5","-1","-1","-1","-1","1","0"
"TRUE","0","0","-1","-1","-1","-1","-165351709","-1256761000","1","-2115691355","390","2","-1","1","0","-1","-1","-1","-1","1","0"
"TRUE","0","0","-1","-1","-1","-1","-1","-1","0","2064572133","391","2","-1","1","99","-1","-1","-1","-1","1","0"
"TRUE","0","0","-1","-1","-1","-1","-1","-1","0","2064572134","392","2","-1","1","1","-1","-1","-1","-1","1","0"
"TRUE","0","0","-1","-1","-1","-1","-1","-1","0","2058771892","393","2","-1","1","75","-1","-1","-1","-1","1","0"
"TRUE","0","0","-1","-1","-1","-1","-1","-1","0","2058771893","394","2","-1","1","25","-1","-1","-1","-1","1","0"
"TRUE","0","0","-1","-1","-1","-1","-1","-1","0","2058771894","395","2","-1","1","75","-1","-1","-1","-1","1","0"
"TRUE","0","0","-1","-1","-1","-1","-1","-1","0","2064572134","396","2","-1","1","99","-1","-1","-1","-1","1","0"
"TRUE","0","0","-1","-1","-1","-1","-1","-1","0","2064572135","397","2","-1","1","1","-1","-1","-1","-1","1","0"
"TRUE","0","0","-1","-1","-1","-1","-1","-1","0","-1","398","0","50950","0","100","-1","2","-1","-1","1","0"
"TRUE","0","0","-1","-1","-1","-1","-1","-1","0","-1022104307","399","2","-1","1","0","-1","-1","-1","87676","1","0"
"TRUE","0","0","-1","-1","-1","-1","-1","-1","0","-1022098555","400","2","-1","1","0","-1","-1","-1","91029","1","0"
"TRUE","0","0","-1","-1","-1","-1","-1","-1","0","-669329085","401","2","-1","1","0","-1","-1","-1","91037","1","0"
"TRUE","0","0","-1","-1","-1","-1","-1","-1","0","629974535","402","2","-1","1","0","-1","-1","-1","91038","1","0"
"TRUE","0","0","-1","-1","-1","-1","-1","-1","0","629968021","403","2","-1","1","0","-1","-1","-1","91039","1","0"
"TRUE","0","0","-1","-1","-1","-1","-1","-1","0","-1022100097","404","2","-1","1","0","-1","-1","-1","91040","1","0"
"TRUE","0","0","-1","-1","-1","-1","-1","-1","0","-670618452","405","2","-1","1","0","-1","-1","-1","91134","1","0"
"TRUE","0","0","-1","-1","-1","-1","-1","-1","0","2064572166","406","2","-1","1","99","-1","-1","-1","-1","1","0"
"TRUE","0","0","-1","-1","-1","-1","-1","-1","0","2064572167","407","2","-1","1","1","-1","-1","-1","-1","1","0"
"TRUE","0","0","-1","-1","-1","-1","-1","-1","0","2064572167","408","2","-1","1","99","-1","-1","-1","-1","1","0"
"TRUE","0","0","-1","-1","-1","-1","-1","-1","0","2064572168","409","2","-1","1","1","-1","-1","-1","-1","1","0"
"TRUE","0","0","-1","-1","-1","-1","-1","-1","0","-1","410","0","171726","1","100","-1","-1","-1","-1","1","0"
"TRUE","0","0","-1","-1","-1","-1","-1","-1","0","-1","411","0","171736","1","100","-1","-1","-1","-1","1","0"
"TRUE","0","0","-1","-1","-1","-1","-1","-1","0","-1","412","0","171746","1","100","-1","-1","-1","-1","1","0"
"TRUE","0","0","-1","-1","-1","-1","-1","-1","0","-1","413","0","171767","1","100","-1","-1","-1","-1","1","0"
"TRUE","0","0","-1","-1","-1","-1","-1","-1","0","-1","414","0","171727","1","100","-1","-1","-1","-1","1","0"
"TRUE","0","0","-1","-1","-1","-1","-1","-1","0","-1","415","0","171737","1","100","-1","-1","-1","-1","1","0"
"TRUE","0","0","-1","-1","-1","-1","-1","-1","0","-1","416","0","171747","1","100","-1","-1","-1","-1","1","0"
"TRUE","0","0","-1","-1","-1","-1","-1","-1","0","-1","417","0","171768","1","100","-1","-1","-1","-1","1","0"
"TRUE","0","0","-1","-1","-1","-1","-1","-1","0","-1","418","0","171728","1","100","-1","-1","-1","-1","1","0"
"TRUE","0","0","-1","-1","-1","-1","-1","-1","0","-1","419","0","171738","1","100","-1","-1","-1","-1","1","0"
"TRUE","0","0","-1","-1","-1","-1","-1","-1","0","-1","420","0","171748","1","100","-1","-1","-1","-1","1","0"
"TRUE","0","0","-1","-1","-1","-1","-1","-1","0","-1","421","0","171769","1","100","-1","-1","-1","-1","1","0"
"TRUE","0","0","-1","-1","-1","-1","-1","-1","0","-1","422","0","168114","0.5","6","-1","-1","-1","-1","1","0"
"TRUE","0","0","-1","-1","-1","-1","-1","-1","0","-1","423","0","171776","1","1","-1","-1","-1","-1","1","0"
"TRUE","0","0","-1","-1","-1","-1","-1","-1","0","-1","424","0","168127","0.5","6","-1","-1","-1","-1","1","0"
"TRUE","0","0","-1","-1","-1","-1","-1","-1","0","-1","425","0","171777","1","1","-1","-1","-1","-1","1","0"
"TRUE","0","0","-1","-1","-1","-1","-1","-1","0","-1","426","0","168133","0.5","6","-1","-1","-1","-1","1","0"
"TRUE","0","0","-1","-1","-1","-1","-1","-1","0","-1","427","0","171778","1","1","-1","-1","-1","-1","1","0"
"TRUE","0","0","-1","-1","-1","-1","-1","-1","0","-1","428","0","181669","1","0","-1","-1","-1","-1","1","0"
"TRUE","0","0","-1","-1","-1","-1","-1","-1","0","-1","429","0","181670","1","0","-1","-1","-1","-1","1","0"
"TRUE","0","0","-1","-1","-1","-1","-1","-1","0","-1","430","0","181672","1","0","-1","-1","-1","-1","1","0"
"TRUE","0","0","-1","-1","-1","-1","-1","-1","0","-1","431","0","181672","1","0","-1","-1","-1","-1","1","0"
"TRUE","0","0","-1","-1","-1","-1","-1","-1","0","-1","432","0","181740","1","0","-1","-1","-1","-1","1","0"
"TRUE","0","0","-1","-1","-1","-1","-1","-1","0","-1","433","0","181740","1","0","-1","-1","-1","-1","1","0"
"TRUE","0","0","-1","-1","-1","-1","-1","-1","0","-1","434","0","183171","1","0","-1","-1","-1","-1","1","0"
"TRUE","0","0","-1","-1","-1","-1","-1","-1","0","-1322720193","435","2","-1","1","100","-1","-1","-1","-1","1","0"
"TRUE","0","0","-1","-1","-1","-1","-1","-1","0","-467363669","436","2","-1","1","0","-1","-1","-1","-1","1","0"
"TRUE","0","0","-1","-1","-1","-1","-1","-1","0","1815806857","437","0","181655","1","10","-1","3","9","-1","1","0"
"TRUE","0","0","-1","-1","-1","-1","-1","-1","0","-1","438","0","181656","1","0","-1","-1","-1","-1","1","0"
"TRUE","0","0","-1","-1","-1","-1","-1","-1","0","-1","439","0","181657","1","0","-1","-1","-1","-1","1","0"
"TRUE","0","0","-1","-1","-1","-1","-1","-1","0","-1","440","0","181658","1","0","-1","-1","-1","-1","1","0"
"TRUE","0","0","-1","-1","-1","-1","-1","-1","0","-1","441","0","181659","1","0","-1","-1","-1","-1","1","0"
"TRUE","0","0","-1","-1","-1","-1","-1","-1","0","-1","442","0","181662","1","0","-1","-1","-1","-1","1","0"
"TRUE","0","0","-1","-1","-1","-1","-1","-1","0","-1","443","0","181664","1","0","-1","-1","-1","-1","1","0"
"TRUE","0","0","-1","-1","-1","-1","-1","-1","0","-1","444","0","181665","1","0","-1","-1","-1","-1","1","0"
"TRUE","0","0","-1","-1","-1","-1","-1","-1","0","-1","445","0","181675","1","10","-1","30","-1","-1","1","0"
"TRUE","0","0","-1","-1","-1","-1","-1","-1","0","-1","446","0","181676","1","0","-1","-1","-1","-1","1","0"
"TRUE","0","0","-1","-1","-1","-1","-1","-1","0","-1","447","0","181677","1","0","-1","-1","-1","-1","1","0"
"TRUE","0","0","-1","-1","-1","-1","-1","-1","0","-1","448","0","181678","1","0","-1","-1","-1","-1","1","0"
"TRUE","0","0","-1","-1","-1","-1","-1","-1","0","-1","449","0","181685","1","0","-1","-1","-1","-1","1","0"
"TRUE","0","0","-1","-1","-1","-1","-1","-1","0","-1","450","0","181686","1","0","-1","-1","-1","-1","1","0"
"TRUE","0","0","-1","-1","-1","-1","-1","-1","0","-1","451","0","181687","1","0","-1","-1","-1","-1","1","0"
"TRUE","0","0","-1","-1","-1","-1","-1","-1","0","-1","452","0","181688","1","0","-1","-1","-1","-1","1","0"
"TRUE","0","0","-1","-1","-1","-1","-1","-1","0","-1","453","0","181679","1","0","-1","-1","-1","-1","1","0"
"TRUE","0","0","-1","-1","-1","-1","-1","-1","0","-1","454","0","205928","1","0","-768798318","-1","-1","-1","1","0"
"TRUE","0","0","-1","-1","-1","-1","-1","-1","0","88665049","455","2","-1","1","50","-1","16","-1","-1","1","0"
"TRUE","0","0","-1","-1","-1","-1","-1","-1","0","1646417620","456","2","-1","1","0","-1","-1","-1","-1","1","0"
"TRUE","0","0","-1","-1","-1","-1","-1","234326221","0","-635269584","457","2","-1","1","60","-1","7","-1","-1","1","0"
"TRUE","0","0","-1","-1","-1","-1","-1","-1","0","1646417620","458","2","-1","1","0","-1","-1","-1","-1","1","0"
"TRUE","0","0","-1","-1","-1","-1","-1","-1","0","1236604967","459","2","-1","1","100","-1","30","-1","-1","1","0"
"TRUE","0","0","-1","-1","-1","-1","-1","-1","0","1646417620","460","2","-1","1","0","-1","-1","-1","-1","1","0"
"TRUE","0","0","-1","-1","-1","-1","-1","-1","0","1661412389","461","2","-1","1","60","-1","2","-1","-1","1","0"
"TRUE","0","0","-1","-1","-1","-1","-1","-1","0","1815806857","462","2","-1","1","0","-1","-1","-1","-1","1","0"
"TRUE","0","0","-1","-1","-1","-1","-1","-1","0","1646417620","463","2","-1","1","0","-1","-1","-1","-1","1","0"
"TRUE","0","0","-1","-1","-1","-1","-1","-1","0","2064572069","464","2","-1","1","1","-1","-1","-1","-1","1","0"
"TRUE","0","0","-1","-1","-1","-1","-1","-1","0","2064572102","465","2","-1","1","1","-1","-1","-1","-1","1","0"
"TRUE","0","0","-1","-1","-1","-1","-1","-1","0","2064572135","466","2","-1","1","1","-1","-1","-1","-1","1","0"
"TRUE","0","0","-1","-1","-1","-1","-1","-1","0","2064572168","467","2","-1","1","1","-1","-1","-1","-1","1","0"
"TRUE","0","0","-1","-1","-1","-1","-1","-1","0","-1","468","0","183165","1","20","-1","98","-1","-1","1","0"
"TRUE","0","0","-1","-1","-1","-1","-1","-1","0","-1","469","0","183164","1","0","-1","-1","-1","-1","1","0"
"TRUE","0","0","-1","-1","-1","-1","-1","-1","0","-1","470","0","183163","1","0","-1","-1","-1","-1","1","0"
"TRUE","0","0","-1","-1","-1","-1","-1","-1","0","-1","471","0","183161","1","0","-1","-1","-1","-1","1","0"
"TRUE","0","0","-1","-1","-1","-1","-1","-1","0","-1","472","0","183162","1","0","-1","-1","-1","-1","1","0"
"TRUE","0","0","-1","-1","-1","-1","-1","-1","0","-1","473","0","183159","1","0","-1","-1","-1","-1","1","0"
"TRUE","0","0","-1","-1","-1","-1","-1","-1","0","-1","474","0","183158","1","0","-1","-1","-1","-1","1","0"
"TRUE","0","0","-1","-1","-1","-1","-1","-1","0","-1","475","0","183166","1","0","-1","-1","-1","-1","1","0"
"TRUE","0","0","-1","-1","-1","-1","-1","-1","0","-1","476","0","183160","1","0","-1","-1","-1","-1","1","0"
"TRUE","0","0","-1","-1","-1","-1","-1","-1","0","-1","477","0","183168","1","0","-1","-1","-1","-1","1","0"
"TRUE","0","0","-1","-1","-1","-1","-1","-1","0","-1","478","0","183169","1","0","-1","-1","-1","-1","1","0"
"TRUE","0","0","-1","-1","-1","-1","-1","-1","0","-1","479","1","-1","1","0","-1","60","-1","-1","2","0"
"TRUE","0","0","-1","-1","-1","-1","-1","-1","0","-1266506293","480","2","-1","1","0","-1","-1","-1","-1","1","0"
"TRUE","0","0","-1","-1","-1","-1","-1","-1","0","-1","481","0","183170","1","20","-1","98","-1","-1","1","0"
"TRUE","0","0","-1","-1","-1","-1","-1","-1","0","-1","482","0","183170","1","0","-1","-1","-1","-1","1","0"
"TRUE","0","0","-1","-1","-1","-1","-1","-1","0","-1","483","0","183170","1","0","-1","-1","-1","-1","1","0"
"TRUE","0","0","-1","-1","-1","-1","-1","-1","0","-1","484","0","183170","1","0","-1","-1","-1","-1","1","0"
"TRUE","0","0","-1","-1","-1","-1","-1","-1","0","-1","485","0","183185","1","10","-1","16","-1","-1","1","0"
"TRUE","0","0","-1","-1","-1","-1","-1","-1","0","-1","486","0","183188","1","0","-1","-1","-1","-1","1","0"
"TRUE","0","0","-1","-1","-1","-1","-1","-1","0","-1","487","0","183175","1","0","-1","-1","-1","-1","1","0"
"TRUE","0","0","-1","-1","-1","-1","-1","-1","0","-1","488","0","184231","1","0","-1","-1","-1","-1","1","0"
"TRUE","0","0","-1","-1","-1","-1","-1","-1","0","-1","489","0","184227","1","0","-1","-1","-1","-1","1","0"
"TRUE","0","0","-1","-1","-1","-1","-1","-1","0","-1","490","0","184225","1","0","-1","-1","-1","-1","1","0"
"TRUE","0","0","-1","-1","-1","-1","-1","-1","0","-1","491","0","183168","1","0","-1","-1","-1","-1","1","0"
"TRUE","0","0","-1","-1","-1","-1","-1","-1","0","-1","492","0","183169","1","0","-1","-1","-1","-1","1","0"
"TRUE","0","0","-1","-1","-1","-1","-1","-1","0","-1","493","0","184231","1","0","-1","-1","-1","-1","1","0"
"TRUE","0","0","-1","-1","-1","-1","-1","-1","0","-1","494","0","184227","1","0","-1","-1","-1","-1","1","0"
"TRUE","0","0","-1","-1","-1","-1","-1","-1","0","-1","495","0","184225","1","0","-1","-1","-1","-1","1","0"
"TRUE","0","0","-1","-1","-1","-1","-1","-1","0","-1","496","0","183163","1","10","-1","30","-1","-1","1","0"
"TRUE","0","0","-1","-1","-1","-1","-1","-1","0","-1","497","0","183161","1","0","-1","-1","-1","-1","1","0"
"TRUE","0","0","-1","-1","-1","-1","-1","-1","0","-1","498","0","183162","1","0","-1","-1","-1","-1","1","0"
"TRUE","0","0","-1","-1","-1","-1","-1","-1","0","-1","499","0","183159","1","0","-1","-1","-1","-1","1","0"
"TRUE","0","0","-1","-1","-1","-1","-1","-1","0","-1","500","0","183158","1","0","-1","-1","-1","-1","1","0"
"TRUE","0","0","-1","-1","-1","-1","-1","-1","0","-1","501","0","183166","1","0","-1","-1","-1","-1","1","0"
"TRUE","0","0","-1","-1","-1","-1","-1","-1","0","-1","502","0","183160","1","0","-1","-1","-1","-1","1","0"
"TRUE","0","0","-1","-1","-1","-1","-1","-1","0","-1","503","0","183168","1","0","-1","-1","-1","-1","1","0"
"TRUE","0","0","-1","-1","-1","-1","-1","-1","0","-1","504","0","183169","1","0","-1","-1","-1","-1","1","0"
"TRUE","0","0","-1","-1","-1","-1","-1","-1","0","1815806857","505","0","181655","1","10","-1","3","9","-1","1","0"
"TRUE","0","0","-1","-1","-1","-1","-1","-1","0","-1","506","0","181656","1","0","-1","-1","-1","-1","1","0"
"TRUE","0","0","-1","-1","-1","-1","-1","-1","0","-1","507","0","181657","1","0","-1","-1","-1","-1","1","0"
"TRUE","0","0","-1","-1","-1","-1","-1","-1","0","-1","508","0","181658","1","0","-1","-1","-1","-1","1","0"
"TRUE","0","0","-1","-1","-1","-1","-1","-1","0","-1","509","0","181659","1","0","-1","-1","-1","-1","1","0"
"TRUE","0","0","-1","-1","-1","-1","-1","-1","0","-1","510","0","181662","1","0","-1","-1","-1","-1","1","0"
"TRUE","0","0","-1","-1","-1","-1","-1","-1","0","-1","511","0","181664","1","0","-1","-1","-1","-1","1","0"
"TRUE","0","0","-1","-1","-1","-1","-1","-1","0","-1","512","0","181665","1","0","-1","-1","-1","-1","1","0"
"TRUE","0","0","-1","-1","-1","-1","-1","-1","0","1815806857","513","0","183167","1","10","-1","26","-1","-1","1","0"
"TRUE","0","0","-1","-1","-1","-1","-1","-1","0","-1","514","0","183167","1","0","-1","-1","-1","-1","1","0"
"TRUE","0","0","-1","-1","-1","-1","-1","-1","0","-1","515","0","183163","1","0","-1","-1","-1","-1","1","0"
"TRUE","0","0","-1","-1","-1","-1","-1","-1","0","-1","516","0","183161","1","0","-1","-1","-1","-1","1","0"
"TRUE","0","0","-1","-1","-1","-1","-1","-1","0","-1","517","0","183162","1","0","-1","-1","-1","-1","1","0"
"TRUE","0","0","-1","-1","-1","-1","-1","-1","0","-1","518","0","183159","1","0","-1","-1","-1","-1","1","0"
"TRUE","0","0","-1","-1","-1","-1","-1","-1","0","-1","519","0","183158","1","0","-1","-1","-1","-1","1","0"
"TRUE","0","0","-1","-1","-1","-1","-1","-1","0","-1","520","0","183158","1","0","-1","-1","-1","-1","1","0"
"TRUE","0","0","-1","-1","-1","-1","-1","-1","0","-1","521","0","183166","1","0","-1","-1","-1","-1","1","0"
"TRUE","0","0","-1","-1","-1","-1","-1","-1","0","-1","522","0","183160","1","0","-1","-1","-1","-1","1","0"
"TRUE","0","0","-1","-1","-1","-1","-1","-1","0","-1","523","0","183168","1","0","-1","-1","-1","-1","1","0"
"TRUE","0","0","-1","-1","-1","-1","-1","-1","0","-1","524","0","183169","1","0","-1","-1","-1","-1","1","0"
"TRUE","0","0","-1","-1","-1","-1","-1","-1","0","-1","525","0","183171","1","0","-1","-1","-1","-1","1","0"
"TRUE","0","0","-1","-1","-1","-1","-1","-1","0","-1","526","0","183171","1","0","-1","-1","-1","-1","1","0"
"TRUE","0","0","-1","-1","-1","-1","-1","-1","0","-1","527","0","183171","1","0","-1","-1","-1","-1","1","0"
"TRUE","0","0","-1","-1","-1","-1","-1","-1","0","-1","528","0","183171","1","0","-1","-1","-1","-1","1","0"
"TRUE","0","0","-1","-1","-1","-1","-1","-1","0","-1","529","0","183174","1","0","-1","-1","-1","-1","1","0"
"TRUE","0","0","-1","-1","-1","-1","-1","-1","0","-1","530","0","183177","1","0","-1","-1","-1","-1","1","0"
"TRUE","0","0","-1","-1","-1","-1","-1","-1","0","-1","531","0","183180","1","0","-1","-1","-1","-1","1","0"
"TRUE","0","0","-1","-1","-1","-1","-1","-1","0","-1","532","0","183179","1","0","-1","-1","-1","-1","1","0"
"TRUE","0","0","-1","-1","-1","-1","-1","-1","0","-1","533","0","51016","0.35","100","-1","-1","-1","-1","1","0"
"TRUE","0","0","-1","-1","-1","-1","-1","-1","0","126259831","534","2","-1","1","0","-1","-1","-1","-1","3","0"
"TRUE","0","0","-1","-1","-1","-1","-1","-1","0","-1","535","0","152793","1","0","145781993","-1","-1","-1","1","0"
"TRUE","0","0","-1","-1","-1","-1","-1","-1","0","-1874288726","536","2","-1","1","0","-1","-1","-1","-1","1","0"
"TRUE","0","0","-1","-1","-1","-1","-1","-1","0","-1","537","0","51017","0.7","0","-1","-1","-1","-1","1","0"
"TRUE","0","0","-1","-1","-1","-1","-1","-1","0","-1","538","0","120129","0.5","0","-1","-1","-1","-1","1","0"
"TRUE","0","0","-1","-1","-1","-1","-1","-1","0","-1","539","1","-1","0.1","0","-1","46","-1","-1","1","0"
"TRUE","0","0","-1","-1","-1","-1","-1","-1","0","-1","540","0","120129","0.1","0","-1","-1","-1","-1","2","0"
"TRUE","0","0","-1","-1","-1","-1","-1","-1","0","-1","541","0","51019","0.25","0","-1","-1","-1","-1","1","0"
"TRUE","0","0","-1","-1","-1","-1","-1","-1","0","-1","542","1","-1","1","60","1241739555","3","9","-1","1","0"
"TRUE","0","0","-1","-1","-1","-1","-1","-1","0","-1","543","1","-1","1","40","-1135427397","3","9","-1","1","0"
"TRUE","0","0","-1","-1","-1","-1","-1","-1","0","-1","544","0","205929","0","40","-1","-1","-1","-1","1","0"
"TRUE","0","0","-1","-1","-1","-1","-1","-1","0","-1","545","0","205930","0","70","-1","-1","-1","-1","1","0"
"TRUE","0","0","-1","-1","-1","-1","-1","-1","0","-1","546","0","50949","0","20","-1","-1","-1","-1","1","0"
"TRUE","0","0","-1","-1","-1","-1","-1","-1","0","-1","547","1","-1","1","60","1241739555","3","10","-1","1","0"
"TRUE","0","0","-1","-1","-1","-1","-1","-1","0","-1","548","1","-1","1","40","-1135427397","3","10","-1","1","0"
"TRUE","0","0","-1","-1","-1","-1","-1","-1","0","-1","549","1","-1","0","30","-1","100","-1","-1","1","0"
"TRUE","0","0","-1","-1","-1","-1","-1","-1","0","-1","550","1","-1","0","10","-1","101","-1","-1","1","0"
"TRUE","0","0","-1","-1","-1","-1","-1","-1","0","-1","551","1","-1","0","15","-1","103","-1","-1","1","0"
"TRUE","0","0","-1","-1","-1","-1","-1","-1","0","-1","552","1","-1","1","8","-1","86","-1","184124","1","0"
"TRUE","0","0","-1","-1","-1","-1","-1","-1","0","-1","553","1","-1","1","4","-1","94","-1","184126","1","0"
"TRUE","0","0","-1","-1","-1","-1","-1","-1","0","-1","554","1","-1","1","4","-1","92","-1","184126","1","0"
"TRUE","0","0","-1","-1","-1","-1","-1","-1","0","-1","555","1","-1","1","4","-1","93","-1","184125","1","0"
"TRUE","0","0","-1","-1","-1","-1","-1","-1","0","-1","556","1","-1","1","4","-1","16","-1","184127","1","0"
"TRUE","0","0","-1","-1","-1","-1","-1","-1","0","-1","557","1","-1","1","4","-1","52","-1","184127","1","0"
"TRUE","0","0","-1","-1","-1","-1","-1","-1","0","-1","558","1","-1","1","1","-1","78","-1","184128","1","0"
"TRUE","0","0","-1","-1","-1","-1","-1","-1","0","-1","559","1","-1","1","3","-1","77","-1","184128","1","0"
"TRUE","0","0","-1","-1","-1","-1","-1","-1","0","-1","560","1","-1","1","60","1241739555","5","9","-1","1","0"
"TRUE","0","0","-1","-1","-1","-1","-1","-1","0","-1","561","1","-1","1","40","-1135427397","5","9","-1","1","0"
"TRUE","0","0","-1","-1","-1","-1","-1","-1","0","-1","562","1","-1","0","5","-1","106","-1","-1","1","0"
"TRUE","0","0","-1","-1","-1","-1","-1","-1","0","-1","563","1","-1","0","10","-1","107","-1","-1","1","0"
"TRUE","0","0","-1","-1","-1","-1","-1","-1","0","-1","564","1","-1","1","10","-1","97","-1","184124","1","0"
"TRUE","0","0","-1","-1","-1","-1","-1","-1","0","-1","565","1","-1","1","10","-1","98","-1","184125","1","0"
"TRUE","0","0","-1","-1","-1","-1","-1","-1","0","-1","566","1","-1","1","10","-1","99","-1","184128","1","0"
"TRUE","0","0","-1","-1","-1","-1","-1","-1","0","-1","567","1","-1","1","10","-1","95","-1","184127","1","0"
"TRUE","0","0","-1","-1","-1","-1","-1","-1","0","-1","568","1","-1","1","10","-1","96","-1","184126","1","0"
"TRUE","0","0","-1","-1","-1","-1","-1","-1","0","-1","569","1","-1","1","30","-1","105","-1","-1","1","0"
"TRUE","0","0","-1","-1","-1","-1","-1","-1","0","-1","570","1","-1","1","15","-1","104","-1","-1","1","0"
"TRUE","0","0","-1","-1","-1","-1","-1","-1","0","-1","571","1","-1","1","10","-1","29","-1","-1","1","0"
"TRUE","0","0","-1","-1","-1","-1","-1","-1","0","-1","572","1","-1","1","10","-1","79","-1","-1","1","0"
"TRUE","0","0","-1","-1","-1","-1","-1","-1","0","-1","573","1","-1","1","10","-1","50","-1","-1","1","0"
"TRUE","0","0","-1","-1","-1","-1","-1","-1","0","-1","574","1","-1","1","10","-1","48","-1","-1","1","0"
"TRUE","0","0","-1","-1","-1","-1","-1","-1","0","-1","575","1","-1","1","10","-1","28","-1","-1","1","0"
"TRUE","0","0","-1","-1","-1","-1","-1","-1","0","-1","576","1","-1","1","60","1241739555","5","10","-1","1","0"
"TRUE","0","0","-1","-1","-1","-1","-1","-1","0","-1","577","1","-1","1","40","-1135427397","5","10","-1","1","0"
"TRUE","0","0","-1","-1","-1","-1","-1","-1","0","-1","578","1","-1","1","60","1241739555","4","9","-1","1","0"
"TRUE","0","0","-1","-1","-1","-1","-1","-1","0","-1","579","1","-1","1","40","-1135427397","4","9","-1","1","0"
"TRUE","0","0","-1","-1","-1","-1","-1","-1","0","-1","580","1","-1","1","60","1241739555","4","10","-1","1","0"
"TRUE","0","0","-1","-1","-1","-1","-1","-1","0","-1","581","1","-1","1","40","-1135427397","4","10","-1","1","0"
"TRUE","0","0","-1","-1","-1","-1","-1","-1","0","-1","582","1","-1","1","60","1241739555","7","-1","-1","1","0"
"TRUE","0","0","-1","-1","-1","-1","-1","-1","0","-1","583","1","-1","1","40","-1135427397","7","-1","-1","1","0"
"TRUE","0","0","-1","-1","-1","-1","-1","-1","0","-1","584","1","-1","1","60","1241739555","24","-1","-1","1","0"
"TRUE","0","0","-1","-1","-1","-1","-1","-1","0","-1","585","1","-1","1","40","-1135427397","24","-1","-1","1","0"
"TRUE","0","0","-1","-1","-1","-1","-1","-1","0","-1","586","1","-1","1","60","1241739555","17","-1","-1","1","0"
"TRUE","0","0","-1","-1","-1","-1","-1","-1","0","-1","587","1","-1","1","40","-1135427397","17","-1","-1","1","0"
"TRUE","0","0","-1","-1","-1","-1","-1","-1","0","-1","588","1","-1","1","60","1241739555","16","-1","-1","1","0"
"TRUE","0","0","-1","-1","-1","-1","-1","-1","0","-1","589","1","-1","1","40","-1135427397","16","-1","-1","1","0"
"TRUE","0","0","-1","-1","-1","-1","-1","-1","0","-1","590","1","-1","1","60","1241739555","94","-1","-1","1","0"
"TRUE","0","0","-1","-1","-1","-1","-1","-1","0","-1","591","1","-1","1","40","-1135427397","94","-1","-1","1","0"
"TRUE","0","0","-1","-1","-1","-1","-1","-1","0","-1","592","1","-1","1","60","1241739555","13","-1","-1","1","0"
"TRUE","0","0","-1","-1","-1","-1","-1","-1","0","-1","593","1","-1","1","40","-1135427397","13","-1","-1","1","0"
"TRUE","0","0","-1","-1","-1","-1","-1","-1","0","-1","594","1","-1","1","60","1241739555","14","-1","-1","1","0"
"TRUE","0","0","-1","-1","-1","-1","-1","-1","0","-1","595","1","-1","1","40","-1135427397","14","-1","-1","1","0"
"TRUE","0","0","-1","-1","-1","-1","-1","-1","0","-1","596","1","-1","1","60","1241739555","77","-1","-1","1","0"
"TRUE","0","0","-1","-1","-1","-1","-1","-1","0","-1","597","1","-1","1","40","-1135427397","77","-1","-1","1","0"
"TRUE","0","0","-1","-1","-1","-1","-1","-1","0","-1","598","1","-1","1","60","1241739555","104","-1","-1","1","0"
"TRUE","0","0","-1","-1","-1","-1","-1","-1","0","-1","599","1","-1","1","40","-1135427397","104","-1","-1","1","0"
"TRUE","0","0","-1","-1","-1","-1","-1","-1","0","-1","600","1","-1","1","60","1241739555","105","-1","-1","1","0"
"TRUE","0","0","-1","-1","-1","-1","-1","-1","0","-1","601","1","-1","1","40","-1135427397","105","-1","-1","1","0"
"TRUE","0","0","-1","-1","-1","-1","-1","-1","0","-1","602","1","-1","1","60","1241739555","28","-1","-1","1","0"
"TRUE","0","0","-1","-1","-1","-1","-1","-1","0","-1","603","1","-1","1","40","-1135427397","28","-1","-1","1","0"
"TRUE","0","0","-1","-1","-1","-1","-1","-1","0","-1","604","1","-1","1","60","1241739555","29","-1","-1","1","0"
"TRUE","0","0","-1","-1","-1","-1","-1","-1","0","-1","605","1","-1","1","40","-1135427397","29","-1","-1","1","0"
"TRUE","0","0","-1","-1","-1","-1","-1","-1","0","-1","606","1","-1","1","60","1241739555","48","-1","-1","1","0"
"TRUE","0","0","-1","-1","-1","-1","-1","-1","0","-1","607","1","-1","1","40","-1135427397","48","-1","-1","1","0"
"TRUE","0","0","-1","-1","-1","-1","-1","-1","0","2064572067","608","2","-1","1","99","-1","-1","-1","-1","1","0"
"TRUE","0","0","-1","-1","-1","-1","-1","-1","0","2064572068","609","2","-1","1","1","-1","-1","-1","-1","1","0"
"TRUE","0","0","-1","-1","-1","-1","-1","-1","0","-1","610","1","-1","1","60","1241739555","106","-1","-1","1","0"
"TRUE","0","0","-1","-1","-1","-1","-1","-1","0","-1","611","1","-1","1","40","-1135427397","106","-1","-1","1","0"
"TRUE","0","0","-1","-1","-1","-1","-1","-1","0","2064572068","612","2","-1","1","99","-1","-1","-1","-1","1","0"
"TRUE","0","0","-1","-1","-1","-1","-1","-1","0","2064572069","613","2","-1","1","1","-1","-1","-1","-1","1","0"
"TRUE","0","0","-1","-1","-1","-1","-1","-1","0","-1","614","1","-1","1","60","1241739555","50","-1","-1","1","0"
"TRUE","0","0","-1","-1","-1","-1","-1","-1","0","-1","615","1","-1","1","40","-1135427397","50","-1","-1","1","0"
"TRUE","0","0","-1","-1","-1","-1","-1","-1","0","-1","616","1","-1","1","60","1241739555","79","-1","-1","1","0"
"TRUE","0","0","-1","-1","-1","-1","-1","-1","0","-1","617","1","-1","1","40","-1135427397","79","-1","-1","1","0"
"TRUE","0","0","-1","-1","-1","-1","-1","-1","0","-1","618","1","-1","1","60","1241739555","26","-1","-1","1","0"
"TRUE","0","0","-1","-1","-1","-1","-1","-1","0","-1","619","1","-1","1","40","-1135427397","26","-1","-1","1","0"
"TRUE","0","0","-1","-1","-1","-1","-1","-1","0","-1","620","1","-1","1","60","1241739555","52","-1","-1","1","0"
"TRUE","0","0","-1","-1","-1","-1","-1","-1","0","-1","621","1","-1","1","40","-1135427397","52","-1","-1","1","0"
"TRUE","0","0","-1","-1","-1","-1","-1","-1","0","-1","622","1","-1","1","60","1241739555","92","-1","-1","1","0"
"TRUE","0","0","-1","-1","-1","-1","-1","-1","0","-1","623","1","-1","1","40","-1135427397","92","-1","-1","1","0"
"TRUE","0","0","-1","-1","-1","-1","-1","-1","0","-1","624","1","-1","1","60","1241739555","47","-1","-1","1","0"
"TRUE","0","0","-1","-1","-1","-1","-1","-1","0","-1","625","1","-1","1","40","-1135427397","47","-1","-1","1","0"
"TRUE","0","0","-1","-1","-1","-1","-1","-1","0","608242189","626","2","-1","1","0","-1","-1","-1","-1","1","0"
"TRUE","0","0","-1","-1","-1","-1","-1","-1","0","-1","627","1","-1","1","7","-1","41","-1","-1","1","0"
"TRUE","0","0","-1","-1","-1","-1","-1","-1","0","-186854830","628","2","-1","1","0","-1","-1","-1","-1","1","0"
"TRUE","0","0","-1","-1","-1","-1","-1","-1","0","-561655662","629","2","-1","1","0","-1","-1","-1","162135","1","0"
"TRUE","0","0","-1","-1","-1","-1","-1","-1","0","-1993550104","630","2","-1","1","0","-1","-1","-1","-1","1","0"
"TRUE","0","0","-1","-1","-1","-1","-1","-1","0","-1","631","1","-1","1","60","1241739555","33","-1","-1","1","0"
"TRUE","0","0","-1","-1","-1","-1","-1","-1","0","-1","632","1","-1","1","40","-1135427397","33","-1","-1","1","0"
"TRUE","0","0","-1","-1","-1","-1","-1","-1","0","-1","633","1","-1","1","60","1241739555","34","-1","-1","1","0"
"TRUE","0","0","-1","-1","-1","-1","-1","-1","0","-1","634","1","-1","1","40","-1135427397","34","-1","-1","1","0"
"TRUE","0","0","-1","-1","-1","-1","-1","-1","0","-1","635","0","51017","0","16","-1","-1","-1","-1","1","0"
"TRUE","0","0","-1","-1","-1","-1","-1","-1","0","-1","636","0","51019","0","12","-1","-1","-1","-1","1","0"
"TRUE","0","0","-1","-1","-1","-1","-1","-1","0","-1","637","0","51018","0","80","-1","-1","-1","-1","1","0"
"TRUE","0","0","-1","-1","-1","-1","-1","-1","0","-1","638","0","181741","1","20","-1","98","-1","-1","1","0"
"TRUE","0","0","-1","-1","-1","-1","-1","-1","0","-1","639","0","181741","1","0","-1","-1","-1","-1","1","0"
"TRUE","0","0","-1","-1","-1","-1","-1","-1","0","-1266506293","640","2","-1","1","10","-1","-1","-1","-1","1","0"
"TRUE","0","0","-1","-1","-1","-1","-1","-1","0","-1","641","1","-1","1","20","1241739555","98","-1","-1","1","0"
"TRUE","0","0","-1","-1","-1","-1","-1","-1","0","-1","642","1","-1","1","40","-1135427397","98","-1","-1","1","0"
"TRUE","0","0","-1","-1","-1","-1","-1","-1","0","-1","643","1","-1","1","1","1918031012","98","-1","-1","1","0"
"TRUE","0","0","-1","-1","-1","-1","-1","-1","0","-1","644","1","-1","1","20","1241739555","95","-1","-1","1","0"
"TRUE","0","0","-1","-1","-1","-1","-1","-1","0","-1","645","1","-1","1","40","-1135427397","95","-1","-1","1","0"
"TRUE","0","0","-1","-1","-1","-1","-1","-1","0","-1","646","1","-1","1","1","1918031012","95","-1","-1","1","0"
"TRUE","0","0","-1","-1","-1","-1","-1","-1","0","-1","647","1","-1","1","20","1241739555","97","-1","-1","1","0"
"TRUE","0","0","-1","-1","-1","-1","-1","-1","0","-1","648","1","-1","1","40","-1135427397","97","-1","-1","1","0"
"TRUE","0","0","-1","-1","-1","-1","-1","-1","0","-1","649","1","-1","1","1","1918031012","97","-1","-1","1","0"
"TRUE","0","0","-1","-1","-1","-1","-1","-1","0","-1","650","1","-1","1","20","1241739555","96","-1","-1","1","0"
"TRUE","0","0","-1","-1","-1","-1","-1","-1","0","-1","651","1","-1","1","40","-1135427397","96","-1","-1","1","0"
"TRUE","0","0","-1","-1","-1","-1","-1","-1","0","-1","652","1","-1","1","1","1918031012","96","-1","-1","1","0"
"TRUE","0","0","-1","-1","-1","-1","-1","-1","0","-1","653","1","-1","1","20","1241739555","99","-1","-1","1","0"
"TRUE","0","0","-1","-1","-1","-1","-1","-1","0","-1","654","1","-1","1","40","-1135427397","99","-1","-1","1","0"
"TRUE","0","0","-1","-1","-1","-1","-1","-1","0","-1","655","1","-1","1","1","1918031012","99","-1","-1","1","0"
"TRUE","0","0","-1","-1","-1","-1","-1","-1","0","-1","656","0","184230","1","100","-1","99","-1","-1","1","0"
"TRUE","0","0","-1","-1","-1","-1","-1","-1","0","-1","657","0","184229","1","100","-1","99","-1","-1","1","0"
"TRUE","0","0","-1","-1","-1","-1","-1","-1","0","-1","658","0","184226","1","100","-1","99","-1","-1","1","0"
"TRUE","0","0","-1","-1","-1","-1","-1","-1","0","721065374","659","2","-1","1","100","-1","-1","-1","-1","1","0"
"TRUE","0","0","-1","-1","-1","-1","-1","-1","0","-1","660","1","-1","0.01","1","-1","46","-1","-1","1","0"
"TRUE","0","0","-1","-1","-1","-1","-1","-1","0","554362535","661","2","-1","1","0","-1","-1","-1","167796","1","0"
"TRUE","0","0","-1","-1","-1","-1","-1","-1","0","1114094521","662","2","-1","1","0","-1","-1","-1","167803","1","0"
"TRUE","0","0","-1","-1","-1","-1","-1","-1","0","2054863887","663","2","-1","1","0","-1","-1","-1","-1","1","0"
"TRUE","0","0","-1","-1","-1","-1","-1","-1","0","-363391670","664","2","-1","1","60","-1","2","-1","-1","1","0"
"TRUE","0","0","-1","-1","-1","-1","-1","-1","0","1646417620","665","2","-1","1","0","-1","-1","-1","-1","1","0"
"TRUE","0","0","-1","-1","-1","-1","-1","-1","0","-1","666","0","51017","1","0","418225399","-1","-1","-1","1","0"
"TRUE","0","0","-1","-1","-1","-1","-1","-1","0","-1","667","0","51019","0.9","0","-1","-1","-1","-1","1","0"
"TRUE","0","0","-1","-1","-1","-1","-1","-1","0","-1","668","0","51018","1","0","-1","-1","-1","-1","2","0"
"TRUE","0","0","-1","-1","-1","-1","-1","-1","0","-1","669","0","51018","0.5","0","-1","-1","-1","-1","2","0"
"TRUE","0","0","-1","-1","-1","-1","-1","-1","0","-1","670","0","120129","1","0","418225399","-1","-1","-1","2","0"
"TRUE","0","0","-1","-1","-1","-1","-1","-1","0","-1","671","0","51017","0.9","0","1148904500","-1","-1","-1","1","0"
"TRUE","0","0","-1","-1","-1","-1","-1","-1","0","-934435532","672","2","-1","1","0","-1","-1","-1","-1","1","0"
"TRUE","0","0","-1","-1","-1","-1","-1","-1","0","-1010870335","673","2","-1","1","0","-1","-1","-1","162131","1","0"
"TRUE","0","0","-1","-1","-1","-1","-1","-1","0","-1","674","1","-1","1","0","-1","46","-1","-1","1","0"
"TRUE","0","0","-1","-1","-1","-1","-1","-1","0","-470655324","675","2","50945","0","100","-639629033","25","-1","192860","1","0"
"TRUE","0","0","-1","-1","-1","-1","-1","-1","0","-1266506293","676","2","51022","1","0","-1","56","-1","-1","1","0"
"TRUE","0","0","-1","-1","-1","-1","-1","-1","0","1815806857","677","1","50981","1","0","145781993","41","-1","-1","1","0"
"TRUE","0","0","-1","-1","-1","-1","-1","-1","0","-733831369","678","1","-1","1","0","-1923740369","40","-1","-1","1","0"
"TRUE","0","0","-1","-1","-1","-1","-1","-1","0","-1","679","1","-1","1","0","1438421785","52","-1","-1","1","0"
"TRUE","0","0","-1","-1","-1","-1","-1","-1","0","-1","680","1","-1","1","0","145781993","60","-1","-1","3","0"
"TRUE","0","0","-1","-1","-1","-1","-1","-1","0","-1","681","1","-1","1","0","1438421785","16","-1","-1","1","0"
"TRUE","0","0","-1","-1","-1","-1","-1","-1","0","-1","682","1","-1","1","0","-330059359","52","-1","-1","1","0"
"TRUE","0","0","-1","-1","-1","-1","-1","-1","0","-1","683","1","-1","1","0","-768970390","52","-1","-1","1","0"
"TRUE","0","0","-1","-1","-1","-1","-1","-1","0","-1","684","1","-1","1","0","463109850","52","-1","-1","1","0"
"TRUE","0","0","-1","-1","-1","-1","-1","-1","0","-1","685","1","-1","1","0","1701634319","52","-1","-1","1","0"
"TRUE","0","0","-1","-1","-1","-1","-1","-1","0","-1","686","1","-1","1","0","-330059359","16","-1","-1","1","0"
"TRUE","0","0","-1","-1","-1","-1","-1","-1","0","-1","687","1","-1","1","0","145781993","16","-1","-1","1","0"
"TRUE","0","0","-1","-1","-1","-1","-1","-1","0","-1","688","1","-1","1","0","1701634319","16","-1","-1","1","0"
"TRUE","0","0","-1","-1","-1","-1","-1","-1","0","-733831369","689","0","183978","1","0","145781993","80","80","-1","1","0"
"TRUE","0","0","-1","-1","-1","-1","-1","-1","0","-1","690","0","183979","1","0","-1","-1","-1","-1","1","0"
"TRUE","0","0","-1","-1","-1","-1","-1","-1","0","-1","691","0","183980","1","0","-1","-1","-1","-1","1","0"
"TRUE","0","0","-1","-1","-1","-1","-1","-1","0","-1","692","0","183981","1","0","-1","-1","-1","-1","1","0"
"TRUE","0","0","-1","-1","-1","-1","-1","-1","0","-1","693","0","184010","1","0","-1","-1","-1","-1","1","0"
"TRUE","0","0","-1","-1","-1","-1","-1","-1","0","-1","694","0","184013","1","0","-1","-1","-1","-1","1","0"
"TRUE","0","0","-1","-1","-1","-1","-1","-1","0","-1","695","0","184014","1","0","-1","-1","-1","-1","1","0"
"TRUE","0","0","-1","-1","-1","-1","-1","-1","0","-1266506293","696","0","184362","1","0","-1","56","-1","-1","1","0"
"TRUE","0","0","-1","-1","-1","-1","-1","-1","0","-1546488739","697","2","-1","1","0","-1923740369","41","-1","-1","1","0"
"TRUE","0","0","-1","-1","-1","-1","-1","-1","0","-1266506293","698","2","-1","1","0","-1","-1","-1","-1","1","0"
"TRUE","0","0","-1","-1","-1","-1","-1","-1","0","-1","699","0","183993","1","0","-1","-1","-1","-1","1","0"
"TRUE","0","0","-1","-1","-1","-1","-1","-1","0","-1","700","0","183995","1","0","-1","-1","-1","-1","1","0"
"TRUE","0","0","-1","-1","-1","-1","-1","-1","0","-1266506293","701","2","-1","1","20","-1","-1","-1","-1","1","0"
"TRUE","0","0","-1","-1","-1","-1","-1","-1","0","-1","702","1","-1","1","20","-1","41","-1","-1","1","0"
"TRUE","0","0","-1","-1","-1","-1","-1","-1","0","-1322720193","703","2","-1","1","0","-1","-1","-1","-1","1","0"
"TRUE","0","0","-1","-1","-1","-1","-1","-1","0","-467363669","704","2","-1","1","0","-1","-1","-1","-1","1","0"
"TRUE","0","0","-1","-1","-1","-1","-1","-1","0","-1812121245","705","0","178086","1","90","-1","-1","-1","-1","1","0"
"TRUE","0","0","-1","-1","-1","-1","-1","-1","0","-1","706","0","162319","1","10","-1","-1","-1","-1","1","0"
"TRUE","0","0","-1","-1","-1","-1","-1","-1","0","-1","707","1","-1","1","20","1241739555","106","-1","-1","1","0"
"TRUE","0","0","-1","-1","-1","-1","-1","-1","0","-1","708","1","-1","1","40","-1135427397","106","-1","-1","1","0"
"TRUE","0","0","-1","-1","-1","-1","-1","-1","0","-1","709","1","-1","1","1","1918031012","106","-1","-1","1","0"
"TRUE","0","0","-1","-1","-1","-1","-1","-1","0","-1","710","1","-1","1","20","1241739555","29","-1","-1","1","0"
"TRUE","0","0","-1","-1","-1","-1","-1","-1","0","-1","711","1","-1","1","40","-1135427397","29","-1","-1","1","0"
"TRUE","0","0","-1","-1","-1","-1","-1","-1","0","-1","712","1","-1","1","1","1918031012","29","-1","-1","1","0"
"TRUE","0","0","-1","-1","-1","-1","-1","-1","0","-1","713","1","-1","1","20","1241739555","79","-1","-1","1","0"
"TRUE","0","0","-1","-1","-1","-1","-1","-1","0","-1","714","1","-1","1","40","-1135427397","79","-1","-1","1","0"
"TRUE","0","0","-1","-1","-1","-1","-1","-1","0","-1","715","1","-1","1","1","1918031012","79","-1","-1","1","0"
"TRUE","0","0","-1","-1","-1","-1","-1","-1","0","-1","716","1","-1","1","20","1241739555","105","-1","-1","1","0"
"TRUE","0","0","-1","-1","-1","-1","-1","-1","0","-1","717","1","-1","1","40","-1135427397","105","-1","-1","1","0"
"TRUE","0","0","-1","-1","-1","-1","-1","-1","0","-1","718","1","-1","1","1","1918031012","105","-1","-1","1","0"
"TRUE","0","0","-1","-1","-1","-1","-1","-1","0","-1","719","1","-1","1","20","1241739555","28","-1","-1","1","0"
"TRUE","0","0","-1","-1","-1","-1","-1","-1","0","-1","720","1","-1","1","40","-1135427397","28","-1","-1","1","0"
"TRUE","0","0","-1","-1","-1","-1","-1","-1","0","-1","721","1","-1","1","1","1918031012","28","-1","-1","1","0"
"TRUE","0","0","-1","-1","-1","-1","-1","-1","0","-1","722","1","-1","1","20","1241739555","104","-1","-1","1","0"
"TRUE","0","0","-1","-1","-1","-1","-1","-1","0","-1","723","1","-1","1","40","-1135427397","104","-1","-1","1","0"
"TRUE","0","0","-1","-1","-1","-1","-1","-1","0","-1","724","1","-1","1","1","1918031012","104","-1","-1","1","0"
"TRUE","0","0","-1","-1","-1","-1","-1","-1","0","-1","725","1","-1","1","20","1241739555","92","-1","-1","1","0"
"TRUE","0","0","-1","-1","-1","-1","-1","-1","0","-1","726","1","-1","1","40","-1135427397","92","-1","-1","1","0"
"TRUE","0","0","-1","-1","-1","-1","-1","-1","0","-1","727","1","-1","1","1","1918031012","92","-1","-1","1","0"
"TRUE","0","0","-1","-1","-1","-1","-1","-1","0","-1","728","1","-1","1","20","1241739555","52","-1","-1","1","0"
"TRUE","0","0","-1","-1","-1","-1","-1","-1","0","-1","729","1","-1","1","40","-1135427397","52","-1","-1","1","0"
"TRUE","0","0","-1","-1","-1","-1","-1","-1","0","-1","730","1","-1","1","1","1918031012","52","-1","-1","1","0"
"TRUE","0","0","-1","-1","-1","-1","-1","-1","0","-1","731","1","-1","1","20","1241739555","50","-1","-1","1","0"
"TRUE","0","0","-1","-1","-1","-1","-1","-1","0","-1","732","1","-1","1","40","-1135427397","50","-1","-1","1","0"
"TRUE","0","0","-1","-1","-1","-1","-1","-1","0","-1","733","1","-1","1","1","1918031012","50","-1","-1","1","0"
"TRUE","0","0","-1","-1","-1","-1","-1","-1","0","-1","734","1","-1","1","20","1241739555","47","-1","-1","1","0"
"TRUE","0","0","-1","-1","-1","-1","-1","-1","0","-1","735","1","-1","1","40","-1135427397","47","-1","-1","1","0"
"TRUE","0","0","-1","-1","-1","-1","-1","-1","0","-1","736","1","-1","1","1","1918031012","47","-1","-1","1","0"
"TRUE","0","0","-1","-1","-1","-1","-1","-1","0","-1","737","1","-1","1","20","1241739555","26","-1","-1","1","0"
"TRUE","0","0","-1","-1","-1","-1","-1","-1","0","-1","738","1","-1","1","40","-1135427397","26","-1","-1","1","0"
"TRUE","0","0","-1","-1","-1","-1","-1","-1","0","-1","739","1","-1","1","1","1918031012","26","-1","-1","1","0"
"TRUE","0","0","-1","-1","-1","-1","-1","-1","0","-1","740","1","-1","1","20","1241739555","48","-1","-1","1","0"
"TRUE","0","0","-1","-1","-1","-1","-1","-1","0","-1","741","1","-1","1","40","-1135427397","48","-1","-1","1","0"
"TRUE","0","0","-1","-1","-1","-1","-1","-1","0","-1","742","1","-1","1","1","1918031012","48","-1","-1","1","0"
"TRUE","0","0","-1","-1","-1","-1","-1","-1","0","-1","743","1","-1","1","20","1241739555","34","-1","-1","1","0"
"TRUE","0","0","-1","-1","-1","-1","-1","-1","0","-1","744","1","-1","1","40","-1135427397","34","-1","-1","1","0"
"TRUE","0","0","-1","-1","-1","-1","-1","-1","0","-1","745","1","-1","1","1","1918031012","34","-1","-1","1","0"
"TRUE","0","0","-1","-1","-1","-1","-1","-1","0","-1","746","1","-1","1","20","1241739555","33","-1","-1","1","0"
"TRUE","0","0","-1","-1","-1","-1","-1","-1","0","-1","747","1","-1","1","40","-1135427397","33","-1","-1","1","0"
"TRUE","0","0","-1","-1","-1","-1","-1","-1","0","-1","748","1","-1","1","1","1918031012","33","-1","-1","1","0"
"TRUE","0","0","-1","-1","-1","-1","-1","-1","0","-1","749","0","51016","1","0","-1","-1","-1","-1","1","0"
"TRUE","0","0","-1","-1","-1","-1","-1","-1","0","-1","750","0","51018","1","0","-1","-1","-1","-1","1","0"
"TRUE","0","0","-1","-1","-1","-1","-1","-1","0","-1","751","0","51018","0.5","0","-1","-1","-1","-1","1","0"
"TRUE","0","0","-1","-1","-1","-1","-1","-1","0","-1","752","1","-1","1","20","1241739555","13","-1","-1","1","0"
"TRUE","0","0","-1","-1","-1","-1","-1","-1","0","-1","753","1","-1","1","40","-1135427397","13","-1","-1","1","0"
"TRUE","0","0","-1","-1","-1","-1","-1","-1","0","-1","754","1","-1","1","1","1918031012","13","-1","-1","1","0"
"TRUE","0","0","-1","-1","-1","-1","-1","-1","0","-1","755","1","-1","1","20","1241739555","94","-1","-1","1","0"
"TRUE","0","0","-1","-1","-1","-1","-1","-1","0","-1","756","1","-1","1","40","-1135427397","94","-1","-1","1","0"
"TRUE","0","0","-1","-1","-1","-1","-1","-1","0","-1","757","1","-1","1","1","1918031012","94","-1","-1","1","0"
"TRUE","0","0","-1","-1","-1","-1","-1","-1","0","-1","758","1","-1","1","20","1241739555","14","-1","-1","1","0"
"TRUE","0","0","-1","-1","-1","-1","-1","-1","0","-1","759","1","-1","1","40","-1135427397","14","-1","-1","1","0"
"TRUE","0","0","-1","-1","-1","-1","-1","-1","0","-1","760","1","-1","1","1","1918031012","14","-1","-1","1","0"
"TRUE","0","0","-1","-1","-1","-1","-1","-1","0","-1","761","1","-1","1","20","1241739555","77","-1","-1","1","0"
"TRUE","0","0","-1","-1","-1","-1","-1","-1","0","-1","762","1","-1","1","40","-1135427397","77","-1","-1","1","0"
"TRUE","0","0","-1","-1","-1","-1","-1","-1","0","-1","763","1","-1","1","1","1918031012","77","-1","-1","1","0"
"TRUE","0","0","-1","-1","-1","-1","-1","-1","0","-1","764","1","-1","1","20","1241739555","86","-1","-1","1","0"
"TRUE","0","0","-1","-1","-1","-1","-1","-1","0","-1","765","1","-1","1","40","-1135427397","86","-1","-1","1","0"
"TRUE","0","0","-1","-1","-1","-1","-1","-1","0","-1","766","1","-1","1","1","1918031012","86","-1","-1","1","0"
"TRUE","0","0","-1","-1","-1","-1","-1","-1","0","-1","767","1","-1","1","10","-1","41","-1","-1","1","0"
"TRUE","0","0","-1","-1","-1","-1","-1","-1","0","-1","768","1","-1","1","10","-1","60","-1","-1","1","0"
"TRUE","0","0","-1","-1","-1","-1","-1","-1","0","-1","769","1","-1","1","20","1241739555","17","-1","-1","1","0"
"TRUE","0","0","-1","-1","-1","-1","-1","-1","0","-1","770","1","-1","1","40","-1135427397","17","-1","-1","1","0"
"TRUE","0","0","-1","-1","-1","-1","-1","-1","0","-1","771","1","-1","1","1","1918031012","17","-1","-1","1","0"
"TRUE","0","0","-1","-1","-1","-1","-1","-1","0","-1","772","1","-1","1","20","1241739555","16","-1","-1","1","0"
"TRUE","0","0","-1","-1","-1","-1","-1","-1","0","-1","773","1","-1","1","40","-1135427397","16","-1","-1","1","0"
"TRUE","0","0","-1","-1","-1","-1","-1","-1","0","-1","774","1","-1","1","1","1918031012","16","-1","-1","1","0"
"TRUE","0","0","-1","-1","-1","-1","-1","-1","0","-1","775","1","-1","0.5","0","-1","46","-1","-1","1","0"
"TRUE","0","0","-1","-1","-1","-1","-1","-1","0","-1","776","0","51016","0.5","0","-1","-1","-1","-1","1","0"
"TRUE","0","0","-1","-1","-1","-1","-1","-1","0","944034263","777","2","-1","1","0","-1","-1","-1","-1","1","0"
"TRUE","0","0","-1","-1","-1","-1","-1","-1","0","-1","778","1","-1","0","30","-1","9","3","-1","1","0"
"TRUE","0","0","-1","-1","-1","-1","-1","-1","0","-1","779","1","-1","1","30","-1","9","5","-1","1","0"
"TRUE","0","0","-1","-1","-1","-1","-1","-1","0","-1","780","1","-1","1","30","-1","9","4","-1","1","0"
"TRUE","0","0","-1","-1","-1","-1","-1","-1","0","-1","781","1","-1","1","15","-1","10","3","50926","1","0"
"TRUE","0","0","-1","-1","-1","-1","-1","-1","0","-1","782","1","-1","1","15","-1","10","5","50926","1","0"
"TRUE","0","0","-1","-1","-1","-1","-1","-1","0","-1","783","1","-1","1","15","-1","10","4","50926","1","0"
"TRUE","0","0","-1","-1","-1","-1","-1","-1","0","-1","784","0","51016","0.25","0","-1","-1","-1","-1","1","0"
"TRUE","0","0","-1","-1","-1","-1","-1","-1","0","-1","785","0","51018","0.3","0","-1","-1","-1","-1","1","0"
"TRUE","0","0","-1","-1","-1","-1","-1","-1","0","-1","786","1","-1","0","85","-1","25","-1","-1","1","0"
"TRUE","0","0","-1","-1","-1","-1","-1","-1","0","-1","787","1","-1","0","15","-1","51","-1","-1","1","0"
"TRUE","0","0","-1","-1","-1","-1","-1","-1","0","-1","788","1","-1","1","6","-1","97","-1","184124","1","0"
"TRUE","0","0","-1","-1","-1","-1","-1","-1","0","-1","789","1","-1","1","6","-1","98","-1","184125","1","0"
"TRUE","0","0","-1","-1","-1","-1","-1","-1","0","-1","790","1","-1","1","6","-1","99","-1","184128","1","0"
"TRUE","0","0","-1","-1","-1","-1","-1","-1","0","-1","791","1","-1","1","6","-1","95","-1","184127","1","0"
"TRUE","0","0","-1","-1","-1","-1","-1","-1","0","-1","792","1","-1","1","6","-1","96","-1","184126","1","0"
"TRUE","0","0","-1","-1","-1","-1","-1","-1","0","-1","793","1","-1","0","100","-1","33","-1","-1","1","0"
"TRUE","0","0","-1","-1","-1","-1","-1","-1","0","-1","794","1","-1","0","50","-1","34","-1","-1","1","0"
"TRUE","0","0","-1","-1","-1","-1","-1","-1","0","-1","795","1","-1","1","50","-1","88","-1","-1","1","0"
"TRUE","0","0","-1","-1","-1","-1","-1","-1","0","-1","796","1","-1","0","30","-1","2","-1","-1","1","0"
"TRUE","0","0","-1","-1","-1","-1","-1","-1","0","-1","797","1","-1","0","10","-1","6","-1","-1","1","0"
"TRUE","0","0","-1","-1","-1","-1","-1","-1","0","-1","798","1","-1","0","15","-1","11","-1","-1","1","0"
"TRUE","0","0","-1","-1","-1","-1","-1","-1","0","-1","799","1","-1","1","8","-1","86","-1","184124","1","0"
"TRUE","0","0","-1","-1","-1","-1","-1","-1","0","-1","800","1","-1","1","4","-1","94","-1","184126","1","0"
"TRUE","0","0","-1","-1","-1","-1","-1","-1","0","-1","801","1","-1","1","4","-1","92","-1","184126","1","0"
"TRUE","0","0","-1","-1","-1","-1","-1","-1","0","-1","802","1","-1","1","4","-1","93","-1","184125","1","0"
"TRUE","0","0","-1","-1","-1","-1","-1","-1","0","-1","803","1","-1","1","4","-1","16","-1","184127","1","0"
"TRUE","0","0","-1","-1","-1","-1","-1","-1","0","-1","804","1","-1","1","4","-1","52","-1","184127","1","0"
"TRUE","0","0","-1","-1","-1","-1","-1","-1","0","-1","805","1","-1","1","1","-1","78","-1","184128","1","0"
"TRUE","0","0","-1","-1","-1","-1","-1","-1","0","-1","806","1","-1","1","3","-1","77","-1","184128","1","0"
"TRUE","0","0","-1","-1","-1","-1","-1","-1","0","-1","807","0","50952","1","0","-1","-1","-1","-1","1","0"
"TRUE","0","0","-1","-1","-1","-1","-1","-1","0","-1","808","0","99960","0","2","-1","59","-1","-1","1","0"
"TRUE","0","0","-1","-1","-1","-1","-1","-1","0","-1","809","1","-1","0","20","-1","53","-1","-1","1","0"
"TRUE","0","0","-1","-1","-1","-1","-1","-1","0","-1","810","1","-1","1","3","-1","60","-1","-1","1","0"
"TRUE","0","0","-1","-1","-1","-1","-1","-1","0","-1","811","0","99967","1","5","-1","-1","-1","-1","1","0"
"TRUE","0","0","-1","-1","-1","-1","-1","-1","0","-1","812","1","-1","1","1","-1","114","-1","-1","1","0"
"TRUE","0","0","-1","-1","-1","-1","-1","-1","0","1077038245","813","2","-1","1","5","-1","-1","-1","-1","1","0"
"TRUE","0","0","-1","-1","-1","-1","-1","-1","0","-1","814","0","178086","1","3","-1","-1","-1","-1","1","0"
"TRUE","0","0","-1","-1","-1","-1","-1","-1","0","-1","815","0","51018","1","3","-1","-1","-1","-1","1","0"
"TRUE","0","0","-1","-1","-1","-1","-1","-1","0","-1","816","0","51017","0","10","-1","-1","-1","-1","1","0"
"TRUE","0","0","-1","-1","-1","-1","-1","-1","0","-1","817","0","51019","0","12","-1","-1","-1","-1","1","0"
"TRUE","0","0","-1","-1","-1","-1","-1","-1","0","-1","818","0","51018","0","80","-1","-1","-1","-1","1","0"