"TileInfoId","TagMapEntryId","Key"
"2","3196","983042"
"2","3197","983043"
"2","3198","983041"
"2","3199","983046"
"2","3200","983047"
"2","3201","983044"
"2","3202","983045"
"2","3203","983048"
"3","3204","983042"
"3","3205","983043"
"3","3206","983041"
"3","3207","983046"
"3","3208","983047"
"3","3209","983044"
"3","3210","983045"
"3","3211","983048"
"4","3212","983042"
"4","3213","983043"
"4","3214","983041"
"4","3215","983046"
"4","3216","983047"
"4","3217","983044"
"4","3218","983045"
"4","3219","983048"
"5","3220","983042"
"5","3221","983043"
"5","3222","983041"
"5","3223","983046"
"5","3224","983047"
"5","3225","983044"
"5","3226","983045"
"5","3227","983048"
"6","3228","983042"
"6","3229","983043"
"6","3230","983041"
"6","3231","983046"
"6","3232","983047"
"6","3233","983044"
"6","3234","983045"
"6","3235","983048"
"7","3236","983042"
"7","3237","983043"
"7","3238","983041"
"7","3239","983046"
"7","3240","983047"
"7","3241","983044"
"7","3242","983045"
"7","3243","983048"
"8","3244","983042"
"8","3245","983043"
"8","3246","983041"
"8","3247","983046"
"8","3248","983047"
"8","3249","983044"
"8","3250","983045"
"8","3251","983048"
"9","3252","983042"
"9","3253","983043"
"9","3254","983041"
"9","3255","983046"
"9","3256","983047"
"9","3257","983044"
"9","3258","983045"
"9","3259","983048"
"10","3260","983042"
"10","3261","983043"
"10","3262","983041"
"10","3263","983046"
"10","3264","983047"
"10","3265","983044"
"10","3266","983045"
"10","3267","983048"
"11","3268","983042"
"11","3269","983043"
"11","3270","983041"
"11","3271","983046"
"11","3272","983047"
"11","3273","983044"
"11","3274","983045"
"11","3275","983048"
"12","3276","983042"
"12","3277","983043"
"12","3278","983041"
"12","3279","983046"
"12","3280","983047"
"12","3281","983044"
"12","3282","983045"
"12","3283","983048"
"13","3284","983042"
"13","3285","983043"
"13","3286","983041"
"13","3287","983046"
"13","3288","983047"
"13","3289","983044"
"13","3290","983045"
"13","3291","983048"
"14","3292","983042"
"14","3293","983043"
"14","3294","983041"
"14","3295","983046"
"14","3296","983047"
"14","3297","983044"
"14","3298","983045"
"14","3299","983048"
"15","3300","983042"
"15","3301","983043"
"15","3302","983041"
"15","3303","983046"
"15","3304","983047"
"15","3305","983044"
"15","3306","983045"
"15","3307","983048"
"16","3308","983042"
"16","3309","983043"
"16","3310","983041"
"16","3311","983046"
"16","3312","983047"
"16","3313","983044"
"16","3314","983045"
"16","3315","983048"
"17","3316","983042"
"17","3317","983043"
"17","3318","983041"
"17","3319","983046"
"17","3320","983047"
"17","3321","983044"
"17","3322","983045"
"17","3323","983048"
"18","3324","983042"
"18","3325","983043"
"18","3326","983041"
"18","3327","983046"
"18","3328","983047"
"18","3329","983044"
"18","3330","983045"
"18","3331","983048"
"19","3332","983042"
"19","3333","983043"
"19","3334","983041"
"19","3335","983046"
"19","3336","983047"
"19","3337","983044"
"19","3338","983045"
"19","3339","983048"
"20","3340","983042"
"20","3341","983043"
"20","3342","983041"
"20","3343","983046"
"20","3344","983047"
"20","3345","983044"
"20","3346","983045"
"20","3347","983048"
"21","3348","983042"
"21","3349","983043"
"21","3350","983041"
"21","3351","983046"
"21","3352","983047"
"21","3353","983044"
"21","3354","983045"
"21","3355","983048"
"22","3356","983042"
"22","3357","983043"
"22","3358","983041"
"22","3359","983046"
"22","3360","983047"
"22","3361","983044"
"22","3362","983045"
"22","3363","983048"
"23","3364","983042"
"23","3365","983043"
"23","3366","983041"
"23","3367","983046"
"23","3368","983047"
"23","3369","983044"
"23","3370","983045"
"23","3371","983048"
"24","3372","983042"
"24","3373","983043"
"24","3374","983041"
"24","3375","983046"
"24","3376","983047"
"24","3377","983044"
"24","3378","983045"
"24","3379","983048"
"25","3380","983042"
"25","3381","983043"
"25","3382","983041"
"25","3383","983046"
"25","3384","983047"
"25","3385","983044"
"25","3386","983045"
"25","3387","983048"
"26","3388","983042"
"26","3389","983043"
"26","3390","983041"
"26","3391","983046"
"26","3392","983047"
"26","3393","983044"
"26","3394","983045"
"26","3395","983048"
"27","3396","983042"
"27","3397","983043"
"27","3398","983041"
"27","3399","983046"
"27","3400","983047"
"27","3401","983044"
"27","3402","983045"
"27","3403","983048"
"28","3404","983042"
"28","3405","983043"
"28","3406","983041"
"28","3407","983046"
"28","3408","983047"
"28","3409","983044"
"28","3410","983045"
"28","3411","983048"
"29","3412","983042"
"29","3413","983043"
"29","3414","983041"
"29","3415","983046"
"29","3416","983047"
"29","3417","983044"
"29","3418","983045"
"29","3419","983048"
"31","3488","983042"
"31","3489","983043"
"31","3490","983041"
"31","3491","983046"
"31","3492","983047"
"31","3493","983044"
"31","3494","983045"
"31","3495","983048"
"32","3496","983042"
"32","3497","983043"
"32","3498","983041"
"32","3499","983046"
"32","3500","983047"
"32","3501","983044"
"32","3502","983045"
"32","3503","983048"
"33","3504","983042"
"33","3505","983043"
"33","3506","983041"
"33","3507","983046"
"33","3508","983047"
"33","3509","983044"
"33","3510","983045"
"33","3511","983048"
"34","3512","983042"
"34","3513","983043"
"34","3514","983041"
"34","3515","983046"
"34","3516","983047"
"34","3517","983044"
"34","3518","983045"
"34","3519","983048"
"35","3520","983042"
"35","3521","983043"
"35","3522","983041"
"35","3523","983046"
"35","3524","983047"
"35","3525","983044"
"35","3526","983045"
"35","3527","983048"
"36","3528","983042"
"36","3529","983043"
"36","3530","983041"
"36","3531","983046"
"36","3532","983047"
"36","3533","983044"
"36","3534","983045"
"36","3535","983048"
"37","3536","983042"
"37","3537","983043"
"37","3538","983041"
"37","3539","983046"
"37","3540","983047"
"37","3541","983044"
"37","3542","983045"
"37","3543","983048"
"38","3544","983042"
"38","3545","983043"
"38","3546","983041"
"38","3547","983046"
"38","3548","983047"
"38","3549","983044"
"38","3550","983045"
"38","3551","983048"
"39","3552","983042"
"39","3553","983043"
"39","3554","983041"
"39","3555","983046"
"39","3556","983047"
"39","3557","983044"
"39","3558","983045"
"39","3559","983048"
"40","3560","983042"
"40","3561","983043"
"40","3562","983041"
"40","3563","983046"
"40","3564","983047"
"40","3565","983044"
"40","3566","983045"
"40","3567","983048"
"41","3568","983042"
"41","3569","983043"
"41","3570","983041"
"41","3571","983046"
"41","3572","983047"
"41","3573","983044"
"41","3574","983045"
"41","3575","983048"
"42","3576","983042"
"42","3577","983043"
"42","3578","983041"
"42","3579","983046"
"42","3580","983047"
"42","3581","983044"
"42","3582","983045"
"42","3583","983048"
"43","3584","983042"
"43","3585","983043"
"43","3586","983041"
"43","3587","983046"
"43","3588","983047"
"43","3589","983044"
"43","3590","983045"
"43","3591","983048"
"44","3592","983042"
"44","3593","983043"
"44","3594","983041"
"44","3595","983046"
"44","3596","983047"
"44","3597","983044"
"44","3598","983045"
"44","3599","983048"
"45","3600","983042"
"45","3601","983043"
"45","3602","983041"
"45","3603","983046"
"45","3604","983047"
"45","3605","983044"
"45","3606","983045"
"45","3607","983048"
"46","3608","983042"
"46","3609","983043"
"46","3610","983041"
"46","3611","983046"
"46","3612","983047"
"46","3613","983044"
"46","3614","983045"
"46","3615","983048"
"47","3616","983042"
"47","3617","983043"
"47","3618","983041"
"47","3619","983046"
"47","3620","983047"
"47","3621","983044"
"47","3622","983045"
"47","3623","983048"
"48","3624","983042"
"48","3625","983043"
"48","3626","983041"
"48","3627","983046"
"48","3628","983047"
"48","3629","983044"
"48","3630","983045"
"48","3631","983048"
"49","3632","983042"
"49","3633","983043"
"49","3634","983041"
"49","3635","983046"
"49","3636","983047"
"49","3637","983044"
"49","3638","983045"
"49","3639","983048"
"50","3640","983042"
"50","3641","983043"
"50","3642","983041"
"50","3643","983046"
"50","3644","983047"
"50","3645","983044"
"50","3646","983045"
"50","3647","983048"
"51","3648","983042"
"51","3649","983043"
"51","3650","983041"
"51","3651","983046"
"51","3652","983047"
"51","3653","983044"
"51","3654","983045"
"51","3655","983048"
"52","3656","983042"
"52","3657","983043"
"52","3658","983041"
"52","3659","983046"
"52","3660","983047"
"52","3661","983044"
"52","3662","983045"
"52","3663","983048"
"53","3664","983042"
"53","3665","983043"
"53","3666","983041"
"53","3667","983046"
"53","3668","983047"
"53","3669","983044"
"53","3670","983045"
"53","3671","983048"
"54","3672","983042"
"54","3673","983043"
"54","3674","983041"
"54","3675","983046"
"54","3676","983047"
"54","3677","983044"
"54","3678","983045"
"54","3679","983048"
"55","3680","983042"
"55","3681","983043"
"55","3682","983041"
"55","3683","983046"
"55","3684","983047"
"55","3685","983044"
"55","3686","983045"
"55","3687","983048"
"56","3688","983042"
"56","3689","983043"
"56","3690","983041"
"56","3691","983046"
"56","3692","983047"
"56","3693","983044"
"56","3694","983045"
"56","3695","983048"
"57","3696","983042"
"57","3697","983043"
"57","3698","983041"
"57","3699","983046"
"57","3700","983047"
"57","3701","983044"
"57","3702","983045"
"57","3703","983048"
"58","3704","983042"
"58","3705","983043"
"58","3706","983041"
"58","3707","983046"
"58","3708","983047"
"58","3709","983044"
"58","3710","983045"
"58","3711","983048"
"59","3712","983042"
"59","3713","983043"
"59","3714","983041"
"59","3715","983046"
"59","3716","983047"
"59","3717","983044"
"59","3718","983045"
"59","3719","983048"
"60","3720","983042"
"60","3721","983043"
"60","3722","983041"
"60","3723","983046"
"60","3724","983047"
"60","3725","983044"
"60","3726","983045"
"60","3727","983048"
"61","3728","983042"
"61","3729","983043"
"61","3730","983041"
"61","3731","983046"
"61","3732","983047"
"61","3733","983044"
"61","3734","983045"
"61","3735","983048"
"62","3736","983042"
"62","3737","983043"
"62","3738","983041"
"62","3739","983046"
"62","3740","983047"
"62","3741","983044"
"62","3742","983045"
"62","3743","983048"
"63","3744","983042"
"63","3745","983043"
"63","3746","983041"
"63","3747","983046"
"63","3748","983047"
"63","3749","983044"
"63","3750","983045"
"63","3751","983048"
"64","3752","983042"
"64","3753","983043"
"64","3754","983041"
"64","3755","983046"
"64","3756","983047"
"64","3757","983044"
"64","3758","983045"
"64","3759","983048"
"66","3860","983042"
"66","3861","983043"
"66","3862","983041"
"66","3863","983046"
"66","3864","983047"
"66","3865","983044"
"66","3866","983045"
"66","3867","983048"
"67","3868","983042"
"67","3869","983043"
"67","3870","983041"
"67","3871","983046"
"67","3872","983047"
"67","3873","983044"
"67","3874","983045"
"67","3875","983048"
"68","3876","983042"
"68","3877","983043"
"68","3878","983041"
"68","3879","983046"
"68","3880","983047"
"68","3881","983044"
"68","3882","983045"
"68","3883","983048"
"69","3884","983042"
"69","3885","983043"
"69","3886","983041"
"69","3887","983046"
"69","3888","983047"
"69","3889","983044"
"69","3890","983045"
"69","3891","983048"
"70","3892","983042"
"70","3893","983043"
"70","3894","983041"
"70","3895","983046"
"70","3896","983047"
"70","3897","983044"
"70","3898","983045"
"70","3899","983048"
"71","3900","983042"
"71","3901","983043"
"71","3902","983041"
"71","3903","983046"
"71","3904","983047"
"71","3905","983044"
"71","3906","983045"
"71","3907","983048"
"72","3908","983042"
"72","3909","983043"
"72","3910","983041"
"72","3911","983046"
"72","3912","983047"
"72","3913","983044"
"72","3914","983045"
"72","3915","983048"
"73","3916","983042"
"73","3917","983043"
"73","3918","983041"
"73","3919","983046"
"73","3920","983047"
"73","3921","983044"
"73","3922","983045"
"73","3923","983048"
"74","3924","983042"
"74","3925","983043"
"74","3926","983041"
"74","3927","983046"
"74","3928","983047"
"74","3929","983044"
"74","3930","983045"
"74","3931","983048"
"75","3932","983042"
"75","3933","983043"
"75","3934","983041"
"75","3935","983046"
"75","3936","983047"
"75","3937","983044"
"75","3938","983045"
"75","3939","983048"
"76","3940","983042"
"76","3941","983043"
"76","3942","983041"
"76","3943","983046"
"76","3944","983047"
"76","3945","983044"
"76","3946","983045"
"76","3947","983048"
"77","3948","983042"
"77","3949","983043"
"77","3950","983041"
"77","3951","983046"
"77","3952","983047"
"77","3953","983044"
"77","3954","983045"
"77","3955","983048"
"78","3956","983042"
"78","3957","983043"
"78","3958","983041"
"78","3959","983046"
"78","3960","983047"
"78","3961","983044"
"78","3962","983045"
"78","3963","983048"
"79","3964","983042"
"79","3965","983043"
"79","3966","983041"
"79","3967","983046"
"79","3968","983047"
"79","3969","983044"
"79","3970","983045"
"79","3971","983048"
"80","3972","983042"
"80","3973","983043"
"80","3974","983041"
"80","3975","983046"
"80","3976","983047"
"80","3977","983044"
"80","3978","983045"
"80","3979","983048"
"81","3980","983042"
"81","3981","983043"
"81","3982","983041"
"81","3983","983046"
"81","3984","983047"
"81","3985","983044"
"81","3986","983045"
"81","3987","983048"
"82","3988","983042"
"82","3989","983043"
"82","3990","983041"
"82","3991","983046"
"82","3992","983047"
"82","3993","983044"
"82","3994","983045"
"82","3995","983048"
"83","3996","983042"
"83","3997","983043"
"83","3998","983041"
"83","3999","983046"
"83","4000","983047"
"83","4001","983044"
"83","4002","983045"
"83","4003","983048"
"84","4004","983042"
"84","4005","983043"
"84","4006","983041"
"84","4007","983046"
"84","4008","983047"
"84","4009","983044"
"84","4010","983045"
"84","4011","983048"
"85","4012","983042"
"85","4013","983043"
"85","4014","983041"
"85","4015","983046"
"85","4016","983047"
"85","4017","983044"
"85","4018","983045"
"85","4019","983048"
"86","4020","983042"
"86","4021","983043"
"86","4022","983041"
"86","4023","983046"
"86","4024","983047"
"86","4025","983044"
"86","4026","983045"
"86","4027","983048"
"87","4028","983042"
"87","4029","983043"
"87","4030","983041"
"87","4031","983046"
"87","4032","983047"
"87","4033","983044"
"87","4034","983045"
"87","4035","983048"
"88","4036","983042"
"88","4037","983043"
"88","4038","983041"
"88","4039","983046"
"88","4040","983047"
"88","4041","983044"
"88","4042","983045"
"88","4043","983048"
"89","4044","983042"
"89","4045","983043"
"89","4046","983041"
"89","4047","983046"
"89","4048","983047"
"89","4049","983044"
"89","4050","983045"
"89","4051","983048"
"90","4052","983042"
"90","4053","983043"
"90","4054","983041"
"90","4055","983046"
"90","4056","983047"
"90","4057","983044"
"90","4058","983045"
"90","4059","983048"
"91","4060","983042"
"91","4061","983043"
"91","4062","983041"
"91","4063","983046"
"91","4064","983047"
"91","4065","983044"
"91","4066","983045"
"91","4067","983048"
"92","4068","983042"
"92","4069","983043"
"92","4070","983041"
"92","4071","983046"
"92","4072","983047"
"92","4073","983044"
"92","4074","983045"
"92","4075","983048"
"93","4076","983042"
"93","4077","983043"
"93","4078","983041"
"93","4079","983046"
"93","4080","983047"
"93","4081","983044"
"93","4082","983045"
"93","4083","983048"
"94","4084","983042"
"94","4085","983043"
"94","4086","983041"
"94","4087","983046"
"94","4088","983047"
"94","4089","983044"
"94","4090","983045"
"94","4091","983048"
"95","4092","983042"
"95","4093","983043"
"95","4094","983041"
"95","4095","983046"
"95","4096","983047"
"95","4097","983044"
"95","4098","983045"
"95","4099","983048"
"96","4100","983042"
"96","4101","983043"
"96","4102","983041"
"96","4103","983046"
"96","4104","983047"
"96","4105","983044"
"96","4106","983045"
"96","4107","983048"
"97","4108","983042"
"97","4109","983043"
"97","4110","983041"
"97","4111","983046"
"97","4112","983047"
"97","4113","983044"
"97","4114","983045"
"97","4115","983048"
"98","4116","983042"
"98","4117","983043"
"98","4118","983041"
"98","4119","983046"
"98","4120","983047"
"98","4121","983044"
"98","4122","983045"
"98","4123","983048"
"99","4124","983042"
"99","4125","983043"
"99","4126","983041"
"99","4127","983046"
"99","4128","983047"
"99","4129","983044"
"99","4130","983045"
"99","4131","983048"
"100","4227","983042"
"100","4228","983043"
"100","4229","983041"
"100","4230","983046"
"100","4231","983047"
"100","4232","983044"
"100","4233","983045"
"100","4234","983048"
"101","4235","983042"
"101","4236","983043"
"101","4237","983041"
"101","4238","983046"
"101","4239","983047"
"101","4240","983044"
"101","4241","983045"
"101","4242","983048"
"103","4243","983042"
"103","4244","983043"
"103","4245","983041"
"103","4246","983046"
"103","4247","983047"
"103","4248","983044"
"103","4249","983045"
"103","4250","983048"
"104","4251","983042"
"104","4252","983043"
"104","4253","983041"
"104","4254","983046"
"104","4255","983047"
"104","4256","983044"
"104","4257","983045"
"104","4258","983048"
"105","4259","983042"
"105","4260","983043"
"105","4261","983041"
"105","4262","983046"
"105","4263","983047"
"105","4264","983044"
"105","4265","983045"
"105","4266","983048"
"106","4267","983042"
"106","4268","983043"
"106","4269","983041"
"106","4270","983046"
"106","4271","983047"
"106","4272","983044"
"106","4273","983045"
"106","4274","983048"
"107","4275","983042"
"107","4276","983043"
"107","4277","983041"
"107","4278","983046"
"107","4279","983047"
"107","4280","983044"
"107","4281","983045"
"107","4282","983048"
"108","4283","983042"
"108","4284","983043"
"108","4285","983041"
"108","4286","983046"
"108","4287","983047"
"108","4288","983044"
"108","4289","983045"
"108","4290","983048"
"109","4291","983042"
"109","4292","983043"
"109","4293","983041"
"109","4294","983046"
"109","4295","983047"
"109","4296","983044"
"109","4297","983045"
"109","4298","983048"
"110","4299","983042"
"110","4300","983043"
"110","4301","983041"
"110","4302","983046"
"110","4303","983047"
"110","4304","983044"
"110","4305","983045"
"110","4306","983048"
"111","4307","983042"
"111","4308","983043"
"111","4309","983041"
"111","4310","983046"
"111","4311","983047"
"111","4312","983044"
"111","4313","983045"
"111","4314","983048"
"112","4315","983042"
"112","4316","983043"
"112","4317","983041"
"112","4318","983046"
"112","4319","983047"
"112","4320","983044"
"112","4321","983045"
"112","4322","983048"
"113","4323","983042"
"113","4324","983043"
"113","4325","983041"
"113","4326","983046"
"113","4327","983047"
"113","4328","983044"
"113","4329","983045"
"113","4330","983048"
"114","4331","983042"
"114","4332","983043"
"114","4333","983041"
"114","4334","983046"
"114","4335","983047"
"114","4336","983044"
"114","4337","983045"
"114","4338","983048"
"115","4339","983042"
"115","4340","983043"
"115","4341","983041"
"115","4342","983046"
"115","4343","983047"
"115","4344","983044"
"115","4345","983045"
"115","4346","983048"
"116","4347","983042"
"116","4348","983043"
"116","4349","983041"
"116","4350","983046"
"116","4351","983047"
"116","4352","983044"
"116","4353","983045"
"116","4354","983048"
"117","4355","983042"
"117","4356","983043"
"117","4357","983041"
"117","4358","983046"
"117","4359","983047"
"117","4360","983044"
"117","4361","983045"
"117","4362","983048"
"118","4363","983042"
"118","4364","983043"
"118","4365","983041"
"118","4366","983046"
"118","4367","983047"
"118","4368","983044"
"118","4369","983045"
"118","4370","983048"
"119","4371","983042"
"119","4372","983043"
"119","4373","983041"
"119","4374","983046"
"119","4375","983047"
"119","4376","983044"
"119","4377","983045"
"119","4378","983048"
"120","4379","983042"
"120","4380","983043"
"120","4381","983041"
"120","4382","983046"
"120","4383","983047"
"120","4384","983044"
"120","4385","983045"
"120","4386","983048"
"121","4387","983042"
"121","4388","983043"
"121","4389","983041"
"121","4390","983046"
"121","4391","983047"
"121","4392","983044"
"121","4393","983045"
"121","4394","983048"
"122","4395","983042"
"122","4396","983043"
"122","4397","983041"
"122","4398","983046"
"122","4399","983047"
"122","4400","983044"
"122","4401","983045"
"122","4402","983048"
"123","4403","983042"
"123","4404","983043"
"123","4405","983041"
"123","4406","983046"
"123","4407","983047"
"123","4408","983044"
"123","4409","983045"
"123","4410","983048"
"124","4411","983042"
"124","4412","983043"
"124","4413","983041"
"124","4414","983046"
"124","4415","983047"
"124","4416","983044"
"124","4417","983045"
"124","4418","983048"
"125","4419","983042"
"125","4420","983043"
"125","4421","983041"
"125","4422","983046"
"125","4423","983047"
"125","4424","983044"
"125","4425","983045"
"125","4426","983048"
"126","4427","983042"
"126","4428","983043"
"126","4429","983041"
"126","4430","983046"
"126","4431","983047"
"126","4432","983044"
"126","4433","983045"
"126","4434","983048"
"127","4435","983042"
"127","4436","983043"
"127","4437","983041"
"127","4438","983046"
"127","4439","983047"
"127","4440","983044"
"127","4441","983045"
"127","4442","983048"
"128","4443","983042"
"128","4444","983043"
"128","4445","983041"
"128","4446","983046"
"128","4447","983047"
"128","4448","983044"
"128","4449","983045"
"128","4450","983048"
"129","4451","983042"
"129","4452","983043"
"129","4453","983041"
"129","4454","983046"
"129","4455","983047"
"129","4456","983044"
"129","4457","983045"
"129","4458","983048"
"130","4596","983042"
"130","4597","983043"
"130","4598","983041"
"130","4599","983046"
"130","4600","983047"
"130","4601","983044"
"130","4602","983045"
"130","4603","983048"
"131","4604","983042"
"131","4605","983043"
"131","4606","983041"
"131","4607","983046"
"131","4608","983047"
"131","4609","983044"
"131","4610","983045"
"131","4611","983048"
"132","4612","983042"
"132","4613","983043"
"132","4614","983041"
"132","4615","983046"
"132","4616","983047"
"132","4617","983044"
"132","4618","983045"
"132","4619","983048"
"134","4620","983042"
"134","4621","983043"
"134","4622","983041"
"134","4623","983046"
"134","4624","983047"
"134","4625","983044"
"134","4626","983045"
"134","4627","983048"
"135","4628","983042"
"135","4629","983043"
"135","4630","983041"
"135","4631","983046"
"135","4632","983047"
"135","4633","983044"
"135","4634","983045"
"135","4635","983048"
"136","4636","983042"
"136","4637","983043"
"136","4638","983041"
"136","4639","983046"
"136","4640","983047"
"136","4641","983044"
"136","4642","983045"
"136","4643","983048"
"137","4644","983042"
"137","4645","983043"
"137","4646","983041"
"137","4647","983046"
"137","4648","983047"
"137","4649","983044"
"137","4650","983045"
"137","4651","983048"
"138","4652","983042"
"138","4653","983043"
"138","4654","983041"
"138","4655","983046"
"138","4656","983047"
"138","4657","983044"
"138","4658","983045"
"138","4659","983048"
"139","4660","983042"
"139","4661","983043"
"139","4662","983041"
"139","4663","983046"
"139","4664","983047"
"139","4665","983044"
"139","4666","983045"
"139","4667","983048"
"140","4668","983042"
"140","4669","983043"
"140","4670","983041"
"140","4671","983046"
"140","4672","983047"
"140","4673","983044"
"140","4674","983045"
"140","4675","983048"
"141","4676","983042"
"141","4677","983043"
"141","4678","983041"
"141","4679","983046"
"141","4680","983047"
"141","4681","983044"
"141","4682","983045"
"141","4683","983048"
"142","4684","983042"
"142","4685","983043"
"142","4686","983041"
"142","4687","983046"
"142","4688","983047"
"142","4689","983044"
"142","4690","983045"
"142","4691","983048"
"143","4692","983042"
"143","4693","983043"
"143","4694","983041"
"143","4695","983046"
"143","4696","983047"
"143","4697","983044"
"143","4698","983045"
"143","4699","983048"
"144","4700","983042"
"144","4701","983043"
"144","4702","983041"
"144","4703","983046"
"144","4704","983047"
"144","4705","983044"
"144","4706","983045"
"144","4707","983048"
"145","4708","983042"
"145","4709","983043"
"145","4710","983041"
"145","4711","983046"
"145","4712","983047"
"145","4713","983044"
"145","4714","983045"
"145","4715","983048"
"146","4716","983042"
"146","4717","983043"
"146","4718","983041"
"146","4719","983046"
"146","4720","983047"
"146","4721","983044"
"146","4722","983045"
"146","4723","983048"
"147","4724","983042"
"147","4725","983043"
"147","4726","983041"
"147","4727","983046"
"147","4728","983047"
"147","4729","983044"
"147","4730","983045"
"147","4731","983048"
"148","4732","983042"
"148","4733","983043"
"148","4734","983041"
"148","4735","983046"
"148","4736","983047"
"148","4737","983044"
"148","4738","983045"
"148","4739","983048"
"149","4740","983042"
"149","4741","983043"
"149","4742","983041"
"149","4743","983046"
"149","4744","983047"
"149","4745","983044"
"149","4746","983045"
"149","4747","983048"
"150","4748","983042"
"150","4749","983043"
"150","4750","983041"
"150","4751","983046"
"150","4752","983047"
"150","4753","983044"
"150","4754","983045"
"150","4755","983048"
"151","4756","983042"
"151","4757","983043"
"151","4758","983041"
"151","4759","983046"
"151","4760","983047"
"151","4761","983044"
"151","4762","983045"
"151","4763","983048"
"152","4764","983042"
"152","4765","983043"
"152","4766","983041"
"152","4767","983046"
"152","4768","983047"
"152","4769","983044"
"152","4770","983045"
"152","4771","983048"
"153","4772","983042"
"153","4773","983043"
"153","4774","983041"
"153","4775","983046"
"153","4776","983047"
"153","4777","983044"
"153","4778","983045"
"153","4779","983048"
"154","4780","983042"
"154","4781","983043"
"154","4782","983041"
"154","4783","983046"
"154","4784","983047"
"154","4785","983044"
"154","4786","983045"
"154","4787","983048"
"155","4788","983042"
"155","4789","983043"
"155","4790","983041"
"155","4791","983046"
"155","4792","983047"
"155","4793","983044"
"155","4794","983045"
"155","4795","983048"
"156","4796","983042"
"156","4797","983043"
"156","4798","983041"
"156","4799","983046"
"156","4800","983047"
"156","4801","983044"
"156","4802","983045"
"156","4803","983048"
"157","4804","983042"
"157","4805","983043"
"157","4806","983041"
"157","4807","983046"
"157","4808","983047"
"157","4809","983044"
"157","4810","983045"
"157","4811","983048"
"158","4812","983042"
"158","4813","983043"
"158","4814","983041"
"158","4815","983046"
"158","4816","983047"
"158","4817","983044"
"158","4818","983045"
"158","4819","983048"
"159","4820","983042"
"159","4821","983043"
"159","4822","983041"
"159","4823","983046"
"159","4824","983047"
"159","4825","983044"
"159","4826","983045"
"159","4827","983048"
"161","4866","983042"
"161","4867","983043"
"161","4868","983041"
"161","4869","983046"
"161","4870","983047"
"161","4871","983044"
"161","4872","983045"
"161","4873","983048"
"162","4874","983042"
"162","4875","983043"
"162","4876","983041"
"162","4877","983046"
"162","4878","983047"
"162","4879","983044"
"162","4880","983045"
"162","4881","983048"
"163","4882","983042"
"163","4883","983043"
"163","4884","983041"
"163","4885","983046"
"163","4886","983047"
"163","4887","983044"
"163","4888","983045"
"163","4889","983048"
"164","4890","983042"
"164","4891","983043"
"164","4892","983041"
"164","4893","983046"
"164","4894","983047"
"164","4895","983044"
"164","4896","983045"
"164","4897","983048"
"166","4940","983042"
"166","4941","983043"
"166","4942","983041"
"166","4943","983046"
"166","4944","983047"
"166","4945","983044"
"166","4946","983045"
"166","4947","983048"
"167","4948","983042"
"167","4949","983043"
"167","4950","983041"
"167","4951","983046"
"167","4952","983047"
"167","4953","983044"
"167","4954","983045"
"167","4955","983048"
"168","4956","983042"
"168","4957","983043"
"168","4958","983041"
"168","4959","983046"
"168","4960","983047"
"168","4961","983044"
"168","4962","983045"
"168","4963","983048"
"170","4964","983042"
"170","4965","983043"
"170","4966","983041"
"170","4967","983046"
"170","4968","983047"
"170","4969","983044"
"170","4970","983045"
"170","4971","983048"
"171","4972","983042"
"171","4973","983043"
"171","4974","983041"
"171","4975","983046"
"171","4976","983047"
"171","4977","983044"
"171","4978","983045"
"171","4979","983048"
"172","4980","983042"
"172","4981","983043"
"172","4982","983041"
"172","4983","983046"
"172","4984","983047"
"172","4985","983044"
"172","4986","983045"
"172","4987","983048"
"173","4988","983042"
"173","4989","983043"
"173","4990","983041"
"173","4991","983046"
"173","4992","983047"
"173","4993","983044"
"173","4994","983045"
"173","4995","983048"
"174","4996","983042"
"174","4997","983043"
"174","4998","983041"
"174","4999","983046"
"174","5000","983047"
"174","5001","983044"
"174","5002","983045"
"174","5003","983048"
"175","5004","983042"
"175","5005","983043"
"175","5006","983041"
"175","5007","983046"
"175","5008","983047"
"175","5009","983044"
"175","5010","983045"
"175","5011","983048"
"176","5012","983042"
"176","5013","983043"
"176","5014","983041"
"176","5015","983046"
"176","5016","983047"
"176","5017","983044"
"176","5018","983045"
"176","5019","983048"
"177","5020","983042"
"177","5021","983043"
"177","5022","983041"
"177","5023","983046"
"177","5024","983047"
"177","5025","983044"
"177","5026","983045"
"177","5027","983048"
"178","5028","983042"
"178","5029","983043"
"178","5030","983041"
"178","5031","983046"
"178","5032","983047"
"178","5033","983044"
"178","5034","983045"
"178","5035","983048"
"179","5036","983042"
"179","5037","983043"
"179","5038","983041"
"179","5039","983046"
"179","5040","983047"
"179","5041","983044"
"179","5042","983045"
"179","5043","983048"
"180","5044","983042"
"180","5045","983043"
"180","5046","983041"
"180","5047","983046"
"180","5048","983047"
"180","5049","983044"
"180","5050","983045"
"180","5051","983048"
"181","5052","983042"
"181","5053","983043"
"181","5054","983041"
"181","5055","983046"
"181","5056","983047"
"181","5057","983044"
"181","5058","983045"
"181","5059","983048"
"182","5060","983042"
"182","5061","983043"
"182","5062","983041"
"182","5063","983046"
"182","5064","983047"
"182","5065","983044"
"182","5066","983045"
"182","5067","983048"
"183","5068","983042"
"183","5069","983043"
"183","5070","983041"
"183","5071","983046"
"183","5072","983047"
"183","5073","983044"
"183","5074","983045"
"183","5075","983048"
"184","5076","983042"
"184","5077","983043"
"184","5078","983041"
"184","5079","983046"
"184","5080","983047"
"184","5081","983044"
"184","5082","983045"
"184","5083","983048"
"185","5084","983042"
"185","5085","983043"
"185","5086","983041"
"185","5087","983046"
"185","5088","983047"
"185","5089","983044"
"185","5090","983045"
"185","5091","983048"
"186","5092","983042"
"186","5093","983043"
"186","5094","983041"
"186","5095","983046"
"186","5096","983047"
"186","5097","983044"
"186","5098","983045"
"186","5099","983048"
"187","5100","983042"
"187","5101","983043"
"187","5102","983041"
"187","5103","983046"
"187","5104","983047"
"187","5105","983044"
"187","5106","983045"
"187","5107","983048"
"188","5108","983042"
"188","5109","983043"
"188","5110","983041"
"188","5111","983046"
"188","5112","983047"
"188","5113","983044"
"188","5114","983045"
"188","5115","983048"
"189","5116","983042"
"189","5117","983043"
"189","5118","983041"
"189","5119","983046"
"189","5120","983047"
"189","5121","983044"
"189","5122","983045"
"189","5123","983048"
"189","5124","983053"
"190","5125","983042"
"190","5126","983043"
"190","5127","983041"
"190","5128","983046"
"190","5129","983047"
"190","5130","983044"
"190","5131","983045"
"190","5132","983048"
"190","5133","983053"
"191","5134","983042"
"191","5135","983043"
"191","5136","983041"
"191","5137","983046"
"191","5138","983047"
"191","5139","983044"
"191","5140","983045"
"191","5141","983048"
"192","5142","983042"
"192","5143","983043"
"192","5144","983041"
"192","5145","983046"
"192","5146","983047"
"192","5147","983044"
"192","5148","983045"
"192","5149","983048"
"192","5150","983053"
"193","5151","983042"
"193","5152","983043"
"193","5153","983041"
"193","5154","983046"
"193","5155","983047"
"193","5156","983044"
"193","5157","983045"
"193","5158","983048"
"194","5159","983042"
"194","5160","983043"
"194","5161","983041"
"194","5162","983046"
"194","5163","983047"
"194","5164","983044"
"194","5165","983045"
"194","5166","983048"
"194","5167","983053"
"195","5168","983042"
"195","5169","983043"
"195","5170","983041"
"195","5171","983046"
"195","5172","983047"
"195","5173","983044"
"195","5174","983045"
"195","5175","983048"
"196","5176","983042"
"196","5177","983043"
"196","5178","983041"
"196","5179","983046"
"196","5180","983047"
"196","5181","983044"
"196","5182","983045"
"196","5183","983048"
"197","5184","983042"
"197","5185","983043"
"197","5186","983041"
"197","5187","983046"
"197","5188","983047"
"197","5189","983044"
"197","5190","983045"
"197","5191","983048"
"198","5192","983042"
"198","5193","983043"
"198","5194","983041"
"198","5195","983046"
"198","5196","983047"
"198","5197","983044"
"198","5198","983045"
"198","5199","983048"
"199","5293","983042"
"199","5294","983043"
"199","5295","983041"
"199","5296","983046"
"199","5297","983047"
"199","5298","983044"
"199","5299","983045"
"199","5300","983048"
"200","5301","983042"
"200","5302","983043"
"200","5303","983041"
"200","5304","983046"
"200","5305","983047"
"200","5306","983044"
"200","5307","983045"
"200","5308","983048"
"201","5309","983042"
"201","5310","983043"
"201","5311","983041"
"201","5312","983046"
"201","5313","983047"
"201","5314","983044"
"201","5315","983045"
"201","5316","983048"
"202","5317","983042"
"202","5318","983043"
"202","5319","983041"
"202","5320","983046"
"202","5321","983047"
"202","5322","983044"
"202","5323","983045"
"202","5324","983048"
"203","5325","983042"
"203","5326","983043"
"203","5327","983041"
"203","5328","983046"
"203","5329","983047"
"203","5330","983044"
"203","5331","983045"
"203","5332","983048"
"204","5333","983042"
"204","5334","983043"
"204","5335","983041"
"204","5336","983046"
"204","5337","983047"
"204","5338","983044"
"204","5339","983045"
"204","5340","983048"
"205","5341","983042"
"205","5342","983043"
"205","5343","983041"
"205","5344","983046"
"205","5345","983047"
"205","5346","983044"
"205","5347","983045"
"205","5348","983048"
"206","5349","983042"
"206","5350","983043"
"206","5351","983041"
"206","5352","983046"
"206","5353","983047"
"206","5354","983044"
"206","5355","983045"
"206","5356","983048"
"207","5357","983042"
"207","5358","983043"
"207","5359","983041"
"207","5360","983046"
"207","5361","983047"
"207","5362","983044"
"207","5363","983045"
"207","5364","983048"
"209","5365","983042"
"209","5366","983043"
"209","5367","983041"
"209","5368","983046"
"209","5369","983047"
"209","5370","983044"
"209","5371","983045"
"209","5372","983048"
"210","5373","983042"
"210","5374","983043"
"210","5375","983041"
"210","5376","983046"
"210","5377","983047"
"210","5378","983044"
"210","5379","983045"
"210","5380","983048"
"211","5381","983042"
"211","5382","983043"
"211","5383","983041"
"211","5384","983046"
"211","5385","983047"
"211","5386","983044"
"211","5387","983045"
"211","5388","983048"
"212","5389","983042"
"212","5390","983043"
"212","5391","983041"
"212","5392","983046"
"212","5393","983047"
"212","5394","983044"
"212","5395","983045"
"212","5396","983048"
"213","5484","983042"
"213","5485","983043"
"213","5486","983041"
"213","5487","983046"
"213","5488","983047"
"213","5489","983044"
"213","5490","983045"
"213","5491","983048"
"214","5492","983042"
"214","5493","983043"
"214","5494","983041"
"214","5495","983046"
"214","5496","983047"
"214","5497","983044"
"214","5498","983045"
"214","5499","983048"
"215","5500","983042"
"215","5501","983043"
"215","5502","983041"
"215","5503","983046"
"215","5504","983047"
"215","5505","983044"
"215","5506","983045"
"215","5507","983048"
"216","5508","983042"
"216","5509","983043"
"216","5510","983041"
"216","5511","983046"
"216","5512","983047"
"216","5513","983044"
"216","5514","983045"
"216","5515","983048"
"217","5516","983042"
"217","5517","983043"
"217","5518","983041"
"217","5519","983046"
"217","5520","983047"
"217","5521","983044"
"217","5522","983045"
"217","5523","983048"
"218","5524","983042"
"218","5525","983043"
"218","5526","983041"
"218","5527","983046"
"218","5528","983047"
"218","5529","983044"
"218","5530","983045"
"218","5531","983048"
"219","5532","983042"
"219","5533","983043"
"219","5534","983041"
"219","5535","983046"
"219","5536","983047"
"219","5537","983044"
"219","5538","983045"
"219","5539","983048"
"220","5540","983042"
"220","5541","983043"
"220","5542","983041"
"220","5543","983046"
"220","5544","983047"
"220","5545","983044"
"220","5546","983045"
"220","5547","983048"
"221","5548","983042"
"221","5549","983043"
"221","5550","983041"
"221","5551","983046"
"221","5552","983047"
"221","5553","983044"
"221","5554","983045"
"221","5555","983048"
"222","5556","983042"
"222","5557","983043"
"222","5558","983041"
"222","5559","983046"
"222","5560","983047"
"222","5561","983044"
"222","5562","983045"
"222","5563","983048"
"223","5564","983042"
"223","5565","983043"
"223","5566","983041"
"223","5567","983046"
"223","5568","983047"
"223","5569","983044"
"223","5570","983045"
"223","5571","983048"
"224","5572","983042"
"224","5573","983043"
"224","5574","983041"
"224","5575","983046"
"224","5576","983047"
"224","5577","983044"
"224","5578","983045"
"224","5579","983048"
"225","5580","983042"
"225","5581","983043"
"225","5582","983041"
"225","5583","983046"
"225","5584","983047"
"225","5585","983044"
"225","5586","983045"
"225","5587","983048"
"226","5588","983042"
"226","5589","983043"
"226","5590","983041"
"226","5591","983046"
"226","5592","983047"
"226","5593","983044"
"226","5594","983045"
"226","5595","983048"
"227","5596","983042"
"227","5597","983043"
"227","5598","983041"
"227","5599","983046"
"227","5600","983047"
"227","5601","983044"
"227","5602","983045"
"227","5603","983048"
"228","5604","983042"
"228","5605","983043"
"228","5606","983041"
"228","5607","983046"
"228","5608","983047"
"228","5609","983044"
"228","5610","983045"
"228","5611","983048"
"229","5612","983042"
"229","5613","983043"
"229","5614","983041"
"229","5615","983046"
"229","5616","983047"
"229","5617","983044"
"229","5618","983045"
"229","5619","983048"
"230","5620","983042"
"230","5621","983043"
"230","5622","983041"
"230","5623","983046"
"230","5624","983047"
"230","5625","983044"
"230","5626","983045"
"230","5627","983048"
"231","5628","983042"
"231","5629","983043"
"231","5630","983041"
"231","5631","983046"
"231","5632","983047"
"231","5633","983044"
"231","5634","983045"
"231","5635","983048"
"233","5636","983042"
"233","5637","983043"
"233","5638","983041"
"233","5639","983046"
"233","5640","983047"
"233","5641","983044"
"233","5642","983045"
"233","5643","983048"
"234","5644","983042"
"234","5645","983043"
"234","5646","983041"
"234","5647","983046"
"234","5648","983047"
"234","5649","983044"
"234","5650","983045"
"234","5651","983048"
"235","5652","983042"
"235","5653","983043"
"235","5654","983041"
"235","5655","983046"
"235","5656","983047"
"235","5657","983044"
"235","5658","983045"
"235","5659","983048"
"236","5660","983042"
"236","5661","983043"
"236","5662","983041"
"236","5663","983046"
"236","5664","983047"
"236","5665","983044"
"236","5666","983045"
"236","5667","983048"
"237","5718","983042"
"237","5719","983043"
"237","5720","983041"
"237","5721","983046"
"237","5722","983047"
"237","5723","983044"
"237","5724","983045"
"237","5725","983048"
"238","5726","983042"
"238","5727","983043"
"238","5728","983041"
"238","5729","983046"
"238","5730","983047"
"238","5731","983044"
"238","5732","983045"
"238","5733","983048"
"240","5734","983042"
"240","5735","983043"
"240","5736","983041"
"240","5737","983046"
"240","5738","983047"
"240","5739","983044"
"240","5740","983045"
"240","5741","983048"
"241","5742","983042"
"241","5743","983043"
"241","5744","983041"
"241","5745","983046"
"241","5746","983047"
"241","5747","983044"
"241","5748","983045"
"241","5749","983048"
"242","5750","983042"
"242","5751","983043"
"242","5752","983041"
"242","5753","983046"
"242","5754","983047"
"242","5755","983044"
"242","5756","983045"
"242","5757","983048"
"243","5758","983042"
"243","5759","983043"
"243","5760","983041"
"243","5761","983046"
"243","5762","983047"
"243","5763","983044"
"243","5764","983045"
"243","5765","983048"
"244","5766","983042"
"244","5767","983043"
"244","5768","983041"
"244","5769","983046"
"244","5770","983047"
"244","5771","983044"
"244","5772","983045"
"244","5773","983048"
"245","5774","983042"
"245","5775","983043"
"245","5776","983041"
"245","5777","983046"
"245","5778","983047"
"245","5779","983044"
"245","5780","983045"
"245","5781","983048"
"246","5782","983042"
"246","5783","983043"
"246","5784","983041"
"246","5785","983046"
"246","5786","983047"
"246","5787","983044"
"246","5788","983045"
"246","5789","983048"
"247","5790","983042"
"247","5791","983043"
"247","5792","983041"
"247","5793","983046"
"247","5794","983047"
"247","5795","983044"
"247","5796","983045"
"247","5797","983048"
"248","5798","983042"
"248","5799","983043"
"248","5800","983041"
"248","5801","983046"
"248","5802","983047"
"248","5803","983044"
"248","5804","983045"
"248","5805","983048"
"249","5806","983042"
"249","5807","983043"
"249","5808","983041"
"249","5809","983046"
"249","5810","983047"
"249","5811","983044"
"249","5812","983045"
"249","5813","983048"
"250","5814","983042"
"250","5815","983043"
"250","5816","983041"
"250","5817","983046"
"250","5818","983047"
"250","5819","983044"
"250","5820","983045"
"250","5821","983048"
"251","5822","983042"
"251","5823","983043"
"251","5824","983041"
"251","5825","983046"
"251","5826","983047"
"251","5827","983044"
"251","5828","983045"
"251","5829","983048"
"261","5871","983042"
"261","5872","983043"
"261","5873","983041"
"261","5874","983046"
"261","5875","983047"
"261","5876","983044"
"261","5877","983045"
"261","5878","983048"
"262","5879","983042"
"262","5880","983043"
"262","5881","983041"
"262","5882","983046"
"262","5883","983047"
"262","5884","983044"
"262","5885","983045"
"262","5886","983048"
"263","5887","983042"
"263","5888","983043"
"263","5889","983041"
"263","5890","983046"
"263","5891","983047"
"263","5892","983044"
"263","5893","983045"
"263","5894","983048"
"264","5895","983042"
"264","5896","983043"
"264","5897","983041"
"264","5898","983046"
"264","5899","983047"
"264","5900","983044"
"264","5901","983045"
"264","5902","983048"
"265","5903","983042"
"265","5904","983043"
"265","5905","983041"
"265","5906","983046"
"265","5907","983047"
"265","5908","983044"
"265","5909","983045"
"265","5910","983048"
"267","5969","983042"
"267","5970","983043"
"267","5971","983041"
"267","5972","983046"
"267","5973","983047"
"267","5974","983044"
"267","5975","983045"
"267","5976","983048"
"269","5977","983042"
"269","5978","983043"
"269","5979","983041"
"269","5980","983046"
"269","5981","983047"
"269","5982","983044"
"269","5983","983045"
"269","5984","983048"
"270","5985","983042"
"270","5986","983043"
"270","5987","983041"
"270","5988","983046"
"270","5989","983047"
"270","5990","983044"
"270","5991","983045"
"270","5992","983048"
"271","5993","983042"
"271","5994","983043"
"271","5995","983041"
"271","5996","983046"
"271","5997","983047"
"271","5998","983044"
"271","5999","983045"
"271","6000","983048"
"272","6001","983042"
"272","6002","983043"
"272","6003","983041"
"272","6004","983046"
"272","6005","983047"
"272","6006","983044"
"272","6007","983045"
"272","6008","983048"
"273","6009","983042"
"273","6010","983043"
"273","6011","983041"
"273","6012","983046"
"273","6013","983047"
"273","6014","983044"
"273","6015","983045"
"273","6016","983048"
"274","6017","983042"
"274","6018","983043"
"274","6019","983041"
"274","6020","983046"
"274","6021","983047"
"274","6022","983044"
"274","6023","983045"
"274","6024","983048"
"275","6025","983042"
"275","6026","983043"
"275","6027","983041"
"275","6028","983046"
"275","6029","983047"
"275","6030","983044"
"275","6031","983045"
"275","6032","983048"
"276","6033","983042"
"276","6034","983043"
"276","6035","983041"
"276","6036","983046"
"276","6037","983047"
"276","6038","983044"
"276","6039","983045"
"276","6040","983048"
"277","6041","983042"
"277","6042","983043"
"277","6043","983041"
"277","6044","983046"
"277","6045","983047"
"277","6046","983044"
"277","6047","983045"
"277","6048","983048"
"278","6049","983042"
"278","6050","983043"
"278","6051","983041"
"278","6052","983046"
"278","6053","983047"
"278","6054","983044"
"278","6055","983045"
"278","6056","983048"
"279","6057","983042"
"279","6058","983043"
"279","6059","983041"
"279","6060","983046"
"279","6061","983047"
"279","6062","983044"
"279","6063","983045"
"279","6064","983048"
"280","6065","983042"
"280","6066","983043"
"280","6067","983041"
"280","6068","983046"
"280","6069","983047"
"280","6070","983044"
"280","6071","983045"
"280","6072","983048"
"281","6110","983042"
"281","6111","983043"
"281","6112","983041"
"281","6113","983046"
"281","6114","983047"
"281","6115","983044"
"281","6116","983045"
"281","6117","983048"
"282","6118","983042"
"282","6119","983043"
"282","6120","983041"
"282","6121","983046"
"282","6122","983047"
"282","6123","983044"
"282","6124","983045"
"282","6125","983048"
"283","6126","983042"
"283","6127","983043"
"283","6128","983041"
"283","6129","983046"
"283","6130","983047"
"283","6131","983044"
"283","6132","983045"
"283","6133","983048"
"284","6134","983042"
"284","6135","983043"
"284","6136","983041"
"284","6137","983046"
"284","6138","983047"
"284","6139","983044"
"284","6140","983045"
"284","6141","983048"
"285","6142","983042"
"285","6143","983043"
"285","6144","983041"
"285","6145","983046"
"285","6146","983047"
"285","6147","983044"
"285","6148","983045"
"285","6149","983048"
"286","6150","983042"
"286","6151","983043"
"286","6152","983041"
"286","6153","983046"
"286","6154","983047"
"286","6155","983044"
"286","6156","983045"
"286","6157","983048"
"287","6158","983042"
"287","6159","983043"
"287","6160","983041"
"287","6161","983046"
"287","6162","983047"
"287","6163","983044"
"287","6164","983045"
"287","6165","983048"
"288","6166","983042"
"288","6167","983043"
"288","6168","983041"
"288","6169","983046"
"288","6170","983047"
"288","6171","983044"
"288","6172","983045"
"288","6173","983048"
"289","6174","983042"
"289","6175","983043"
"289","6176","983041"
"289","6177","983046"
"289","6178","983047"
"289","6179","983044"
"289","6180","983045"
"289","6181","983048"
"290","6182","983042"
"290","6183","983043"
"290","6184","983041"
"290","6185","983046"
"290","6186","983047"
"290","6187","983044"
"290","6188","983045"
"290","6189","983048"
"291","6190","983042"
"291","6191","983043"
"291","6192","983041"
"291","6193","983046"
"291","6194","983047"
"291","6195","983044"
"291","6196","983045"
"291","6197","983048"
"292","6198","983042"
"292","6199","983043"
"292","6200","983041"
"292","6201","983046"
"292","6202","983047"
"292","6203","983044"
"292","6204","983045"
"292","6205","983048"
"293","6206","983042"
"293","6207","983043"
"293","6208","983041"
"293","6209","983046"
"293","6210","983047"
"293","6211","983044"
"293","6212","983045"
"293","6213","983048"
"294","6214","983042"
"294","6215","983043"
"294","6216","983041"
"294","6217","983046"
"294","6218","983047"
"294","6219","983044"
"294","6220","983045"
"294","6221","983048"
"295","6222","983042"
"295","6223","983043"
"295","6224","983041"
"295","6225","983046"
"295","6226","983047"
"295","6227","983044"
"295","6228","983045"
"295","6229","983048"
"296","6230","983042"
"296","6231","983043"
"296","6232","983041"
"296","6233","983046"
"296","6234","983047"
"296","6235","983044"
"296","6236","983045"
"296","6237","983048"
"297","6238","983042"
"297","6239","983043"
"297","6240","983041"
"297","6241","983046"
"297","6242","983047"
"297","6243","983044"
"297","6244","983045"
"297","6245","983048"
"298","6246","983042"
"298","6247","983043"
"298","6248","983041"
"298","6249","983046"
"298","6250","983047"
"298","6251","983044"
"298","6252","983045"
"298","6253","983048"
"299","6254","983042"
"299","6255","983043"
"299","6256","983041"
"299","6257","983046"
"299","6258","983047"
"299","6259","983044"
"299","6260","983045"
"299","6261","983048"
"300","6262","983042"
"300","6263","983043"
"300","6264","983041"
"300","6265","983046"
"300","6266","983047"
"300","6267","983044"
"300","6268","983045"
"300","6269","983048"
"301","6270","983042"
"301","6271","983043"
"301","6272","983041"
"301","6273","983046"
"301","6274","983047"
"301","6275","983044"
"301","6276","983045"
"301","6277","983048"
"302","6278","983042"
"302","6279","983043"
"302","6280","983041"
"302","6281","983046"
"302","6282","983047"
"302","6283","983044"
"302","6284","983045"
"302","6285","983048"
"304","6286","983042"
"304","6287","983043"
"304","6288","983041"
"304","6289","983046"
"304","6290","983047"
"304","6291","983044"
"304","6292","983045"
"304","6293","983048"
"305","6294","983042"
"305","6295","983043"
"305","6296","983041"
"305","6297","983046"
"305","6298","983047"
"305","6299","983044"
"305","6300","983045"
"305","6301","983048"
"306","6302","983042"
"306","6303","983043"
"306","6304","983041"
"306","6305","983046"
"306","6306","983047"
"306","6307","983044"
"306","6308","983045"
"306","6309","983048"
"307","6310","983042"
"307","6311","983043"
"307","6312","983041"
"307","6313","983046"
"307","6314","983047"
"307","6315","983044"
"307","6316","983045"
"307","6317","983048"