"SNOGroup","SNOId","Name"
"TreasureClass","50979","ChampGold"
"TreasureClass","50980","Champion"
"TreasureClass","50981","ChampUtility"
"TreasureClass","50983","LootClicky_Type5_10_minute"
"TreasureClass","81324","Event_Gharbad_The_Weak"
"TreasureClass","50984","LootClicky_Type3_2_minute"
"TreasureClass","50988","LootClicky_Type2_30_seconds"
"TreasureClass","50997","DropNothing"
"TreasureClass","51001","GenericArmorQuestReward"
"TreasureClass","51002","GenericWeaponQuestReward"
"TreasureClass","86198","TemplarIntro_Squire1"
"TreasureClass","51004","LachdanansScroll"
"TreasureClass","51016","Normal"
"TreasureClass","51017","NormalGear"
"TreasureClass","51018","NormalGold"
"TreasureClass","51019","NormalUtility"
"TreasureClass","51022","PvP_Shop"
"TreasureClass","51023","PvP_Shop_Armor"
"TreasureClass","51024","PvP_Shop_Axe_2H"
"TreasureClass","51025","PvP_Shop_Boots"
"TreasureClass","51026","PvP_Shop_ChestArmor"
"TreasureClass","51027","PvP_Shop_Crossbow"
"TreasureClass","51028","PvP_Shop_Gloves"
"TreasureClass","51029","PvP_Shop_Helm"
"TreasureClass","51030","PvP_Shop_Melee"
"TreasureClass","51031","PvP_Shop_Potions"
"TreasureClass","51032","PvP_Shop_Shield"
"TreasureClass","51033","PvP_Shop_Shoulders"
"TreasureClass","51034","PvP_Shop_Sword"
"TreasureClass","77734","A1SaveBlacksmithReward"
"TreasureClass","78950","LootClicky_30_minute"
"TreasureClass","51038","DemonHunterWeapon"
"TreasureClass","51039","Rare"
"TreasureClass","51044","RareGold"
"TreasureClass","51045","RareUtility"
"TreasureClass","108086","Goatman_Lore"
"TreasureClass","51051","SkeletonKing"
"TreasureClass","51065","trDunLecturn"
"TreasureClass","51067","TreasureGoblin"
"TreasureClass","156654","OldTristram_TheDescent_LoreBook"
"TreasureClass","51070","WitchdoctorWeapon"
"TreasureClass","51071","WizardWeapon"
"TreasureClass","166387","OneGold"
"TreasureClass","154261","Lore_ArmorerVendor"
"TreasureClass","156689","OldTristram_Warriv_LoreBook"
"TreasureClass","177326","A1_GenericVendor_Collector_InTown"
"TreasureClass","177327","A1_GenericVendor_Fence_InTown"
"TreasureClass","177328","A1_GenericVendor_Miner_InTown"
"TreasureClass","202844","Lore_KingsportBill"
"TreasureClass","123959","trOut_Wagon_Mystic"
"TreasureClass","150659","SkeletonKing_FirstKill"
"TreasureClass","150663","SkeletonKing_FirstKill_Rare"
"TreasureClass","80285","Rare_Event_Tower_Of_Power"
"TreasureClass","205309","Salvage_Trinket_NoGem_Tier01"
"TreasureClass","154342","Lore_CurioVendor"
"TreasureClass","173766","MonsterDropSpellRune_Normal"
"TreasureClass","173773","MonsterDropSpellRune_N_H_I"
"TreasureClass","115539","ChampionLight"
"TreasureClass","132555","Blacksmith_Apprentice"
"TreasureClass","154432","Lore_Tinker"
"TreasureClass","79227","Hireling_Scoundrel"
"TreasureClass","199399","Lore_TinkerAmbush_Swickard"
"TreasureClass","2834","MonkWeapon"
"TreasureClass","2835","PvP_Shop_Staff"
"TreasureClass","177599","A1_GenericVendor_Collector_InTown_Weapon"
"TreasureClass","177601","A1_GenericVendor_Collector_InTown_Armor"
"TreasureClass","177602","A1_GenericVendor_Collector_InTown_Misc"
"TreasureClass","81742","Axe Bad Data"
"TreasureClass","76900","Hireling_Templar"
"TreasureClass","99959","MonsterDropGem"
"TreasureClass","99960","MonsterDropSpellRune"
"TreasureClass","99961","MonsterDropCraftingReagent"
"TreasureClass","203123","Normal_InnZombies"
"TreasureClass","99965","MonsterDropCharm"
"TreasureClass","99967","MonsterDropDye"
"TreasureClass","171582","Salvage_Rune_Alabaster_T1"
"TreasureClass","171583","Salvage_Rune_Alabaster_T2"
"TreasureClass","171584","Salvage_Rune_Alabaster_T3"
"TreasureClass","171587","Salvage_Rune_Crimson_T1"
"TreasureClass","171588","Salvage_Rune_Crimson_T2"
"TreasureClass","171589","Salvage_Rune_Crimson_T3"
"TreasureClass","171591","Salvage_Rune_Golden_T1"
"TreasureClass","171592","Salvage_Rune_Golden_T2"
"TreasureClass","171593","Salvage_Rune_Golden_T3"
"TreasureClass","171594","Salvage_Rune_Indigo_T1"
"TreasureClass","171595","Salvage_Rune_Indigo_T2"
"TreasureClass","106059","LeoricManorLore"
"TreasureClass","171596","Salvage_Rune_Indigo_T3"
"TreasureClass","171597","Salvage_Rune_Obsidian_T1"
"TreasureClass","171598","Salvage_Rune_Obsidian_T2"
"TreasureClass","171599","Salvage_Rune_Obsidian_T3"
"TreasureClass","110942","QuestMobTreasure"
"TreasureClass","91541","OldTristramLore"
"TreasureClass","158292","Lore_LastStand"
"TreasureClass","81848","A1_GenericVendor_Tinker"
"TreasureClass","81869","A1_UniqueVendor_Armorer"
"TreasureClass","189883","Salvage_Tier1_Common"
"TreasureClass","189889","Salvage_Tier4_Common"
"TreasureClass","114647","Barbarian_ThreateningShout"
"TreasureClass","199604","A1_Quest_DrownedTemple_NephalemCube"
"TreasureClass","170480","StoneofWealth_Reward"
"TreasureClass","171708","Salvage_Trinket_Tier01"
"TreasureClass","98898","BlacksmithWife"
"TreasureClass","129246","TreasureGoblin_B"
"TreasureClass","171724","Salvage_Gem_T01"
"TreasureClass","171725","Salvage_Gem_Amethyst_T01"
"TreasureClass","171726","Salvage_Gem_Amethyst_T02"
"TreasureClass","171727","Salvage_Gem_Amethyst_T03"
"TreasureClass","171728","Salvage_Gem_Amethyst_T04"
"TreasureClass","171735","Salvage_Gem_Emerald_T01"
"TreasureClass","171736","Salvage_Gem_Emerald_T02"
"TreasureClass","171737","Salvage_Gem_Emerald_T03"
"TreasureClass","171738","Salvage_Gem_Emerald_T04"
"TreasureClass","129262","TreasureGoblin_C"
"TreasureClass","171745","Salvage_Gem_Ruby_T01"
"TreasureClass","171746","Salvage_Gem_Ruby_T02"
"TreasureClass","171747","Salvage_Gem_Ruby_T03"
"TreasureClass","171748","Salvage_Gem_Ruby_T04"
"TreasureClass","168110","Salvage_Tier2_Common"
"TreasureClass","168114","Salvage_Tier2_Magic"
"TreasureClass","180255","A1_GenericVendor_Fence_InTown_Armor"
"TreasureClass","168119","Salvage_Tier2_Rare"
"TreasureClass","151131","Lore_SpiritJourney"
"TreasureClass","171766","Salvage_Gem_Topaz_T01"
"TreasureClass","79531","Hireling_Leah"
"TreasureClass","168126","Salvage_Tier3_Common"
"TreasureClass","171767","Salvage_Gem_Topaz_T02"
"TreasureClass","79532","Hireling_Enchantress"
"TreasureClass","168127","Salvage_Tier3_Magic"
"TreasureClass","171768","Salvage_Gem_Topaz_T03"
"TreasureClass","171769","Salvage_Gem_Topaz_T04"
"TreasureClass","168129","Salvage_Tier3_Rare"
"TreasureClass","189976","LootClicky_Type3_BasicWeapon"
"TreasureClass","86819","LeahJournal_ActOne"
"TreasureClass","168133","Salvage_Tier4_Magic"
"TreasureClass","168135","Salvage_Tier4_Rare"
"TreasureClass","171776","Salvage_Gem_T02"
"TreasureClass","171777","Salvage_Gem_T03"
"TreasureClass","171778","Salvage_Gem_T04"
"TreasureClass","171785","Salvage_Trinket_Tier02"
"TreasureClass","171786","Salvage_Trinket_Tier03"
"TreasureClass","171787","Salvage_Trinket_Tier04"
"TreasureClass","177864","A1_GenericVendor_Fence_InTown_Weapon"
"TreasureClass","177865","A1_GenericVendor_Fence_InTown_Trinket"
"TreasureClass","177866","A1_GenericVendor_Fence_InTown_Misc"
"TreasureClass","177867","A1_GenericVendor_Miner_InTown_Weapon"
"TreasureClass","177868","A1_GenericVendor_Miner_InTown_Armor"
"TreasureClass","174240","QuestRewardTreasure"
"TreasureClass","71092","Wizard_Inventory"
"TreasureClass","71093","Witchdoctor_Inventory"
"TreasureClass","71094","Monk_Inventory"
"TreasureClass","71095","Barbarian_Inventory"
"TreasureClass","190036","Salvage_Tier1_Legendary"
"TreasureClass","190037","Salvage_Tier2_Legendary"
"TreasureClass","190038","Salvage_Tier3_Legendary"
"TreasureClass","190039","Salvage_Tier4_Legendary"
"TreasureClass","183978","A1_GenericVendor_Collector_Armor"
"TreasureClass","183979","A1_GenericVendor_Collector_Misc"
"TreasureClass","183980","A1_GenericVendor_Collector_Trinkets"
"TreasureClass","183981","A1_GenericVendor_Collector_Weapon"
"TreasureClass","183984","A1_UniqueVendor_Armorer_Armor"
"TreasureClass","183993","A1_GenericVendor_Miner_Armor"
"TreasureClass","183995","A1_GenericVendor_Miner_Weapon"
"TreasureClass","184010","A1_GenericVendor_Fence_Armor"
"TreasureClass","184013","A1_GenericVendor_Fence_Trinket"
"TreasureClass","184014","A1_GenericVendor_Fence_Weapon"
"TreasureClass","187674","QuillDemonChase_LootHoarder"
"TreasureClass","61483","Rare_SpiderQueen"
"TreasureClass","95473","LootClicky_Type4_5_minute"
"TreasureClass","181655","Vendor_InTown_Weapon_Axe1H"
"TreasureClass","205928","UsableGear"
"TreasureClass","181656","Vendor_InTown_Weapon_Axe2H"
"TreasureClass","205929","UsableBasicWeapon"
"TreasureClass","181657","Vendor_InTown_Weapon_Mace1H"
"TreasureClass","205930","UsableBasicArmor"
"TreasureClass","181658","Vendor_InTown_Weapon_Mace2H"
"TreasureClass","181659","Vendor_InTown_Weapon_Sword1H"
"TreasureClass","181662","Vendor_InTown_Weapon_Sword2H"
"TreasureClass","181664","Vendor_InTown_Weapon_Dagger"
"TreasureClass","181665","Vendor_InTown_Weapon_Spear"
"TreasureClass","181666","Vendor_InTown_Weapon_Staff"
"TreasureClass","181667","Vendor_InTown_Weapon_Wand"
"TreasureClass","181668","Vendor_InTown_Weapon_CeremonialDagger"
"TreasureClass","181669","Vendor_InTown_Weapon_Bow"
"TreasureClass","181670","Vendor_InTown_Weapon_Crossbow"
"TreasureClass","181672","Vendor_InTown_Weapon_FistWeapon"
"TreasureClass","181675","Vendor_InTown_Armor_Helm"
"TreasureClass","181676","Vendor_InTown_Armor_ChestArmor"
"TreasureClass","181677","Vendor_InTown_Armor_Gloves"
"TreasureClass","181678","Vendor_InTown_Armor_Boots"
"TreasureClass","181679","Vendor_InTown_Armor_Shoulders"
"TreasureClass","71244","Salvage_Tier1_Magic"
"TreasureClass","181685","Vendor_InTown_Armor_Belt"
"TreasureClass","71245","Salvage_Tier1_Rare"
"TreasureClass","181686","Vendor_InTown_Armor_Pants"
"TreasureClass","181687","Vendor_InTown_Armor_Bracers"
"TreasureClass","181688","Vendor_InTown_Armor_Shield"
"TreasureClass","181689","Vendor_InTown_Armor_Orb"
"TreasureClass","181690","Vendor_InTown_Armor_Mojo"
"TreasureClass","181691","Vendor_InTown_Armor_Quiver"
"TreasureClass","157453","GriswoldsDulledEdge"
"TreasureClass","178086","PotionNormal"
"TreasureClass","104057","CultCrown_Lore"
"TreasureClass","158674","Scoundrel_Journal_New"
"TreasureClass","162319","BlackMushroom"
"TreasureClass","181740","Vendor_InTown_Trinket_Ring"
"TreasureClass","181741","Vendor_InTown_Trinket_Amulet"
"TreasureClass","162325","Barbarian_HammerOfTheAncients"
"TreasureClass","181758","A1_GenericVendor_Collector_InTown_Trinkets"
"TreasureClass","170874","Bookcase_LliogorTheCrazed"
"TreasureClass","184225","Vendor_Random_Armor_ClassBelt"
"TreasureClass","184226","Vendor_Random_Armor_ClassHelm_WizardHat"
"TreasureClass","184227","Vendor_Random_Armor_ClassChestArmor"
"TreasureClass","184229","Vendor_Random_Armor_ClassHelm_VoodooMask"
"TreasureClass","184230","Vendor_Random_Armor_ClassHelm_SpiritStone"
"TreasureClass","184231","Vendor_Random_Armor_ClassHelm"
"TreasureClass","145440","MultiSkeletonLoreDrop"
"TreasureClass","115125","CainsJournal"
"TreasureClass","196447","QuestReward_Act1_ChancellorsDeath"
"TreasureClass","77529","Demonhunter_Inventory"
"TreasureClass","152793","Unique_Miniboss"
"TreasureClass","104249","Event_Vendor_Armorer"
"TreasureClass","156439","Lore_Dark_Zealot"
"TreasureClass","62990","Quest_Nephalem_Key_02"
"TreasureClass","82409","A1_UniqueVendor_Curios"
"TreasureClass","82411","A1_GenericVendor_Collector"
"TreasureClass","82414","A1_GenericVendor_Fence"
"TreasureClass","184361","A1_GenericVendor_Innkeeper"
"TreasureClass","82417","A1_GenericVendor_Miner"
"TreasureClass","184362","A1_GenericVendor_Innkeeper_Misc"
"TreasureClass","154024","trOut_OldTristram_AdriaCellar_Cauldron"
"TreasureClass","183158","Vendor_Random_Armor_Belt"
"TreasureClass","183159","Vendor_Random_Armor_Boots"
"TreasureClass","183160","Vendor_Random_Armor_Bracers"
"TreasureClass","183161","Vendor_Random_Armor_ChestArmor"
"TreasureClass","183162","Vendor_Random_Armor_Gloves"
"TreasureClass","183163","Vendor_Random_Armor_Helm"
"TreasureClass","183164","Vendor_Random_Armor_Mojo"
"TreasureClass","183165","Vendor_Random_Armor_Orb"
"TreasureClass","183166","Vendor_Random_Armor_Pants"
"TreasureClass","183167","Vendor_Random_Armor_Quiver"
"TreasureClass","183168","Vendor_Random_Armor_Shield"
"TreasureClass","183169","Vendor_Random_Armor_Shoulders"
"TreasureClass","183170","Vendor_Random_Trinket_Amulet"
"TreasureClass","183171","Vendor_Random_Trinket_Ring"
"TreasureClass","105500","TreasureGoblin_StunDrop"
"TreasureClass","183174","Vendor_Random_Weapon_Bow"
"TreasureClass","183175","Vendor_Random_Weapon_CeremonialDagger"
"TreasureClass","183177","Vendor_Random_Weapon_Crossbow"
"TreasureClass","183179","Vendor_Random_Weapon_FistWeapon"
"TreasureClass","183180","Vendor_Random_Weapon_HandXbow"
"TreasureClass","195319","QuestRewardPotion"
"TreasureClass","183185","Vendor_Random_Weapon_Staff"
"TreasureClass","183188","Vendor_Random_Weapon_Wand"
"TreasureClass","181977","Breakable_Treasure"
"TreasureClass","92169","SkeletonKing_BrokenCrown"
"TreasureClass","50945","BarbarianWeapon"
"TreasureClass","50946","LootClicky_Type1_Common"
"TreasureClass","50948","BasicArmor"
"TreasureClass","50949","BasicJewelry"
"TreasureClass","50950","BasicWeapon"
"TreasureClass","50951","Bookcase"
"TreasureClass","50952","BookcaseNormal"
"TreasureClass","120129","NormalAlways"
"GameBalance","130189","EliteModifiers"
"GameBalance","145205","ItemTiers"
"GameBalance","214222","ScriptedAchievementEvents"
"GameBalance","19747","ItemDropTable"
"GameBalance","19749","ItemLevelModifiers"
"GameBalance","19758","LootDistribution"
"GameBalance","19763","MovementStyles"
"GameBalance","19764","QualityClasses"
"ConversationList","135443","Jeweler_BackstoryAndBanterAct1and2"
"ConversationList","113677","Barkeep"
"ConversationList","118271","Stranger_NewTristram"
"ConversationList","131694","Tristram_Intro_Flavor_5"
"ConversationList","166675","Leah_AdriaHutFollower"
"ConversationList","18140","A1C1DeckardCain"
"ConversationList","18151","TristramBodiesGuard"
"ConversationList","18260","Axe Bad Data"
"ConversationList","140617","Fol_Hero_Camp_Act1"
"ConversationList","79540","Tristram_Intro_Flavor_1"
"ConversationList","79546","Tristram_Intro_Flavor_2"
"ConversationList","79549","Tristram_Intro_Flavor_3"
"ConversationList","145224","Templar_Backstory"
"ConversationList","123450","Rumford_InTown"
"ConversationList","175954","JewelerApprentice"
"ConversationList","158513","A1_Cath04_Vengeance_E_Traveller"
"ConversationList","171688","Event_Highlands_VendorRescue_Vendor_Fail"
"ConversationList","132377","Leah_Backstory"
"ConversationList","79980","TristramWestGateGuard"
"ConversationList","202325","RumfordLyingDown"
"ConversationList","80640","trOut_Wilderness_Event_PuppyLove_Success"
"ConversationList","141847","Tristram_Intro_Flavor_6"
"ConversationList","120124","TristramCart_NPC_AfterBlock"
"ConversationList","181329","Priest_Heal"
"ConversationList","72208","Leah_CainReturnToNephalemDungeons"
"ConversationList","72227","Cain_BackInTownToNephalemDungeons"
"ConversationList","72334","Blacksmith"
"ConversationList","72404","BlacksmithTristram"
"ConversationList","107479","Event_Vendor_Curios"
"ConversationList","81297","TemplarHire"
"ConversationList","107537","Event_Vendor_Collector"
"ConversationList","76998","FamilyTree_Daughter"
"ConversationList","177531","ScoundrelMercs"
"ConversationList","142628","BatesFarmEpilogue"
"ConversationList","177651","A1_CaravanLeader_ActChange"
"ConversationList","81578","ScoundrelIntro_Greet"
"ConversationList","81582","ScoundrelIntro_InTown_Greet"
"ConversationList","112194","Scoundrel_Intro_Convs"
"ConversationList","177839","Tristram_Collector_InTown"
"ConversationList","129790","Event_Highlands_VendorRescue_Vendor"
"ConversationList","177853","Tristram_Fence_InTown"
"ConversationList","177862","Tristram_Miner_InTown"
"ConversationList","73019","Ferryman2Wertham"
"ConversationList","151709","Leah_Inn"
"ConversationList","134234","Tristram_Drunk"
"ConversationList","134324","Hero_Leah"
"ConversationList","60201","FarmAmbushFlyerFarmer_Greet"
"ConversationList","169458","Event_House1000Undead_Intro"
"ConversationList","104074","Event_Vendor_Armorer"
"ConversationList","152164","Scoundrel_Backstory"
"ConversationList","191534","WebGuy_InHighlands"
"ConversationList","86756","Tristram_Intro_Flavor_4"
"ConversationList","134846","Fol_Hero_Templar_Wrld"
"ConversationList","134847","Fol_Hero_Scoundrel_Wrld"
"ConversationList","134848","Fol_Hero_Enchantress_Wrld"
"ConversationList","174195","Event_SpiritJourney_Cultist"
"ConversationList","108677","TristramCart_NPC"
"ConversationList","86885","Event_Roadside_Assistance"
"ConversationList","104412","TemplarIntro_Exposition"
"ConversationList","135018","FarmAmbushFlyerFarmer_Mid"
"ConversationList","108832","TristramGuardCaptainGate"
"ConversationList","104574","Event_Vendor_Tinker"
"ConversationList","135381","Mystic_InTristram"
"Worlds","50579","a1trDun_Level01"
"Worlds","50582","a1trDun_Level04"
"Worlds","50584","a1trDun_Level06"
"Worlds","50585","a1trDun_Level07"
"Worlds","50634","Axe StartWorld"
"Worlds","60600","trdun_Crypt_SkeletonKingCrown_01"
"Worlds","60713","trDun_Cain_Intro"
"Worlds","62706","trOut_Sub240_Fields_CellarA"
"Worlds","62751","trOut_AdriasCellar"
"Worlds","71150","trOUT_Town"
"Worlds","72636","trDun_Crypt_FalsePassage_01"
"Worlds","72637","trDun_Crypt_FalsePassage_02"
"Worlds","73261","a1trDun_King_Level08"
"Worlds","80057","a1trDun_Cath_Tower_Of_Power"
"Worlds","80730","trOut_Oldtistram_Cellar"
"Worlds","84518","trOut_oldTristram_TreeCave"
"Worlds","86856","trOut_Tristram_LeahsRoom"
"Worlds","92126","trDun_Crypt_SkeletonKingCrown_02"
"Worlds","102299","trDun_Crypt_Fields_Flooded_Memories_Level01"
"Worlds","104446","trOut_Vendor_Tinker"
"Worlds","105406","a1trDun_Level05_Templar"
"Worlds","106746","trOut_Oldtistram_Cellar_1"
"Worlds","106752","trOut_Oldtistram_Cellar_2"
"Worlds","107050","trOut_Oldtistram_Cellar_3"
"Worlds","107445","trOut_Fields_Vendor_Curios"
"Worlds","109362","trOut_Tristram_Inn"
"Worlds","130161","trOut_Tristram_CainsHouse"
"Worlds","135193","A1_Cave_Wilderness_Den_Level01"
"Worlds","136441","trOut_OldTristram_Cellar_F"
"Worlds","148534","BattleNet_MainScreen"
"Worlds","149898","Limbo"
"Worlds","154587","trdun_Crypt_SkeletonKingCrown_00"
"Worlds","161961","a1trDun_Cave_Old_Ruins_Random01"
"Worlds","165797","trDun_Crypt_Fields_Flooded_Memories_Level02"
"Worlds","171189","trOut_Highlands_ServantHouse_Cellar_Vendor"
"Worlds","194231","A1_Cave_Wilderness_Den_Level02"
"Worlds","199388","trOut_Wilderness_CorpseHouse"
"Worlds","117405","a1trDun_Tyrael_Level09"
"Worlds","182875","a3Dun_Keep_Hub_Inn"
"Worlds","172909","a3dun_hub_keep"
"Worlds","204707","a3dun_Hub_Adria_Tower_Intro"
"Worlds","174530","caOut_Hub_Inn"
"Worlds","161472","caOUT_RefugeeCamp"
"Worlds","109894","a2dun_Cald_Uprising"
"Worlds","178152","a4dun_heaven_hub_keep"
"Worlds","183800","a4Dun_Heaven_Keep_Hub_Inn"
"Worlds","186552","a3dun_Hub_Adria_Tower"
"Worlds","182976","a1Dun_SpiderCave_02"
"Worlds","72882","trOUT_TownAttack"
"Worlds","70885","caOUT_Town"
"Worlds","109513","a4dun_Garden_of_Hope_01"
"Worlds","174434","A2_Swr_FCauseWay_01"
"Worlds","78839","trDun_ButchersLair_02"
"Worlds","75049","a1dun_Leor_Manor"
"Worlds","135713","a1dun_Labyrinth_01"
"Worlds","103910","a4dun_Garden3_SpireEntrance"
"Worlds","109561","a4dun_Diablo_Arena"
"Worlds","214956","a4dun_spire_exterior"
"Worlds","205399","a4dun_spire_DiabloEntrance"
"Worlds","60393","trdun_Cave_Nephalem_01"
"Worlds","60394","trdun_Cave_Nephalem_02"
"Worlds","60395","trdun_Cave_Nephalem_03"
"Worlds","94676","trDun_Jail_Level01"
"Worlds","87707","trOut_Highlands_DunExteriorA"
"Worlds","166640","a4Dun_LibraryOfFate"
"Worlds","182944","a4dun_Heaven_1000_Monsters_Fight_Entrance"
"Worlds","109143","a4dun_Heaven_1000_Monsters_Fight"
"Worlds","121214","a3dun_Azmodan_Arena"
"Worlds","95804","A3_Battlefields_02"
"Worlds","180550","a1Dun_SpiderCave_01"
"Worlds","93104","a3Dun_Keep_Level03"
"Worlds","81019","a3dun_rmpt_Level01"
"Worlds","119888","Fields_Cave_SwordOfJustice_Level01"
"Worlds","2826","trDun_Leoric_Level01"
"Worlds","58982","trDun_Leoric_Level02"
"Worlds","58983","trDun_Leoric_Level03"
"Worlds","211471","a1Dun_Random_Level01"
"Worlds","146619","a2Dun_Swr_Swr-to-Oasis_Level01"
"Worlds","50588","a2c1Dun_Swr_Caldeum_01"
"Worlds","123183","a2dun_Zolt_Blood02"
"Worlds","50613","a2Dun_Zolt_Lobby"
"Worlds","168230","PVP_TrainingGround"
"Worlds","170375","PVP_TrainingInn"
"Worlds","50716","PvP_Maze_Arena_01"
"Worlds","50719","PvP_Stairs_Arena_01"
"Worlds","50717","PvP_Octagon_Arena_01"
"Worlds","129123","PvP_Neph_Arena"
"Worlds","140638","PvP_CraterST_Arena"
"Worlds","81715","A2_Belial_Room_Intro"
"Worlds","60756","A2_Belial_Room_01"
"Worlds","195997","A2_Event_PriceOfMercy_Cellar"
"Worlds","196222","A2_Rockworm_Cellar_Cave"
"Worlds","140652","A2_Event_DyingMan_Mine"
"Worlds","50589","A2C2Dun_Cave_Random01"
"Worlds","2812","a2c2dun_Zolt_TreasureHunter"
"Worlds","220804","A2C2Dun_Cave_random01_Level02"
"Worlds","57491","a2c3Dun_Aqd_Oasis_Level01"
"Worlds","62776","a2dun_Aqd_Special_A"
"Worlds","62779","a2dun_Aqd_Special_B"
"Worlds","59486","a2dun_Aqd_Special_01"
"Worlds","157882","a2dun_Aqd_Oasis_RandomFacePuzzle_Small"
"Worlds","192640","a2dun_Aqd_Oasis_Level01"
"Worlds","192687","a2dun_Aqd_Oasis_Level00"
"Worlds","158593","a2dun_Aqd_Oasis_RandomFacePuzzle_Large"
"Worlds","218970","a2Dun_Boneyard_Worm_Cave_02"
"Worlds","111666","a2Dun_Boneyard_Worm_Cave_01"
"Worlds","86594","a2dun_Cald"
"Worlds","204628","a2Dun_Cave_BloodVial_01"
"Worlds","204674","a2Dun_Cave_BloodVial_02"
"Worlds","169477","a2Dun_Cave_MapDungeon_Level01"
"Worlds","194238","a2Dun_Cave_MapDungeon_Level02"
"Worlds","111376","a2dun_PortalRoulette_A"
"Worlds","58493","a2Dun_Swr_Adria_Level01"
"Worlds","80589","a2Dun_Zolt_Shadowrealm_Level01"
"Worlds","61631","a2dun_Zolt_Head_Random01"
"Worlds","222575","a2dun_Zolt_SW_Random01_Level02"
"Worlds","50594","a2dun_Zolt_SW_Random01"
"Worlds","50596","a2dun_Zolt_Timed01_Level01"
"Worlds","50610","a2Dun_Zolt_level01"
"Worlds","50611","a2Dun_Zolt_level02"
"Worlds","50612","a2Dun_Zolt_level03"
"Worlds","196036","a2dun_Zolt_Random_PortalRoulette_02"
"Worlds","60193","a2Dun_Zolt_BossFight_Level04"
"Worlds","62568","a2trDun_Cave_Oasis_Random01"
"Worlds","62569","a2trDun_Cave_Oasis_Random02"
"Worlds","161011","a2trDun_Cave_Oasis_Random02_Level02"
"Worlds","194240","a2trDun_Cave_Oasis_Random01_Level02"
"Worlds","226713","A3_Battlefields_03"
"Worlds","140444","a3dun_Bridge_Interior_Random01"
"Worlds","205422","a3dun_Bridge_Interior_Random02"
"Worlds","79401","a3dun_Crater_ST_Level01"
"Worlds","119641","a3dun_Crater_ST_Level01B"
"Worlds","119650","a3dun_Crater_ST_Level04B"
"Worlds","85201","a3dun_Crater_ST_Level04"
"Worlds","80763","a3dun_Crater_ST_Level02"
"Worlds","81934","a3Dun_Crater_Level_02"
"Worlds","81049","a3Dun_Crater_Level_01"
"Worlds","139272","a3dun_Crater_ST_Level02B"
"Worlds","119290","a3Dun_Crater_Level_03"
"Worlds","189910","a3dun_IceCaves_Timed_01"
"Worlds","189259","a3dun_IceCaves_Random_01"
"Worlds","221688","a3dun_IceCaves_Random_01_Level_02"
"Worlds","221689","a3dun_IceCaves_Timed_01_Level_02"
"Worlds","136415","a3Dun_Keep_Level05"
"Worlds","174516","a3Dun_Keep_random_01"
"Worlds","174555","a3Dun_Keep_random_02"
"Worlds","174560","a3Dun_Keep_random_03"
"Worlds","174665","a3Dun_Keep_random_04"
"Worlds","221748","a3Dun_Keep_random_01_Level_02"
"Worlds","221749","a3Dun_Keep_random_02_Level_02"
"Worlds","221750","a3Dun_Keep_random_03_Level_02"
"Worlds","221751","a3Dun_Keep_random_04_Level_02"
"Worlds","75434","a3Dun_Keep_Level04"
"Worlds","93099","a3Dun_rmpt_Level02"
"Worlds","153670","a4dun_Diablo_ShadowRealm_01"
"Worlds","196292","a4dun_Diablo_Arena_Phase3"
"Worlds","219659","a4dun_Garden_of_Hope_Random"
"Worlds","109525","a4dun_Hell_Portal_01"
"Worlds","109530","a4dun_Hell_Portal_02"
"Worlds","139965","a4dun_Sigil_A"
"Worlds","180517","a4dun_Sigil_D"
"Worlds","181644","a4dun_Sigil_C"
"Worlds","140709","a4dun_Sigil_B"
"Worlds","121579","a4dun_Spire_Level01"
"Worlds","129305","a4dun_Spire_Level02"
"Worlds","129306","a4dun_Spire_Level03"
"Worlds","210725","a4dun_Spire_Level04"
"Worlds","198281","a4dun_Spire_Level00"
"Worlds","112864","PvP_Cald_Swr_Ver2"
"Worlds","137439","PvP_Zolt_Ruins_Arena"
"Worlds","131908","PvP_Crypt_Arena_01"
"Worlds","225850","PvP_Keep_Arena"
"Worlds","50715","PvP_Map2"
"Worlds","102100","PvP_Butcher_Arena_01"
"Worlds","50718","PvP_Pillar_01"
"Worlds","227206","PvP_Garden_Arena"
"Worlds","79100","PvPcaOut_Arena_01"
"Worlds","139469","PvP_Crypt_Arena_02"
"Worlds","194282","BattleNet_PVPScreen"
"Worlds","50814","Tod_LoadScreen"
"Worlds","174449","trOut_Tristram_CainsHouse_Event"
"Worlds","167721","trOut_TownAttack_ChapelCellar_A"
"Worlds","82370","A1_Cave_Fields_MineCaveA_Level01"
"Worlds","82371","A1_Cave_Fields_MineCaveA_Level02"
"Worlds","81163","A1_Cave_Fields_ScavengerDen_Level01"
"Worlds","81164","A1_Cave_Fields_ScavengerDen_Level02"
"Worlds","82502","A1_Cave_Highlands_GoatCaveA_Level01"
"Worlds","82511","A1_Cave_Highlands_GoatCaveA_Level02"
"Worlds","132995","A1_Cave_Highlands_VendorRescue"
"Worlds","136900","caOut_Oasis_RandomCellar_1"
"Worlds","136932","caOut_Oasis_RandomCellar_2"
"Worlds","136936","caOut_Oasis_RandomCellar_3"
"Worlds","162790","caOut_Oasis_RandomCellar_4"
"Worlds","82076","Highlands_RandomDRLG_WestTower_Level01"
"Worlds","82313","Highlands_RandomDRLG_WestTower_Level02"
"Worlds","196222","A2_Rockworm_Cellar_Cave"
"Worlds","50589","A2C2Dun_Cave_Random01"
"Worlds","2812","a2c2dun_Zolt_TreasureHunter"
"Worlds","220804","A2C2Dun_Cave_random01_Level02"
"Worlds","57491","a2c3Dun_Aqd_Oasis_Level01"
"Worlds","62776","a2dun_Aqd_Special_A"
"Worlds","62779","a2dun_Aqd_Special_B"
"Worlds","157882","a2dun_Aqd_Oasis_RandomFacePuzzle_Small"
"Worlds","192640","a2dun_Aqd_Oasis_Level01"
"Worlds","158593","a2dun_Aqd_Oasis_RandomFacePuzzle_Large"
"Worlds","204628","a2Dun_Cave_BloodVial_01"
"Worlds","204674","a2Dun_Cave_BloodVial_02"
"Worlds","169477","a2Dun_Cave_MapDungeon_Level01"
"Worlds","194238","a2Dun_Cave_MapDungeon_Level02"
"Worlds","80589","a2Dun_Zolt_Shadowrealm_Level01"
"Worlds","61631","a2dun_Zolt_Head_Random01"
"Worlds","222575","a2dun_Zolt_SW_Random01_Level02"
"Worlds","123183","a2dun_Zolt_Blood02"
"Worlds","50594","a2dun_Zolt_SW_Random01"
"Worlds","50596","a2dun_Zolt_Timed01_Level01"
"Worlds","50610","a2Dun_Zolt_level01"
"Worlds","50611","a2Dun_Zolt_level02"
"Worlds","50612","a2Dun_Zolt_level03"
"Worlds","168196","a2dun_Zolt_Timed01_Level02"
"Worlds","62568","a2trDun_Cave_Oasis_Random01"
"Worlds","62569","a2trDun_Cave_Oasis_Random02"
"Worlds","161011","a2trDun_Cave_Oasis_Random02_Level02"
"Worlds","194240","a2trDun_Cave_Oasis_Random01_Level02"
"Worlds","218967","a2trDun_Boneyard_Spider_Cave_02"
"Worlds","111670","a2trDun_Boneyard_Spider_Cave_01"
"Worlds","79401","a3dun_Crater_ST_Level01"
"Worlds","119641","a3dun_Crater_ST_Level01B"
"Worlds","119650","a3dun_Crater_ST_Level04B"
"Worlds","85201","a3dun_Crater_ST_Level04"
"Worlds","80763","a3dun_Crater_ST_Level02"
"Worlds","81934","a3Dun_Crater_Level_02"
"Worlds","81049","a3Dun_Crater_Level_01"
"Worlds","139272","a3dun_Crater_ST_Level02B"
"Worlds","189910","a3dun_IceCaves_Timed_01"
"Worlds","189259","a3dun_IceCaves_Random_01"
"Worlds","221688","a3dun_IceCaves_Random_01_Level_02"
"Worlds","221689","a3dun_IceCaves_Timed_01_Level_02"
"Worlds","136415","a3Dun_Keep_Level05"
"Worlds","174516","a3Dun_Keep_random_01"
"Worlds","174555","a3Dun_Keep_random_02"
"Worlds","174560","a3Dun_Keep_random_03"
"Worlds","174665","a3Dun_Keep_random_04"
"Worlds","221748","a3Dun_Keep_random_01_Level_02"
"Worlds","221749","a3Dun_Keep_random_02_Level_02"
"Worlds","221750","a3Dun_Keep_random_03_Level_02"
"Worlds","221751","a3Dun_Keep_random_04_Level_02"
"Worlds","75434","a3Dun_Keep_Level04"
"Worlds","185217","a3Dun_Keep_Random_Cellar_01"
"Worlds","185247","a3Dun_Keep_Random_Cellar_02"
"Worlds","197622","a3Dun_Keep_Random_Cellar_03"
"Worlds","93099","a3Dun_rmpt_Level02"
"Worlds","219659","a4dun_Garden_of_Hope_Random"
"Worlds","109525","a4dun_Hell_Portal_01"
"Worlds","109530","a4dun_Hell_Portal_02"
"Worlds","129305","a4dun_Spire_Level02"
"Worlds","129306","a4dun_Spire_Level03"
"Worlds","210725","a4dun_Spire_Level04"
"ConversationList","117403","A1Tyrael_After_BossFight"
"Worlds","148899","caOut_Alcarnus_RandomCellar_1"
"Worlds","148907","caOut_Alcarnus_RandomCellar_2"
"Worlds","148908","caOut_Alcarnus_RandomCellar_3"
"Worlds","136058","caOut_StingingWinds_RandomCellar_1"
"Worlds","134822","caOut_Oasis_Cellar_C_ZakarwaMerchant"
"Worlds","257117","Uber_PortalWorld"
"Worlds","273257","PvP_Duel_Box"
"ConversationList","18140","AutofilledConvList"
"ConversationList","18151","AutofilledConvList"
"ConversationList","18230","AutofilledConvList"
"ConversationList","18232","AutofilledConvList"
"ConversationList","18241","AutofilledConvList"
"ConversationList","56403","AutofilledConvList"
"ConversationList","58142","AutofilledConvList"
"ConversationList","58571","AutofilledConvList"
"ConversationList","60201","AutofilledConvList"
"ConversationList","60408","AutofilledConvList"
"ConversationList","72208","AutofilledConvList"
"ConversationList","72227","AutofilledConvList"
"ConversationList","72334","AutofilledConvList"
"ConversationList","72404","AutofilledConvList"
"ConversationList","72899","AutofilledConvList"
"ConversationList","73019","AutofilledConvList"
"ConversationList","74116","AutofilledConvList"
"ConversationList","76998","AutofilledConvList"
"ConversationList","79540","AutofilledConvList"
"ConversationList","79546","AutofilledConvList"
"ConversationList","79549","AutofilledConvList"
"ConversationList","79980","AutofilledConvList"
"ConversationList","80242","AutofilledConvList"
"ConversationList","80512","AutofilledConvList"
"ConversationList","81079","AutofilledConvList"
"ConversationList","81297","AutofilledConvList"
"ConversationList","81310","AutofilledConvList"
"ConversationList","81311","AutofilledConvList"
"ConversationList","81312","AutofilledConvList"
"ConversationList","81313","AutofilledConvList"
"ConversationList","81355","AutofilledConvList"
"ConversationList","81578","AutofilledConvList"
"ConversationList","81582","AutofilledConvList"
"ConversationList","81723","AutofilledConvList"
"ConversationList","81726","AutofilledConvList"
"ConversationList","82271","AutofilledConvList"
"ConversationList","85831","AutofilledConvList"
"ConversationList","86439","AutofilledConvList"
"ConversationList","86756","AutofilledConvList"
"ConversationList","93148","AutofilledConvList"
"ConversationList","93601","AutofilledConvList"
"ConversationList","94143","AutofilledConvList"
"ConversationList","103489","AutofilledConvList"
"ConversationList","104074","AutofilledConvList"
"ConversationList","104571","AutofilledConvList"
"ConversationList","104574","AutofilledConvList"
"ConversationList","105376","AutofilledConvList"
"ConversationList","106160","AutofilledConvList"
"ConversationList","107079","AutofilledConvList"
"ConversationList","107479","AutofilledConvList"
"ConversationList","107537","AutofilledConvList"
"ConversationList","108635","AutofilledConvList"
"ConversationList","108677","AutofilledConvList"
"ConversationList","110833","AutofilledConvList"
"ConversationList","112497","AutofilledConvList"
"ConversationList","113677","AutofilledConvList"
"ConversationList","114095","AutofilledConvList"
"ConversationList","114261","AutofilledConvList"
"ConversationList","115925","AutofilledConvList"
"ConversationList","117403","AutofilledConvList"
"ConversationList","118271","AutofilledConvList"
"ConversationList","119682","AutofilledConvList"
"ConversationList","120124","AutofilledConvList"
"ConversationList","120386","AutofilledConvList"
"ConversationList","120885","AutofilledConvList"
"ConversationList","123450","AutofilledConvList"
"ConversationList","129790","AutofilledConvList"
"ConversationList","131694","AutofilledConvList"
"ConversationList","131906","AutofilledConvList"
"ConversationList","134234","AutofilledConvList"
"ConversationList","135381","AutofilledConvList"
"ConversationList","136406","AutofilledConvList"
"ConversationList","138264","AutofilledConvList"
"ConversationList","139619","AutofilledConvList"
"ConversationList","139708","AutofilledConvList"
"ConversationList","139728","AutofilledConvList"
"ConversationList","140836","AutofilledConvList"
"ConversationList","141847","AutofilledConvList"
"ConversationList","142559","AutofilledConvList"
"ConversationList","143461","AutofilledConvList"
"ConversationList","143465","AutofilledConvList"
"ConversationList","143480","AutofilledConvList"
"ConversationList","143487","AutofilledConvList"
"ConversationList","144369","AutofilledConvList"
"ConversationList","146212","AutofilledConvList"
"ConversationList","146399","AutofilledConvList"
"ConversationList","146402","AutofilledConvList"
"ConversationList","146403","AutofilledConvList"
"ConversationList","148871","AutofilledConvList"
"ConversationList","149352","AutofilledConvList"
"ConversationList","149817","AutofilledConvList"
"ConversationList","151709","AutofilledConvList"
"ConversationList","152256","AutofilledConvList"
"ConversationList","152530","AutofilledConvList"
"ConversationList","153421","AutofilledConvList"
"ConversationList","153430","AutofilledConvList"
"ConversationList","153503","AutofilledConvList"
"ConversationList","154149","AutofilledConvList"
"ConversationList","155778","AutofilledConvList"
"ConversationList","155825","AutofilledConvList"
"ConversationList","155828","AutofilledConvList"
"ConversationList","155830","AutofilledConvList"
"ConversationList","155832","AutofilledConvList"
"ConversationList","155902","AutofilledConvList"
"ConversationList","157335","AutofilledConvList"
"ConversationList","160646","AutofilledConvList"
"ConversationList","163504","AutofilledConvList"
"ConversationList","166675","AutofilledConvList"
"ConversationList","166722","AutofilledConvList"
"ConversationList","166773","AutofilledConvList"
"ConversationList","168814","AutofilledConvList"
"ConversationList","169211","AutofilledConvList"
"ConversationList","170485","AutofilledConvList"
"ConversationList","170610","AutofilledConvList"
"ConversationList","171092","AutofilledConvList"
"ConversationList","172062","AutofilledConvList"
"ConversationList","174195","AutofilledConvList"
"ConversationList","177300","AutofilledConvList"
"ConversationList","177651","AutofilledConvList"
"ConversationList","177671","AutofilledConvList"
"ConversationList","177839","AutofilledConvList"
"ConversationList","177853","AutofilledConvList"
"ConversationList","177862","AutofilledConvList"
"ConversationList","180077","AutofilledConvList"
"ConversationList","180866","AutofilledConvList"
"ConversationList","180871","AutofilledConvList"
"ConversationList","180878","AutofilledConvList"
"ConversationList","180883","AutofilledConvList"
"ConversationList","180889","AutofilledConvList"
"ConversationList","181329","AutofilledConvList"
"ConversationList","182019","AutofilledConvList"
"ConversationList","182024","AutofilledConvList"
"ConversationList","182029","AutofilledConvList"
"ConversationList","182034","AutofilledConvList"
"ConversationList","196174","AutofilledConvList"
"ConversationList","196382","AutofilledConvList"
"ConversationList","199075","AutofilledConvList"
"ConversationList","202325","AutofilledConvList"
"ConversationList","202734","AutofilledConvList"
"ConversationList","204209","AutofilledConvList"
"ConversationList","204234","AutofilledConvList"
"ConversationList","204345","AutofilledConvList"
"ConversationList","204866","AutofilledConvList"
"ConversationList","205283","AutofilledConvList"
"ConversationList","205382","AutofilledConvList"
"ConversationList","209148","AutofilledConvList"
"ConversationList","215333","AutofilledConvList"
"ConversationList","215334","AutofilledConvList"
"ConversationList","215335","AutofilledConvList"
"ConversationList","217511","AutofilledConvList"
"ConversationList","219486","AutofilledConvList"
"ConversationList","221184","AutofilledConvList"
"ConversationList","239319","AutofilledConvList"
"ConversationList","251354","AutofilledConvList"
"ConversationList","252097","AutofilledConvList"
"ConversationList","259329","AutofilledConvList"
"ConversationList","259332","AutofilledConvList"
"ConversationList","259336","AutofilledConvList"
"ConversationList","259338","AutofilledConvList"
"ConversationList","259340","AutofilledConvList"
"ConversationList","259342","AutofilledConvList"
"ConversationList","273829","AutofilledConvList"
"ConversationList","275454","AutofilledConvList"
"ConversationList","279274","AutofilledConvList"
"ConversationList","283105","AutofilledConvList"
"ConversationList","284678","AutofilledConvList"
"ConversationList","285126","AutofilledConvList"
"ConversationList","285762","AutofilledConvList"
"ConversationList","289315","AutofilledConvList"
"ConversationList","290959","AutofilledConvList"
"ConversationList","294025","AutofilledConvList"
"ConversationList","300562","AutofilledConvList"
"ConversationList","301126","AutofilledConvList"
"ConversationList","301361","AutofilledConvList"
"ConversationList","303445","AutofilledConvList"
"ConversationList","306926","AutofilledConvList"
"ConversationList","309909","AutofilledConvList"
"ConversationList","309910","AutofilledConvList"
"ConversationList","309911","AutofilledConvList"
"ConversationList","309912","AutofilledConvList"
"ConversationList","309913","AutofilledConvList"
"ConversationList","310772","AutofilledConvList"
"ConversationList","312677","AutofilledConvList"
"ConversationList","312704","AutofilledConvList"
"ConversationList","314929","AutofilledConvList"
"ConversationList","314930","AutofilledConvList"
"ConversationList","314931","AutofilledConvList"
"ConversationList","314932","AutofilledConvList"
"ConversationList","314933","AutofilledConvList"
"ConversationList","314934","AutofilledConvList"
"ConversationList","314936","AutofilledConvList"
"ConversationList","314937","AutofilledConvList"
"ConversationList","314938","AutofilledConvList"
"ConversationList","314939","AutofilledConvList"
"ConversationList","319522","AutofilledConvList"
"ConversationList","319531","AutofilledConvList"
"ConversationList","319691","AutofilledConvList"
"ConversationList","321934","AutofilledConvList"
"ConversationList","328679","AutofilledConvList"
"ConversationList","330141","AutofilledConvList"
"ConversationList","334509","AutofilledConvList"
"ConversationList","334519","AutofilledConvList"
"ConversationList","336120","AutofilledConvList"
"ConversationList","336318","AutofilledConvList"
"ConversationList","337002","AutofilledConvList"
"ConversationList","338128","AutofilledConvList"
"ConversationList","338129","AutofilledConvList"
"ConversationList","338476","AutofilledConvList"
"ConversationList","338478","AutofilledConvList"
"ConversationList","338479","AutofilledConvList"
"ConversationList","338806","AutofilledConvList"
"ConversationList","340190","AutofilledConvList"
"ConversationList","342354","AutofilledConvList"
"ConversationList","342864","AutofilledConvList"
"ConversationList","343745","AutofilledConvList"
"ConversationList","344442","AutofilledConvList"
"ConversationList","348536","AutofilledConvList"
"ConversationList","353440","AutofilledConvList"
"ConversationList","354356","AutofilledConvList"
"ConversationList","356983","AutofilledConvList"
"ConversationList","357003","AutofilledConvList"
"ConversationList","357004","AutofilledConvList"
"ConversationList","357006","AutofilledConvList"
"ConversationList","358173","AutofilledConvList"
"ConversationList","359924","AutofilledConvList"
"ConversationList","363423","AutofilledConvList"
"ConversationList","363730","AutofilledConvList"
"ConversationList","373921","AutofilledConvList"
"ConversationList","375655","AutofilledConvList"
"Worlds","279626","PvP_Duel_Small_Multi"
"Worlds","308705","X1_Westmarch_Overlook_D"
"Worlds","306549","x1_westm_intro"
"Worlds","304235","X1_Westmarch_Hub"
"Worlds","308549","X1_Westmarch_Cath_Int"
"Worlds","360796","X1_LR_Tileset_Fortress_Small"
"Worlds","360797","X1_LR_Tileset_Fortress_Large"
"Worlds","336234","X1_LR_Tileset_Keep_Forge_Small"
"Worlds","360811","X1_LR_Tileset_Abattoir_Large"
"Worlds","360812","X1_LR_Tileset_Abattoir_Small"
"Worlds","336239","X1_LR_Tileset_Keep_River_Small"
"Worlds","275921","X1_LR_Tileset_Cath"
"Worlds","336240","X1_LR_Tileset_Keep_War_Small"
"Worlds","360815","X1_LR_Tileset_Westmarch_Small"
"Worlds","360816","X1_LR_Tileset_Westmarch_Large"
"Worlds","336242","X1_LR_Tileset_RootCave_Small"
"Worlds","302733","x1_westm_Int_Gen_B_01Madman"
"Worlds","336244","X1_LR_Tileset_Sewers_Small"
"Worlds","275926","X1_LR_Tileset_CorruptSpire"
"Worlds","336246","X1_LR_Tileset_SpiderCaves_Small"
"Worlds","275930","X1_LR_Tileset_Leorics"
"Worlds","360823","X1_LR_Tileset_WestmarchFire"
"Worlds","360835","X1_LR_Tileset_WestmarchFire_Small"
"Worlds","275943","X1_LR_Tileset_RootCave"
"Worlds","360836","X1_LR_Tileset_WestmarchFire_Large"
"Worlds","275944","X1_LR_Tileset_WormCaves"
"Worlds","275945","X1_LR_Tileset_ZoltArchives"
"Worlds","275946","X1_LR_Tileset_Crypt"
"Worlds","275947","X1_LR_Tileset_FloodedCave"
"Worlds","357501","x1_westm_Int_Gen_C_03_Dogs"
"Worlds","275960","X1_LR_Tileset_IceCave"
"Worlds","357502","x1_westm_Int_Gen_C_03_Deathmaiden"
"Worlds","348569","X1_LR_Tileset_Exterior_FesteringWoods"
"Worlds","358641","X1_WestM_Int_Gen_C_01_ZombieFireplace"
"Worlds","328484","X1_Malthael_Boss_Arena"
"Worlds","335192","X1_LR_Tileset_Aqueducts_Large"
"Worlds","348606","X1_LR_Tileset_Breakup_Wortham"
"Worlds","271533","x1_Bog_BogPeople_Cellar_D"
"Worlds","327401","X1_LR_Tileset_Leorics_Small"
"Worlds","364270","X1_LR_Tileset_Exterior_PandExt_Small"
"Worlds","364271","X1_LR_Tileset_Exterior_PandExt_Large"
"Worlds","330761","X1_WestM_Cellar_Corpsefinder"
"Worlds","276032","X1_LR_HubWorld"
"Worlds","346410","X1_fortress_malthael_entrance"
"Worlds","338600","X1_Pand_Ext_2_Battlefields"
"Worlds","308446","x1_Urzael_Arena"
"Worlds","302876","x1_westm_Int_Gen_A_01ZombieSorcerer"
"Worlds","310706","x1_Pand_HexMaze_EN_02"
"Worlds","359862","x1_Bog_bogpeople_Cellar_B"
"Worlds","331944","x1_A5_Challenge_Westm_DreadGhosts"
"Worlds","235882","x1_BogCave_Random02"
"Worlds","357650","X1_Pand_Ext_Cellar_B"
"Worlds","357653","X1_Pand_Ext_Cellar_C"
"Worlds","357656","X1_Pand_Ext_Cellar_D"
"Worlds","357658","X1_Pand_Ext_Cellar_E"
"Worlds","289523","x1_westm_custom_alley_01_Rat"
"Worlds","362155","X1_LR_Tileset_FortressIslands"
"Worlds","364390","X1_LR_Tileset_Exterior_BattlefieldsBridge_Large"
"Worlds","364391","X1_LR_Tileset_Exterior_Graveyard_Large"
"Worlds","364392","X1_LR_Tileset_Exterior_Bog_Large"
"Worlds","364395","X1_LR_Tileset_Exterior_Oasis_Large"
"Worlds","362175","X1_LR_Tileset_FortressIslands_Small"
"Worlds","288454","X1_LR_Level_01"
"Worlds","362178","X1_LR_Tileset_HellPortalA_Small"
"Worlds","321968","x1_westm_Int_Gen_A_01_CaptainStokely"
"Worlds","362187","X1_LR_Tileset_HellPortalB_Small"
"Worlds","342109","x1_Catacombs_Jeweler_1"
"Worlds","335410","X1_LR_Tileset_CorruptSpire_Large"
"Worlds","310845","X1_Westm_ReformedCultist"
"Worlds","261712","X1_WESTM_ZONE_01"
"Worlds","295225","X1_Pand_BatteringRam"
"Worlds","303058","X1_Westm_Int_Gen_B_02DoomedWoman"
"Worlds","341037","x1_Catacombs_FakeEntrance_02"
"Worlds","341038","x1_Catacombs_FakeEntrance_03"
"Worlds","341040","x1_Catacombs_FakeEntrance_04"
"Worlds","336572","x1_BogCave_Random01_B"
"Worlds","336573","x1_BogCave_Random02_B"
"Worlds","347749","X1_LR_Tileset_Exterior_GardensOfHope1"
"Worlds","347750","X1_LR_Tileset_Exterior_GardensOfHope2"
"Worlds","347751","X1_LR_Tileset_Exterior_GardensOfHope3"
"Worlds","364533","X1_LR_Tileset_Exterior_Boneyards_Large"
"Worlds","234962","x1_BogCave_Random01"
"Worlds","358955","x1_BogCave_Random_Connector"
"Worlds","291941","X1_Pand_Ext_GateOverlook"
"Worlds","338891","X1_WestM_DeathOrb_GideonsCourt"
"Worlds","267412","x1_Bog_01"
"Worlds","347861","X1_LR_Tileset_Exterior_Graveyard"
"Worlds","338930","X1_Abattoir_Random01"
"Worlds","348990","X1_LR_Tileset_Exterior_BattlefieldsBridge"
"Worlds","327768","X1_LR_Tileset_Crypt_Small"
"Worlds","324418","X1_LR_Tileset_Cath_Large"
"Worlds","338944","x1_westm_Graveyard_DeathOrb"
"Worlds","324425","X1_LR_Tileset_Cath_Small"
"Worlds","288685","X1_LR_Level_02"
"Worlds","288687","X1_LR_Level_03"
"Worlds","347903","X1_LR_Tileset_Exterior_PandExt"
"Worlds","338968","X1_Abattoir_Random01_B"
"Worlds","351261","X1_LR_Tileset_Exterior_Ramparts1"
"Worlds","338976","X1_Abattoir_Random02"
"Worlds","338977","X1_Abattoir_Random02_B"
"Worlds","332278","X1_LR_Tileset_Exterior_Oasis"
"Worlds","351269","X1_LR_Tileset_Exterior_Ramparts2"
"Worlds","351270","X1_LR_Tileset_Exterior_Ramparts3"
"Worlds","351271","X1_LR_Tileset_Exterior_RampartsDamaged1"
"Worlds","351272","X1_LR_Tileset_Exterior_RampartsDamaged2"
"Worlds","304358","X1_WestM_Alley_Rats"
"Worlds","351273","X1_LR_Tileset_Exterior_RampartsDamaged3"
"Worlds","332284","X1_LR_Tileset_Exterior_Bog"
"Worlds","328933","x1_westm_Int_Gen_C_03_Elements"
"Worlds","374758","X1_Pand_HexMaze_Bloone"
"Worlds","374762","X1_Pand_HexMaze_Borgoth"
"Worlds","374766","X1_Pand_HexMaze_Grotescor"
"Worlds","374770","X1_Pand_HexMaze_Haziael"
"Worlds","333443","X1_LR_Tileset_Aqueducts_Small"
"Worlds","374774","X1_Pand_HexMaze_Magrethar"
"Worlds","374778","X1_Pand_HexMaze_Severag"
"Worlds","327864","X1_LR_Tileset_ZoltArchives_Small"
"Worlds","332336","X1_Tristram_Adventure_Mode_Hub"
"Worlds","288798","X1_LR_Level_04"
"Worlds","288800","X1_LR_Level_05"
"Worlds","288802","X1_LR_Level_06"
"Worlds","288804","X1_LR_Level_07"
"Worlds","277636","X1_LR_PathToTheBoss"
"Worlds","288810","X1_LR_Level_08"
"Worlds","336844","X1_Westm_Int_Gen_A_03_KingEvent01"
"Worlds","288814","X1_LR_Level_09"
"Worlds","246369","x1_WestM_Int_Gen_C_Miser"
"Worlds","288816","X1_LR_Level_10"
"Worlds","331263","X1_LR_Tileset_Westmarch"
"Worlds","275415","X1_Pand_Ext_Level_01"
"Worlds","336852","x1_westm_Int_Gen_B_02_KingEvent02"
"Worlds","288823","X1_LR_Tileset_ZoltRuins"
"Worlds","346912","X1_LR_Tileset_Exterior_Wilderness"
"Worlds","297771","x1_Adria_Boss_Arena_02"
"Worlds","303361","X1_westm_Int_Gen_A02Necromancer"
"Worlds","288843","X1_LR_Tileset_Sewers"
"Worlds","349173","X1_LR_Tileset_Exterior_Boneyards"
"Worlds","269874","x1_Bog_BogPeople_Cellar_C"
"Worlds","336902","X1_Westm_Int_Gen_A_04_KingEvent03"
"Worlds","350309","X1_LR_Tileset_CraterTowers1_Small"
"Worlds","350310","X1_LR_Tileset_CraterTowers2_Small"
"Worlds","306747","X1_Pand_HexMaze_2"
"Worlds","350311","X1_LR_Tileset_CraterTowers3_Small"
"Worlds","350312","X1_LR_Tileset_CraterTowers4_Small"
"Worlds","350313","X1_LR_Tileset_CraterTowers5_Small"
"Worlds","330207","X1_WestM_Int_Gen_B_03_var_C_Panic"
"Worlds","350314","X1_LR_Tileset_CraterTowers6_Small"
"Worlds","350315","X1_LR_Tileset_CraterTowers7_Small"
"Worlds","339151","X1_WestM_DeathOrb_KerwinsRow"
"Worlds","339160","x1_Heaven_Pandemonium_Portal"
"Worlds","303430","x1_westm_ScoundrelEvent"
"Worlds","373812","X1_LR_Tileset_Crypt_Small_UdderChaos"
"Worlds","272172","x1_Bog_bogpeople_Cellar_A"
"Worlds","331384","X1_LR_Tileset_Abattoir"
"Worlds","323565","X1_LR_Tileset_Crater"
"Worlds","331385","X1_LR_Tileset_BogCave"
"Worlds","331387","X1_LR_Tileset_Fortress"
"Worlds","331388","X1_LR_Tileset_Catacombs"
"Worlds","328037","X1_LR_Tileset_Cath_ExtraLarge"
"Worlds","331389","X1_LR_Tileset_HexMaze"
"Worlds","245391","X1_POF_DungeonLayout_Level_01"
"Worlds","284491","x1_westm_RescueInterior_01"
"Worlds","284492","x1_westm_RescueInterior_02"
"Worlds","245402","X1_POF_DungeonLayout_Level_02"
"Worlds","337001","X1_LR_Tileset_WormCaves_Small"
"Worlds","337003","X1_LR_Tileset_ZoltRuins_Small"
"Worlds","288972","x1_westm_Int_Gen_A_01"
"Worlds","363823","X1_LR_Tileset_LeoricsJail_Large"
"Worlds","339254","X1_Pand_Ext_BatteringRam_Entrance_A"
"Worlds","294585","X1_Pand_HexMaze"
"Worlds","252144","X1_POF_DungeonBoss_01"
"Worlds","334804","X1_LR_Tileset_LeoricsJail"
"Worlds","335922","X1_LR_Tileset_Crypt_Large"
"Worlds","322531","X1_Pand_Ext_Cellar_A"
"Worlds","306915","X1_WESTM_INT_RESCUE_GUARDS_02"
"Worlds","294633","X1_WESTM_INT_RESCUE_GUARDS_01"
"Worlds","330391","X1_WESTM_Templar_Event"
"Worlds","273433","x1_fortress_TEMP_MalthaelArena"
"Worlds","335992","X1_LR_Tileset_Crater_Small"
"Worlds","363944","X1_LR_Tileset_Exterior_Oasis_Small"
"Worlds","271233","x1_fortress_level_01"
"Worlds","271235","x1_fortress_level_02"
"Worlds","368426","x1_westm_Int_Blacksmith"
"Worlds","330465","X1_LR_Tileset_Exterior_TristramFields"
"Worlds","283552","x1_Catacombs_Level01"
"Worlds","363977","X1_LR_Tileset_Exterior_Graveyard_Small"
"Worlds","336064","X1_LR_Tileset_FloodedCave_Large"
"Worlds","322661","X1_LR_Tileset_Keep_War"
"Worlds","283566","x1_Catacombs_Level02"
"Worlds","322662","X1_LR_Tileset_Keep_Forge"
"Worlds","322663","X1_LR_Tileset_Keep_River"
"Worlds","336068","X1_LR_Tileset_IceCave_Large"
"Worlds","363998","X1_LR_Tileset_Exterior_Bog_Small"
"Worlds","336073","X1_LR_Tileset_Keep_Forge_Large"
"Worlds","282460","x1_Bog_AdriaRitual"
"Worlds","336077","X1_LR_Tileset_Keep_River_Large"
"Worlds","336078","X1_LR_Tileset_Keep_War_Large"
"Worlds","336083","X1_LR_Tileset_Leorics_Large"
"Worlds","336085","X1_LR_Tileset_RootCave_Large"
"Worlds","336086","X1_LR_Tileset_Sewers_Large"
"Worlds","336096","X1_LR_Tileset_SpiderCaves_Large"
"Worlds","263494","X1_WESTM_ZONE_03"
"Worlds","336104","X1_LR_Tileset_WormCaves_Large"
"Worlds","302603","x1_Pand_HexMaze_EN_01"
"Worlds","322710","X1_LR_Tileset_Aqueducts"
"Worlds","343942","X1_LR_Tileset_Pony"
"Worlds","364049","X1_LR_Tileset_LeoricsJail_Small"
"Worlds","343943","X1_LR_Tileset_Pony_Large"
"Worlds","343944","X1_LR_Tileset_Pony_Small"
"Worlds","364052","X1_LR_Tileset_Exterior_TristramFields_Small"
"Worlds","322726","X1_LR_Tileset_SpiderCaves"
"Worlds","336137","X1_LR_Tileset_ZoltArchives_Large"
"Worlds","336139","X1_LR_Tileset_ZoltRuins_Large"
"Worlds","336143","X1_LR_Tileset_CorruptSpire_Small"
"Worlds","328325","X1_WestM_Int_Gen_C_01_Skeleton_Rush"
"Worlds","336148","X1_LR_Tileset_FloodedCave_Small"
"Worlds","336149","X1_LR_Tileset_IceCave_Small"
"Worlds","351793","X1_Westm_Cellar_Kids"
"Worlds","351794","X1_Westm_Cellar_Ruffians"
"Worlds","340624","x1_westm_ScoundrelEvent_Level02"
"Worlds","360736","X1_LR_Tileset_HexMaze_Large"
"Worlds","360737","X1_LR_Tileset_HexMaze_Small"
"Worlds","328344","X1_WestM_Int_Gen_B_02_var_C_Yard_Rush"
"Worlds","366326","X1_LR_Tileset_Event_Crypt_UdderChaos"
"Worlds","335058","x1_westm_Int_Gen_B_03_var_B_GhostChase"
"Worlds","360756","X1_LR_Tileset_Catacombs_Large"
"Worlds","360757","X1_LR_Tileset_Catacombs_Small"
"Worlds","360768","X1_LR_Tileset_BogCave_Large"
"Worlds","360769","X1_LR_Tileset_BogCave_Small"
"Worlds","347368","X1_LR_Tileset_Exterior_Highlands"
"Worlds","328385","X1_WestM_Int_Templar_NewVersion"
"Worlds","245736","X1_TEST_ChallengeTestWorld"
"Worlds","358554","x1_Catacombs_Jeweler_2"