"SceneParams_","SceneParams_ChunkCount","LabelRuleSet_","LabelRuleSet_Rulecount","SceneClusterSet_","SceneClusterSet_ClusterCount","SNOScript","Int6","Id"
"null","null","null","null","null","null","null","null","1"
"True","0","True","0","True","0","-1","0","2812"
"True","0","True","0","True","0","-1","0","2826"
"True","0","True","0","True","0","-1","0","8076"
"True","0","True","1","True","0","-1","-20975466","50579"
"True","0","True","5","True","0","-1","1077964309","50582"
"True","0","True","12","True","0","-1","1873577847","50584"
"True","14","True","2","True","0","-1","0","50585"
"True","0","True","0","True","0","-1","0","50588"
"True","0","True","0","True","0","-1","0","50589"
"True","0","True","0","True","0","-1","0","50594"
"True","0","True","0","True","0","-1","0","50596"
"True","0","True","0","True","0","-1","0","50610"
"True","0","True","0","True","0","-1","0","50611"
"True","0","True","0","True","0","-1","0","50612"
"True","3","True","0","True","0","-1","0","50613"
"True","1","True","0","True","0","-1","0","50634"
"True","1","True","0","True","0","-1","0","50657"
"True","1","True","0","True","0","-1","0","50658"
"True","36","True","0","True","0","-1","0","50715"
"True","1","True","0","True","0","-1","0","50716"
"True","1","True","0","True","0","-1","0","50717"
"True","1","True","0","True","0","-1","0","50718"
"True","1","True","0","True","0","-1","0","50719"
"True","1","True","0","True","0","-1","0","51270"
"True","0","True","0","True","0","-1","0","57491"
"True","1","True","0","True","0","-1","0","58493"
"True","0","True","0","True","0","-1","0","58982"
"True","0","True","0","True","0","-1","0","58983"
"True","1","True","0","True","0","-1","0","59486"
"True","1","True","0","True","0","-1","0","60193"
"True","1","True","0","True","0","-1","0","60393"
"True","1","True","0","True","0","-1","0","60394"
"True","1","True","0","True","0","-1","0","60395"
"True","1","True","0","True","0","-1","0","60432"
"True","1","True","0","True","0","-1","0","60600"
"True","1","True","0","True","0","81433","0","60713"
"True","1","True","0","True","0","-1","0","60756"
"True","1","True","0","True","0","-1","0","60838"
"True","21","True","0","True","0","-1","0","61631"
"True","0","True","0","True","0","-1","0","62568"
"True","0","True","0","True","0","-1","0","62569"
"True","1","True","0","True","0","-1","0","62706"
"True","1","True","0","True","0","-1","0","62751"
"True","0","True","0","True","0","-1","0","62776"
"True","0","True","0","True","0","-1","0","62779"
"True","122","True","0","True","6","-1","0","70885"
"True","230","True","13","True","21","-1","-487815617","71150"
"True","0","True","1","True","0","-1","1131482940","72636"
"True","0","True","2","True","0","-1","-32098002","72637"
"True","18","True","0","True","0","-1","0","72882"
"True","8","True","1","True","0","77698","0","73261"
"True","10","True","0","True","0","-1","0","75049"
"True","0","True","0","True","0","-1","0","75434"
"True","1","True","0","True","0","-1","0","78839"
"True","1","True","0","True","0","-1","0","79100"
"True","4","True","0","True","0","-1","0","79401"
"True","0","True","2","True","0","-1","374868119","80057"
"True","0","True","0","True","0","-1","0","80589"
"True","1","True","1","True","0","-1","0","80730"
"True","4","True","0","True","0","-1","0","80763"
"True","0","True","0","True","0","-1","0","81019"
"True","24","True","0","True","0","-1","0","81049"
"True","0","True","0","True","0","-1","0","81163"
"True","0","True","0","True","0","-1","0","81164"
"True","1","True","0","True","0","-1","0","81715"
"True","24","True","0","True","0","-1","0","81934"
"True","0","True","0","True","0","-1","0","82076"
"True","0","True","0","True","0","-1","0","82313"
"True","0","True","0","True","0","-1","0","82370"
"True","0","True","0","True","0","-1","0","82371"
"True","0","True","0","True","0","-1","0","82502"
"True","0","True","0","True","0","-1","0","82511"
"True","1","True","0","True","0","-1","0","84518"
"True","4","True","0","True","0","-1","0","85201"
"True","8","True","0","True","0","-1","0","86594"
"True","1","True","1","True","0","-1","0","86856"
"True","8","True","0","True","0","-1","0","87707"
"True","15","True","1","True","0","-1","-273165717","92126"
"True","0","True","0","True","0","-1","0","93099"
"True","0","True","0","True","0","-1","0","93104"
"True","21","True","0","True","0","-1","0","94676"
"True","41","True","0","True","5","-1","0","95804"
"True","0","True","0","True","0","-1","1750392906","102299"
"True","2","True","0","True","0","-1","0","103209"
"True","6","True","0","True","0","-1","0","103910"
"True","1","True","1","True","0","-1","0","104446"
"True","15","True","0","True","0","-1","261921596","105406"
"True","1","True","1","True","0","-1","0","106746"
"True","1","True","2","True","0","-1","0","106752"
"True","1","True","0","True","0","-1","0","107050"
"True","1","True","0","True","0","-1","0","107445"
"True","6","True","0","True","0","-1","0","109143"
"True","1","True","0","True","0","-1","0","109362"
"True","23","True","0","True","0","-1","0","109513"
"True","12","True","0","True","0","-1","0","109525"
"True","12","True","0","True","0","-1","0","109530"
"True","14","True","0","True","0","-1","0","109561"
"True","8","True","0","True","0","-1","0","109894"
"True","0","True","0","True","0","-1","0","111376"
"True","0","True","0","True","0","-1","0","111666"
"True","0","True","0","True","0","-1","0","111670"
"True","1","True","0","True","0","-1","0","112864"
"True","1","True","0","True","0","-1","0","117405"
"True","12","True","0","True","0","-1","0","119290"
"True","4","True","0","True","0","-1","0","119641"
"True","4","True","0","True","0","-1","0","119650"
"True","0","True","0","True","0","-1","0","119888"
"True","9","True","0","True","0","-1","0","121214"
"True","0","True","0","True","0","-1","0","121579"
"True","0","True","0","True","0","-1","0","123183"
"True","5","True","0","True","0","-1","0","129123"
"True","0","True","0","True","0","-1","0","129305"
"True","0","True","0","True","0","-1","0","129306"
"True","1","True","0","True","0","-1","0","130161"
"True","1","True","0","True","0","-1","0","131908"
"True","0","True","0","True","0","-1","0","132995"
"True","0","True","0","True","0","-1","0","134820"
"True","1","True","0","True","0","-1","0","134822"
"True","0","True","0","True","0","-1","-323710009","135193"
"True","2","True","0","True","0","-1","0","135713"
"True","4","True","0","True","0","-1","0","136058"
"True","1","True","0","True","0","-1","0","136116"
"True","1","True","0","True","0","-1","0","136136"
"True","0","True","0","True","0","-1","0","136415"
"True","1","True","0","True","0","-1","0","136441"
"True","1","True","0","True","0","-1","0","136900"
"True","1","True","0","True","0","-1","0","136932"
"True","1","True","0","True","0","-1","0","136936"
"True","1","True","0","True","0","-1","0","137439"
"True","4","True","0","True","0","-1","0","139272"
"True","1","True","0","True","0","-1","0","139469"
"True","7","True","0","True","0","-1","0","139965"
"True","4","True","0","True","0","-1","0","140638"
"True","1","True","0","True","0","-1","0","140652"
"True","8","True","0","True","0","-1","0","140709"
"True","0","True","0","True","0","-1","0","146619"
"True","1","True","0","True","0","-1","0","148534"
"True","1","True","0","True","0","-1","0","148899"
"True","1","True","0","True","0","-1","0","148907"
"True","1","True","0","True","0","-1","0","148908"
"True","1","True","1","True","0","-1","-1726420118","149898"
"True","4","True","0","True","0","-1","0","153670"
"True","0","True","1","True","0","-1","1423210174","154587"
"True","0","True","0","True","0","-1","0","157882"
"True","0","True","0","True","0","-1","0","158593"
"True","0","True","0","True","0","-1","0","161011"
"True","7","True","0","True","0","-1","0","161472"
"True","10","True","2","True","0","-1","-1028793671","161961"
"True","1","True","0","True","0","-1","0","162790"
"True","0","True","2","True","0","-1","-997363009","165797"
"True","8","True","0","True","0","-1","0","166640"
"True","1","True","0","True","0","-1","0","167721"
"True","0","True","0","True","0","-1","0","168196"
"True","1","True","0","True","0","-1","0","168230"
"True","0","True","0","True","0","-1","0","169477"
"True","1","True","0","True","0","-1","0","170375"
"True","1","True","1","True","0","-1","0","171189"
"True","9","True","0","True","0","-1","0","172909"
"True","1","True","0","True","0","-1","0","174434"
"True","1","True","0","True","0","-1","0","174449"
"True","0","True","0","True","0","-1","0","174516"
"True","1","True","0","True","0","-1","0","174530"
"True","0","True","0","True","0","-1","0","174555"
"True","0","True","0","True","0","-1","0","174560"
"True","0","True","0","True","0","-1","0","174665"
"True","9","True","0","True","0","-1","0","178152"
"True","7","True","0","True","0","-1","0","180517"
"True","0","True","0","True","0","-1","0","180550"
"True","6","True","0","True","0","-1","0","181644"
"True","1","True","0","True","0","-1","0","182875"
"True","7","True","0","True","0","-1","0","182944"
"True","2","True","0","True","0","-1","0","182976"
"True","1","True","0","True","0","-1","0","183800"
"True","0","True","0","True","0","-1","0","185217"
"True","0","True","0","True","0","-1","0","185247"
"True","1","True","0","True","0","-1","0","186552"
"True","0","True","0","True","0","-1","0","189259"
"True","0","True","0","True","0","-1","0","189910"
"True","0","True","0","True","0","-1","0","192640"
"True","3","True","0","True","0","-1","0","192687"
"True","0","True","0","True","0","-1","-323710009","194231"
"True","0","True","0","True","0","-1","0","194238"
"True","0","True","0","True","0","-1","0","194240"
"True","1","True","0","True","0","-1","0","195200"
"True","0","True","0","True","0","-1","0","195997"
"True","0","True","0","True","0","-1","0","196036"
"True","0","True","0","True","0","-1","0","196222"
"True","11","True","0","True","0","-1","0","196292"
"True","0","True","0","True","0","-1","0","197622"
"True","9","True","0","True","0","-1","0","198281"
"True","1","True","1","True","0","-1","0","199388"
"True","0","True","0","True","0","-1","0","204628"
"True","5","True","0","True","0","-1","0","204674"
"True","1","True","0","True","0","-1","0","204707"
"True","9","True","0","True","0","-1","0","205399"
"True","0","True","0","True","0","-1","0","210725"
"True","0","True","0","True","0","-1","0","211471"
"True","5","True","0","True","0","-1","0","214956"
"True","0","True","0","True","0","-1","0","214957"
"True","0","True","0","True","0","-1","0","218967"
"True","0","True","0","True","0","-1","0","218970"
"True","27","True","0","True","0","-1","0","219659"
"True","0","True","0","True","0","-1","0","220804"
"True","0","True","0","True","0","-1","0","221688"
"True","0","True","0","True","0","-1","0","221689"
"True","0","True","0","True","0","-1","0","221748"
"True","0","True","0","True","0","-1","0","221749"
"True","0","True","0","True","0","-1","0","221750"
"True","0","True","0","True","0","-1","0","221751"
"True","0","True","0","True","0","-1","0","222575"
"True","1","True","0","True","0","-1","0","225850"
"True","8","True","0","True","0","-1","0","226713"
"True","1","True","0","True","0","-1","0","227206"
"True","10","True","0","True","0","-1","0","230288"
"True","1","True","0","True","0","-1","0","235229"
"True","1","True","0","True","0","-1","0","257117"
"True","0","True","0","True","0","-1","0","261712"
"True","0","True","0","True","0","-1","0","263494"
"True","0","True","0","True","0","-1","0","267412"
"True","1","True","0","True","0","-1","0","269874"
"True","0","True","0","True","0","-1","0","271233"
"True","0","True","0","True","0","-1","0","271235"
"True","1","True","0","True","0","-1","0","271533"
"True","1","True","0","True","0","-1","0","272172"
"True","1","True","0","True","0","-1","0","273257"
"True","9","True","0","True","0","-1","0","279626"
"True","8","True","0","True","0","-1","0","282460"
"True","0","True","0","True","0","-1","0","283552"
"True","0","True","0","True","0","-1","0","283566"
"True","11","True","0","True","0","-1","0","291941"
"True","1","True","0","True","0","-1","0","295225"
"True","9","True","0","True","0","-1","0","297771"
"True","11","True","0","True","0","-1","0","304235"
"True","4","True","0","True","0","-1","0","304358"
"True","23","True","0","True","0","-1","0","306549"
"True","7","True","0","True","0","-1","0","308446"
"True","7","True","0","True","0","-1","0","308549"
"True","7","True","0","True","0","-1","0","308705"
"True","1","True","0","True","0","-1","0","328484"
"True","12","True","0","True","0","-1","0","332336"
"True","0","True","0","True","0","-1","0","338600"
"True","7","True","0","True","0","-1","0","338891"
"True","0","True","0","True","0","-1","0","338944"
"True","8","True","0","True","0","-1","0","339151"
"True","8","True","0","True","0","-1","0","339160"
"True","5","True","0","True","0","-1","0","339254"
"True","0","True","0","True","0","-1","0","341037"
"True","0","True","0","True","0","-1","0","341038"
"True","0","True","0","True","0","-1","0","341040"
"True","9","True","0","True","0","-1","0","346410"
"True","9","True","0","True","0","-1","0","379962"
"True","2","True","0","True","0","-1","0","380753"
"True","8","True","0","True","0","-1","0","428493"
"True","31","True","0","True","0","-1","0","430335"
"True","2","True","0","True","0","-1","0","434649"
"True","52","True","0","True","0","-1","0","444305"
"True","1","True","0","True","0","-1","0","445896"
"True","11","True","0","True","0","-1","0","455282"
"True","9","True","0","True","0","-1","0","459976"
"True","9","True","0","True","0","-1","0","483057"