"WorldId","DRLGParamsId"
"50579","1"
"50582","2"
"50584","3"
"72636","4"
"72637","5"
"80057","6"
"102299","7"
"135193","9"
"154587","10"
"161961","11"
"165797","12"
"194231","13"
"180550","14"
"93104","15"
"81019","16"
"119888","17"
"2826","18"
"58982","19"
"58983","20"
"211471","21"
"146619","22"
"50588","23"
"123183","24"
"82370","25"
"82371","26"
"81163","27"
"81164","28"
"82502","29"
"82511","30"
"132995","31"
"136900","32"
"136932","33"
"136936","34"
"162790","35"
"82076","36"
"82313","37"
"196222","38"
"50589","39"
"2812","40"
"220804","41"
"57491","42"
"62776","43"
"62779","44"
"157882","45"
"192640","46"
"158593","47"
"218970","48"
"111666","49"
"204628","50"
"169477","52"
"194238","53"
"80589","54"
"61631","55"
"222575","56"
"50594","57"
"50596","58"
"50610","59"
"50611","60"
"50612","61"
"168196","62"
"62568","63"
"62569","64"
"161011","65"
"194240","66"
"218967","67"
"111670","68"
"79401","69"
"119641","70"
"119650","71"
"85201","72"
"80763","73"
"81934","74"
"81049","75"
"139272","76"
"189910","77"
"189259","78"
"221688","79"
"221689","80"
"136415","81"
"174516","82"
"174555","83"
"174560","84"
"174665","85"
"221748","86"
"221749","87"
"221750","88"
"221751","89"
"75434","90"
"185217","91"
"185247","92"
"197622","93"
"93099","94"
"219659","95"
"109525","96"
"109530","97"
"121579","98"
"129305","99"
"129306","100"
"210725","101"
"261712","102"
"338944","103"
"263494","104"
"338600","105"
"271233","106"
"271235","107"
"283566","108"
"283552","109"
"267412","110"
"341037","111"
"341038","112"
"341040","113"